Invalidation queue on IOMMU: dmar18
 Base: 0x1080048000	Head: 12	Tail: 12
Index		qw0			qw1			qw2			qw3			status
    0	0000000000000004	0000000000000000	0000000000000000	0000000000000000	0000000000000000
    1	0000000200000025	0000000100054404	0000000000000000	0000000000000000	0000000000000000
    2	0000000000000011	0000000000000000	0000000000000000	0000000000000000	0000000000000000
    3	0000000200000025	000000010005440c	0000000000000000	0000000000000000	0000000000000000
    4	00000000000000d2	0000000000000000	0000000000000000	0000000000000000	0000000000000000
    5	0000000200000025	0000000100054414	0000000000000000	0000000000000000	0000000000000000
    6	0000000000000014	0000000000000000	0000000000000000	0000000000000000	0000000000000000
    7	0000000200000025	000000010005441c	0000000000000000	0000000000000000	0000000000000000
    8	0000000000000014	0000000000000000	0000000000000000	0000000000000000	0000000000000000
    9	0000000200000025	0000000100054424	0000000000000000	0000000000000000	0000000000000000
   10	0000000000000014	0000000000000000	0000000000000000	0000000000000000	0000000000000000
   11	0000000200000025	000000010005442c	0000000000000000	0000000000000000	0000000000000000
   12	0000000000000000	0000000000000000	0000000000000000	0000000000000000	0000000000000000
   13	0000000000000000	0000000000000000	0000000000000000	0000000000000000	0000000000000000
   14	0000000000000000	0000000000000000	0000000000000000	0000000000000000	0000000000000000
   15	0000000000000000	0000000000000000	0000000000000000	0000000000000000	0000000000000000
   16	0000000000000000	0000000000000000	0000000000000000	0000000000000000	0000000000000000
   17	0000000000000000	0000000000000000	0000000000000000	0000000000000000	0000000000000000
   18	0000000000000000	0000000000000000	0000000000000000	0000000000000000	0000000000000000
   19	0000000000000000	0000000000000000	0000000000000000	0000000000000000	0000000000000000
   20	0000000000000000	0000000000000000	0000000000000000	0000000000000000	0000000000000000
   21	0000000000000000	0000000000000000	0000000000000000	0000000000000000	0000000000000000
   22	0000000000000000	0000000000000000	0000000000000000	0000000000000000	0000000000000000
   23	0000000000000000	0000000000000000	0000000000000000	0000000000000000	0000000000000000
   24	0000000000000000	0000000000000000	0000000000000000	0000000000000000	0000000000000000
   25	0000000000000000	0000000000000000	0000000000000000	0000000000000000	0000000000000000
   26	0000000000000000	0000000000000000	0000000000000000	0000000000000000	0000000000000000
   27	0000000000000000	0000000000000000	0000000000000000	0000000000000000	0000000000000000
   28	0000000000000000	0000000000000000	0000000000000000	0000000000000000	0000000000000000
   29	0000000000000000	0000000000000000	0000000000000000	0000000000000000	0000000000000000
   30	0000000000000000	0000000000000000	0000000000000000	0000000000000000	0000000000000000
   31	0000000000000000	0000000000000000	0000000000000000	0000000000000000	0000000000000000
   32	0000000000000000	0000000000000000	0000000000000000	0000000000000000	0000000000000000
   33	0000000000000000	0000000000000000	0000000000000000	0000000000000000	0000000000000000
   34	0000000000000000	0000000000000000	0000000000000000	0000000000000000	0000000000000000
   35	0000000000000000	0000000000000000	0000000000000000	0000000000000000	0000000000000000
   36	0000000000000000	0000000000000000	0000000000000000	0000000000000000	0000000000000000
   37	0000000000000000	0000000000000000	0000000000000000	0000000000000000	0000000000000000
   38	0000000000000000	0000000000000000	0000000000000000	0000000000000000	0000000000000000
   39	0000000000000000	0000000000000000	0000000000000000	0000000000000000	0000000000000000
   40	0000000000000000	0000000000000000	0000000000000000	0000000000000000	0000000000000000
   41	0000000000000000	0000000000000000	0000000000000000	0000000000000000	0000000000000000
   42	0000000000000000	0000000000000000	0000000000000000	0000000000000000	0000000000000000
   43	0000000000000000	0000000000000000	0000000000000000	0000000000000000	0000000000000000
   44	0000000000000000	0000000000000000	0000000000000000	0000000000000000	0000000000000000
   45	0000000000000000	0000000000000000	0000000000000000	0000000000000000	0000000000000000
   46	0000000000000000	0000000000000000	0000000000000000	0000000000000000	0000000000000000
   47	0000000000000000	0000000000000000	0000000000000000	0000000000000000	0000000000000000
   48	0000000000000000	0000000000000000	0000000000000000	0000000000000000	0000000000000000
   49	0000000000000000	0000000000000000	0000000000000000	0000000000000000	0000000000000000
   50	0000000000000000	0000000000000000	0000000000000000	0000000000000000	0000000000000000
   51	0000000000000000	0000000000000000	0000000000000000	0000000000000000	0000000000000000
   52	0000000000000000	0000000000000000	0000000000000000	0000000000000000	0000000000000000
   53	0000000000000000	0000000000000000	0000000000000000	0000000000000000	0000000000000000
   54	0000000000000000	0000000000000000	0000000000000000	0000000000000000	0000000000000000
   55	0000000000000000	0000000000000000	0000000000000000	0000000000000000	0000000000000000
   56	0000000000000000	0000000000000000	0000000000000000	0000000000000000	0000000000000000
   57	0000000000000000	0000000000000000	0000000000000000	0000000000000000	0000000000000000
   58	0000000000000000	0000000000000000	0000000000000000	0000000000000000	0000000000000000
   59	0000000000000000	0000000000000000	0000000000000000	0000000000000000	0000000000000000
   60	0000000000000000	0000000000000000	0000000000000000	0000000000000000	0000000000000000
   61	0000000000000000	0000000000000000	0000000000000000	0000000000000000	0000000000000000
   62	0000000000000000	0000000000000000	0000000000000000	0000000000000000	0000000000000000
   63	0000000000000000	0000000000000000	0000000000000000	0000000000000000	0000000000000000
   64	0000000000000000	0000000000000000	0000000000000000	0000000000000000	0000000000000000
   65	0000000000000000	0000000000000000	0000000000000000	0000000000000000	0000000000000000
   66	0000000000000000	0000000000000000	0000000000000000	0000000000000000	0000000000000000
   67	0000000000000000	0000000000000000	0000000000000000	0000000000000000	0000000000000000
   68	0000000000000000	0000000000000000	0000000000000000	0000000000000000	0000000000000000
   69	0000000000000000	0000000000000000	0000000000000000	0000000000000000	0000000000000000
   70	0000000000000000	0000000000000000	0000000000000000	0000000000000000	0000000000000000
   71	0000000000000000	0000000000000000	0000000000000000	0000000000000000	0000000000000000
   72	0000000000000000	0000000000000000	0000000000000000	0000000000000000	0000000000000000
   73	0000000000000000	0000000000000000	0000000000000000	0000000000000000	0000000000000000
   74	0000000000000000	0000000000000000	0000000000000000	0000000000000000	0000000000000000
   75	0000000000000000	0000000000000000	0000000000000000	0000000000000000	0000000000000000
   76	0000000000000000	0000000000000000	0000000000000000	0000000000000000	0000000000000000
   77	0000000000000000	0000000000000000	0000000000000000	0000000000000000	0000000000000000
   78	0000000000000000	0000000000000000	0000000000000000	0000000000000000	0000000000000000
   79	0000000000000000	0000000000000000	0000000000000000	0000000000000000	0000000000000000
   80	0000000000000000	0000000000000000	0000000000000000	0000000000000000	0000000000000000
   81	0000000000000000	0000000000000000	0000000000000000	0000000000000000	0000000000000000
   82	0000000000000000	0000000000000000	0000000000000000	0000000000000000	0000000000000000
   83	0000000000000000	0000000000000000	0000000000000000	0000000000000000	0000000000000000
   84	0000000000000000	0000000000000000	0000000000000000	0000000000000000	0000000000000000
   85	0000000000000000	0000000000000000	0000000000000000	0000000000000000	0000000000000000
   86	0000000000000000	0000000000000000	0000000000000000	0000000000000000	0000000000000000
   87	0000000000000000	0000000000000000	0000000000000000	0000000000000000	0000000000000000
   88	0000000000000000	0000000000000000	0000000000000000	0000000000000000	0000000000000000
   89	0000000000000000	0000000000000000	0000000000000000	0000000000000000	0000000000000000
   90	0000000000000000	0000000000000000	0000000000000000	0000000000000000	0000000000000000
   91	0000000000000000	0000000000000000	0000000000000000	0000000000000000	0000000000000000
   92	0000000000000000	0000000000000000	0000000000000000	0000000000000000	0000000000000000
   93	0000000000000000	0000000000000000	0000000000000000	0000000000000000	0000000000000000
   94	0000000000000000	0000000000000000	0000000000000000	0000000000000000	0000000000000000
   95	0000000000000000	0000000000000000	0000000000000000	0000000000000000	0000000000000000
   96	0000000000000000	0000000000000000	0000000000000000	0000000000000000	0000000000000000
   97	0000000000000000	0000000000000000	0000000000000000	0000000000000000	0000000000000000
   98	0000000000000000	0000000000000000	0000000000000000	0000000000000000	0000000000000000
   99	0000000000000000	0000000000000000	0000000000000000	0000000000000000	0000000000000000
  100	0000000000000000	0000000000000000	0000000000000000	0000000000000000	0000000000000000
  101	0000000000000000	0000000000000000	0000000000000000	0000000000000000	0000000000000000
  102	0000000000000000	0000000000000000	0000000000000000	0000000000000000	0000000000000000
  103	0000000000000000	0000000000000000	0000000000000000	0000000000000000	0000000000000000
  104	0000000000000000	0000000000000000	0000000000000000	0000000000000000	0000000000000000
  105	0000000000000000	0000000000000000	0000000000000000	0000000000000000	0000000000000000
  106	0000000000000000	0000000000000000	0000000000000000	0000000000000000	0000000000000000
  107	0000000000000000	0000000000000000	0000000000000000	0000000000000000	0000000000000000
  108	0000000000000000	0000000000000000	0000000000000000	0000000000000000	0000000000000000
  109	0000000000000000	0000000000000000	0000000000000000	0000000000000000	0000000000000000
  110	0000000000000000	0000000000000000	0000000000000000	0000000000000000	0000000000000000
  111	0000000000000000	0000000000000000	0000000000000000	0000000000000000	0000000000000000
  112	0000000000000000	0000000000000000	0000000000000000	0000000000000000	0000000000000000
  113	0000000000000000	0000000000000000	0000000000000000	0000000000000000	0000000000000000
  114	0000000000000000	0000000000000000	0000000000000000	0000000000000000	0000000000000000
  115	0000000000000000	0000000000000000	0000000000000000	0000000000000000	0000000000000000
  116	0000000000000000	0000000000000000	0000000000000000	0000000000000000	0000000000000000
  117	0000000000000000	0000000000000000	0000000000000000	0000000000000000	0000000000000000
  118	0000000000000000	0000000000000000	0000000000000000	0000000000000000	0000000000000000
  119	0000000000000000	0000000000000000	0000000000000000	0000000000000000	0000000000000000
  120	0000000000000000	0000000000000000	0000000000000000	0000000000000000	0000000000000000
  121	0000000000000000	0000000000000000	0000000000000000	0000000000000000	0000000000000000
  122	0000000000000000	0000000000000000	0000000000000000	0000000000000000	0000000000000000
  123	0000000000000000	0000000000000000	0000000000000000	0000000000000000	0000000000000000
  124	0000000000000000	0000000000000000	0000000000000000	0000000000000000	0000000000000000
  125	0000000000000000	0000000000000000	0000000000000000	0000000000000000	0000000000000000
  126	0000000000000000	0000000000000000	0000000000000000	0000000000000000	0000000000000000
  127	0000000000000000	0000000000000000	0000000000000000	0000000000000000	0000000000000000
  128	0000000000000000	0000000000000000	0000000000000000	0000000000000000	0000000000000000
  129	0000000000000000	0000000000000000	0000000000000000	0000000000000000	0000000000000000
  130	0000000000000000	0000000000000000	0000000000000000	0000000000000000	0000000000000000
  131	0000000000000000	0000000000000000	0000000000000000	0000000000000000	0000000000000000
  132	0000000000000000	0000000000000000	0000000000000000	0000000000000000	0000000000000000
  133	0000000000000000	0000000000000000	0000000000000000	0000000000000000	0000000000000000
  134	0000000000000000	0000000000000000	0000000000000000	0000000000000000	0000000000000000
  135	0000000000000000	0000000000000000	0000000000000000	0000000000000000	0000000000000000
  136	0000000000000000	0000000000000000	0000000000000000	0000000000000000	0000000000000000
  137	0000000000000000	0000000000000000	0000000000000000	0000000000000000	0000000000000000
  138	0000000000000000	0000000000000000	0000000000000000	0000000000000000	0000000000000000
  139	0000000000000000	0000000000000000	0000000000000000	0000000000000000	0000000000000000
  140	0000000000000000	0000000000000000	0000000000000000	0000000000000000	0000000000000000
  141	0000000000000000	0000000000000000	0000000000000000	0000000000000000	0000000000000000
  142	0000000000000000	0000000000000000	0000000000000000	0000000000000000	0000000000000000
  143	0000000000000000	0000000000000000	0000000000000000	0000000000000000	0000000000000000
  144	0000000000000000	0000000000000000	0000000000000000	0000000000000000	0000000000000000
  145	0000000000000000	0000000000000000	0000000000000000	0000000000000000	0000000000000000
  146	0000000000000000	0000000000000000	0000000000000000	0000000000000000	0000000000000000
  147	0000000000000000	0000000000000000	0000000000000000	0000000000000000	0000000000000000
  148	0000000000000000	0000000000000000	0000000000000000	0000000000000000	0000000000000000
  149	0000000000000000	0000000000000000	0000000000000000	0000000000000000	0000000000000000
  150	0000000000000000	0000000000000000	0000000000000000	0000000000000000	0000000000000000
  151	0000000000000000	0000000000000000	0000000000000000	0000000000000000	0000000000000000
  152	0000000000000000	0000000000000000	0000000000000000	0000000000000000	0000000000000000
  153	0000000000000000	0000000000000000	0000000000000000	0000000000000000	0000000000000000
  154	0000000000000000	0000000000000000	0000000000000000	0000000000000000	0000000000000000
  155	0000000000000000	0000000000000000	0000000000000000	0000000000000000	0000000000000000
  156	0000000000000000	0000000000000000	0000000000000000	0000000000000000	0000000000000000
  157	0000000000000000	0000000000000000	0000000000000000	0000000000000000	0000000000000000
  158	0000000000000000	0000000000000000	0000000000000000	0000000000000000	0000000000000000
  159	0000000000000000	0000000000000000	0000000000000000	0000000000000000	0000000000000000
  160	0000000000000000	0000000000000000	0000000000000000	0000000000000000	0000000000000000
  161	0000000000000000	0000000000000000	0000000000000000	0000000000000000	0000000000000000
  162	0000000000000000	0000000000000000	0000000000000000	0000000000000000	0000000000000000
  163	0000000000000000	0000000000000000	0000000000000000	0000000000000000	0000000000000000
  164	0000000000000000	0000000000000000	0000000000000000	0000000000000000	0000000000000000
  165	0000000000000000	0000000000000000	0000000000000000	0000000000000000	0000000000000000
  166	0000000000000000	0000000000000000	0000000000000000	0000000000000000	0000000000000000
  167	0000000000000000	0000000000000000	0000000000000000	0000000000000000	0000000000000000
  168	0000000000000000	0000000000000000	0000000000000000	0000000000000000	0000000000000000
  169	0000000000000000	0000000000000000	0000000000000000	0000000000000000	0000000000000000
  170	0000000000000000	0000000000000000	0000000000000000	0000000000000000	0000000000000000
  171	0000000000000000	0000000000000000	0000000000000000	0000000000000000	0000000000000000
  172	0000000000000000	0000000000000000	0000000000000000	0000000000000000	0000000000000000
  173	0000000000000000	0000000000000000	0000000000000000	0000000000000000	0000000000000000
  174	0000000000000000	0000000000000000	0000000000000000	0000000000000000	0000000000000000
  175	0000000000000000	0000000000000000	0000000000000000	0000000000000000	0000000000000000
  176	0000000000000000	0000000000000000	0000000000000000	0000000000000000	0000000000000000
  177	0000000000000000	0000000000000000	0000000000000000	0000000000000000	0000000000000000
  178	0000000000000000	0000000000000000	0000000000000000	0000000000000000	0000000000000000
  179	0000000000000000	0000000000000000	0000000000000000	0000000000000000	0000000000000000
  180	0000000000000000	0000000000000000	0000000000000000	0000000000000000	0000000000000000
  181	0000000000000000	0000000000000000	0000000000000000	0000000000000000	0000000000000000
  182	0000000000000000	0000000000000000	0000000000000000	0000000000000000	0000000000000000
  183	0000000000000000	0000000000000000	0000000000000000	0000000000000000	0000000000000000
  184	0000000000000000	0000000000000000	0000000000000000	0000000000000000	0000000000000000
  185	0000000000000000	0000000000000000	0000000000000000	0000000000000000	0000000000000000
  186	0000000000000000	0000000000000000	0000000000000000	0000000000000000	0000000000000000
  187	0000000000000000	0000000000000000	0000000000000000	0000000000000000	0000000000000000
  188	0000000000000000	0000000000000000	0000000000000000	0000000000000000	0000000000000000
  189	0000000000000000	0000000000000000	0000000000000000	0000000000000000	0000000000000000
  190	0000000000000000	0000000000000000	0000000000000000	0000000000000000	0000000000000000
  191	0000000000000000	0000000000000000	0000000000000000	0000000000000000	0000000000000000
  192	0000000000000000	0000000000000000	0000000000000000	0000000000000000	0000000000000000
  193	0000000000000000	0000000000000000	0000000000000000	0000000000000000	0000000000000000
  194	0000000000000000	0000000000000000	0000000000000000	0000000000000000	0000000000000000
  195	0000000000000000	0000000000000000	0000000000000000	0000000000000000	0000000000000000
  196	0000000000000000	0000000000000000	0000000000000000	0000000000000000	0000000000000000
  197	0000000000000000	0000000000000000	0000000000000000	0000000000000000	0000000000000000
  198	0000000000000000	0000000000000000	0000000000000000	0000000000000000	0000000000000000
  199	0000000000000000	0000000000000000	0000000000000000	0000000000000000	0000000000000000
  200	0000000000000000	0000000000000000	0000000000000000	0000000000000000	0000000000000000
  201	0000000000000000	0000000000000000	0000000000000000	0000000000000000	0000000000000000
  202	0000000000000000	0000000000000000	0000000000000000	0000000000000000	0000000000000000
  203	0000000000000000	0000000000000000	0000000000000000	0000000000000000	0000000000000000
  204	0000000000000000	0000000000000000	0000000000000000	0000000000000000	0000000000000000
  205	0000000000000000	0000000000000000	0000000000000000	0000000000000000	0000000000000000
  206	0000000000000000	0000000000000000	0000000000000000	0000000000000000	0000000000000000
  207	0000000000000000	0000000000000000	0000000000000000	0000000000000000	0000000000000000
  208	0000000000000000	0000000000000000	0000000000000000	0000000000000000	0000000000000000
  209	0000000000000000	0000000000000000	0000000000000000	0000000000000000	0000000000000000
  210	0000000000000000	0000000000000000	0000000000000000	0000000000000000	0000000000000000
  211	0000000000000000	0000000000000000	0000000000000000	0000000000000000	0000000000000000
  212	0000000000000000	0000000000000000	0000000000000000	0000000000000000	0000000000000000
  213	0000000000000000	0000000000000000	0000000000000000	0000000000000000	0000000000000000
  214	0000000000000000	0000000000000000	0000000000000000	0000000000000000	0000000000000000
  215	0000000000000000	0000000000000000	0000000000000000	0000000000000000	0000000000000000
  216	0000000000000000	0000000000000000	0000000000000000	0000000000000000	0000000000000000
  217	0000000000000000	0000000000000000	0000000000000000	0000000000000000	0000000000000000
  218	0000000000000000	0000000000000000	0000000000000000	0000000000000000	0000000000000000
  219	0000000000000000	0000000000000000	0000000000000000	0000000000000000	0000000000000000
  220	0000000000000000	0000000000000000	0000000000000000	0000000000000000	0000000000000000
  221	0000000000000000	0000000000000000	0000000000000000	0000000000000000	0000000000000000
  222	0000000000000000	0000000000000000	0000000000000000	0000000000000000	0000000000000000
  223	0000000000000000	0000000000000000	0000000000000000	0000000000000000	0000000000000000
  224	0000000000000000	0000000000000000	0000000000000000	0000000000000000	0000000000000000
  225	0000000000000000	0000000000000000	0000000000000000	0000000000000000	0000000000000000
  226	0000000000000000	0000000000000000	0000000000000000	0000000000000000	0000000000000000
  227	0000000000000000	0000000000000000	0000000000000000	0000000000000000	0000000000000000
  228	0000000000000000	0000000000000000	0000000000000000	0000000000000000	0000000000000000
  229	0000000000000000	0000000000000000	0000000000000000	0000000000000000	0000000000000000
  230	0000000000000000	0000000000000000	0000000000000000	0000000000000000	0000000000000000
  231	0000000000000000	0000000000000000	0000000000000000	0000000000000000	0000000000000000
  232	0000000000000000	0000000000000000	0000000000000000	0000000000000000	0000000000000000
  233	0000000000000000	0000000000000000	0000000000000000	0000000000000000	0000000000000000
  234	0000000000000000	0000000000000000	0000000000000000	0000000000000000	0000000000000000
  235	0000000000000000	0000000000000000	0000000000000000	0000000000000000	0000000000000000
  236	0000000000000000	0000000000000000	0000000000000000	0000000000000000	0000000000000000
  237	0000000000000000	0000000000000000	0000000000000000	0000000000000000	0000000000000000
  238	0000000000000000	0000000000000000	0000000000000000	0000000000000000	0000000000000000
  239	0000000000000000	0000000000000000	0000000000000000	0000000000000000	0000000000000000
  240	0000000000000000	0000000000000000	0000000000000000	0000000000000000	0000000000000000
  241	0000000000000000	0000000000000000	0000000000000000	0000000000000000	0000000000000000
  242	0000000000000000	0000000000000000	0000000000000000	0000000000000000	0000000000000000
  243	0000000000000000	0000000000000000	0000000000000000	0000000000000000	0000000000000000
  244	0000000000000000	0000000000000000	0000000000000000	0000000000000000	0000000000000000
  245	0000000000000000	0000000000000000	0000000000000000	0000000000000000	0000000000000000
  246	0000000000000000	0000000000000000	0000000000000000	0000000000000000	0000000000000000
  247	0000000000000000	0000000000000000	0000000000000000	0000000000000000	0000000000000000
  248	0000000000000000	0000000000000000	0000000000000000	0000000000000000	0000000000000000
  249	0000000000000000	0000000000000000	0000000000000000	0000000000000000	0000000000000000
  250	0000000000000000	0000000000000000	0000000000000000	0000000000000000	0000000000000000
  251	0000000000000000	0000000000000000	0000000000000000	0000000000000000	0000000000000000
  252	0000000000000000	0000000000000000	0000000000000000	0000000000000000	0000000000000000
  253	0000000000000000	0000000000000000	0000000000000000	0000000000000000	0000000000000000
  254	0000000000000000	0000000000000000	0000000000000000	0000000000000000	0000000000000000
  255	0000000000000000	0000000000000000	0000000000000000	0000000000000000	0000000000000000

Invalidation queue on IOMMU: dmar17
 Base: 0x108004a000	Head: 12	Tail: 12
Index		qw0			qw1			qw2			qw3			status
    0	0000000000000004	0000000000000000	0000000000000000	0000000000000000	0000000000000000
    1	0000000200000025	0000000100054804	0000000000000000	0000000000000000	0000000000000000
    2	0000000000000011	0000000000000000	0000000000000000	0000000000000000	0000000000000000
    3	0000000200000025	000000010005480c	0000000000000000	0000000000000000	0000000000000000
    4	00000000000000d2	0000000000000000	0000000000000000	0000000000000000	0000000000000000
    5	0000000200000025	0000000100054814	0000000000000000	0000000000000000	0000000000000000
    6	0000000000000014	0000000000000000	0000000000000000	0000000000000000	0000000000000000
    7	0000000200000025	000000010005481c	0000000000000000	0000000000000000	0000000000000000
    8	0000000000000014	0000000000000000	0000000000000000	0000000000000000	0000000000000000
    9	0000000200000025	0000000100054824	0000000000000000	0000000000000000	0000000000000000
   10	0000000000000014	0000000000000000	0000000000000000	0000000000000000	0000000000000000
   11	0000000200000025	000000010005482c	0000000000000000	0000000000000000	0000000000000000
   12	0000000000000000	0000000000000000	0000000000000000	0000000000000000	0000000000000000
   13	0000000000000000	0000000000000000	0000000000000000	0000000000000000	0000000000000000
   14	0000000000000000	0000000000000000	0000000000000000	0000000000000000	0000000000000000
   15	0000000000000000	0000000000000000	0000000000000000	0000000000000000	0000000000000000
   16	0000000000000000	0000000000000000	0000000000000000	0000000000000000	0000000000000000
   17	0000000000000000	0000000000000000	0000000000000000	0000000000000000	0000000000000000
   18	0000000000000000	0000000000000000	0000000000000000	0000000000000000	0000000000000000
   19	0000000000000000	0000000000000000	0000000000000000	0000000000000000	0000000000000000
   20	0000000000000000	0000000000000000	0000000000000000	0000000000000000	0000000000000000
   21	0000000000000000	0000000000000000	0000000000000000	0000000000000000	0000000000000000
   22	0000000000000000	0000000000000000	0000000000000000	0000000000000000	0000000000000000
   23	0000000000000000	0000000000000000	0000000000000000	0000000000000000	0000000000000000
   24	0000000000000000	0000000000000000	0000000000000000	0000000000000000	0000000000000000
   25	0000000000000000	0000000000000000	0000000000000000	0000000000000000	0000000000000000
   26	0000000000000000	0000000000000000	0000000000000000	0000000000000000	0000000000000000
   27	0000000000000000	0000000000000000	0000000000000000	0000000000000000	0000000000000000
   28	0000000000000000	0000000000000000	0000000000000000	0000000000000000	0000000000000000
   29	0000000000000000	0000000000000000	0000000000000000	0000000000000000	0000000000000000
   30	0000000000000000	0000000000000000	0000000000000000	0000000000000000	0000000000000000
   31	0000000000000000	0000000000000000	0000000000000000	0000000000000000	0000000000000000
   32	0000000000000000	0000000000000000	0000000000000000	0000000000000000	0000000000000000
   33	0000000000000000	0000000000000000	0000000000000000	0000000000000000	0000000000000000
   34	0000000000000000	0000000000000000	0000000000000000	0000000000000000	0000000000000000
   35	0000000000000000	0000000000000000	0000000000000000	0000000000000000	0000000000000000
   36	0000000000000000	0000000000000000	0000000000000000	0000000000000000	0000000000000000
   37	0000000000000000	0000000000000000	0000000000000000	0000000000000000	0000000000000000
   38	0000000000000000	0000000000000000	0000000000000000	0000000000000000	0000000000000000
   39	0000000000000000	0000000000000000	0000000000000000	0000000000000000	0000000000000000
   40	0000000000000000	0000000000000000	0000000000000000	0000000000000000	0000000000000000
   41	0000000000000000	0000000000000000	0000000000000000	0000000000000000	0000000000000000
   42	0000000000000000	0000000000000000	0000000000000000	0000000000000000	0000000000000000
   43	0000000000000000	0000000000000000	0000000000000000	0000000000000000	0000000000000000
   44	0000000000000000	0000000000000000	0000000000000000	0000000000000000	0000000000000000
   45	0000000000000000	0000000000000000	0000000000000000	0000000000000000	0000000000000000
   46	0000000000000000	0000000000000000	0000000000000000	0000000000000000	0000000000000000
   47	0000000000000000	0000000000000000	0000000000000000	0000000000000000	0000000000000000
   48	0000000000000000	0000000000000000	0000000000000000	0000000000000000	0000000000000000
   49	0000000000000000	0000000000000000	0000000000000000	0000000000000000	0000000000000000
   50	0000000000000000	0000000000000000	0000000000000000	0000000000000000	0000000000000000
   51	0000000000000000	0000000000000000	0000000000000000	0000000000000000	0000000000000000
   52	0000000000000000	0000000000000000	0000000000000000	0000000000000000	0000000000000000
   53	0000000000000000	0000000000000000	0000000000000000	0000000000000000	0000000000000000
   54	0000000000000000	0000000000000000	0000000000000000	0000000000000000	0000000000000000
   55	0000000000000000	0000000000000000	0000000000000000	0000000000000000	0000000000000000
   56	0000000000000000	0000000000000000	0000000000000000	0000000000000000	0000000000000000
   57	0000000000000000	0000000000000000	0000000000000000	0000000000000000	0000000000000000
   58	0000000000000000	0000000000000000	0000000000000000	0000000000000000	0000000000000000
   59	0000000000000000	0000000000000000	0000000000000000	0000000000000000	0000000000000000
   60	0000000000000000	0000000000000000	0000000000000000	0000000000000000	0000000000000000
   61	0000000000000000	0000000000000000	0000000000000000	0000000000000000	0000000000000000
   62	0000000000000000	0000000000000000	0000000000000000	0000000000000000	0000000000000000
   63	0000000000000000	0000000000000000	0000000000000000	0000000000000000	0000000000000000
   64	0000000000000000	0000000000000000	0000000000000000	0000000000000000	0000000000000000
   65	0000000000000000	0000000000000000	0000000000000000	0000000000000000	0000000000000000
   66	0000000000000000	0000000000000000	0000000000000000	0000000000000000	0000000000000000
   67	0000000000000000	0000000000000000	0000000000000000	0000000000000000	0000000000000000
   68	0000000000000000	0000000000000000	0000000000000000	0000000000000000	0000000000000000
   69	0000000000000000	0000000000000000	0000000000000000	0000000000000000	0000000000000000
   70	0000000000000000	0000000000000000	0000000000000000	0000000000000000	0000000000000000
   71	0000000000000000	0000000000000000	0000000000000000	0000000000000000	0000000000000000
   72	0000000000000000	0000000000000000	0000000000000000	0000000000000000	0000000000000000
   73	0000000000000000	0000000000000000	0000000000000000	0000000000000000	0000000000000000
   74	0000000000000000	0000000000000000	0000000000000000	0000000000000000	0000000000000000
   75	0000000000000000	0000000000000000	0000000000000000	0000000000000000	0000000000000000
   76	0000000000000000	0000000000000000	0000000000000000	0000000000000000	0000000000000000
   77	0000000000000000	0000000000000000	0000000000000000	0000000000000000	0000000000000000
   78	0000000000000000	0000000000000000	0000000000000000	0000000000000000	0000000000000000
   79	0000000000000000	0000000000000000	0000000000000000	0000000000000000	0000000000000000
   80	0000000000000000	0000000000000000	0000000000000000	0000000000000000	0000000000000000
   81	0000000000000000	0000000000000000	0000000000000000	0000000000000000	0000000000000000
   82	0000000000000000	0000000000000000	0000000000000000	0000000000000000	0000000000000000
   83	0000000000000000	0000000000000000	0000000000000000	0000000000000000	0000000000000000
   84	0000000000000000	0000000000000000	0000000000000000	0000000000000000	0000000000000000
   85	0000000000000000	0000000000000000	0000000000000000	0000000000000000	0000000000000000
   86	0000000000000000	0000000000000000	0000000000000000	0000000000000000	0000000000000000
   87	0000000000000000	0000000000000000	0000000000000000	0000000000000000	0000000000000000
   88	0000000000000000	0000000000000000	0000000000000000	0000000000000000	0000000000000000
   89	0000000000000000	0000000000000000	0000000000000000	0000000000000000	0000000000000000
   90	0000000000000000	0000000000000000	0000000000000000	0000000000000000	0000000000000000
   91	0000000000000000	0000000000000000	0000000000000000	0000000000000000	0000000000000000
   92	0000000000000000	0000000000000000	0000000000000000	0000000000000000	0000000000000000
   93	0000000000000000	0000000000000000	0000000000000000	0000000000000000	0000000000000000
   94	0000000000000000	0000000000000000	0000000000000000	0000000000000000	0000000000000000
   95	0000000000000000	0000000000000000	0000000000000000	0000000000000000	0000000000000000
   96	0000000000000000	0000000000000000	0000000000000000	0000000000000000	0000000000000000
   97	0000000000000000	0000000000000000	0000000000000000	0000000000000000	0000000000000000
   98	0000000000000000	0000000000000000	0000000000000000	0000000000000000	0000000000000000
   99	0000000000000000	0000000000000000	0000000000000000	0000000000000000	0000000000000000
  100	0000000000000000	0000000000000000	0000000000000000	0000000000000000	0000000000000000
  101	0000000000000000	0000000000000000	0000000000000000	0000000000000000	0000000000000000
  102	0000000000000000	0000000000000000	0000000000000000	0000000000000000	0000000000000000
  103	0000000000000000	0000000000000000	0000000000000000	0000000000000000	0000000000000000
  104	0000000000000000	0000000000000000	0000000000000000	0000000000000000	0000000000000000
  105	0000000000000000	0000000000000000	0000000000000000	0000000000000000	0000000000000000
  106	0000000000000000	0000000000000000	0000000000000000	0000000000000000	0000000000000000
  107	0000000000000000	0000000000000000	0000000000000000	0000000000000000	0000000000000000
  108	0000000000000000	0000000000000000	0000000000000000	0000000000000000	0000000000000000
  109	0000000000000000	0000000000000000	0000000000000000	0000000000000000	0000000000000000
  110	0000000000000000	0000000000000000	0000000000000000	0000000000000000	0000000000000000
  111	0000000000000000	0000000000000000	0000000000000000	0000000000000000	0000000000000000
  112	0000000000000000	0000000000000000	0000000000000000	0000000000000000	0000000000000000
  113	0000000000000000	0000000000000000	0000000000000000	0000000000000000	0000000000000000
  114	0000000000000000	0000000000000000	0000000000000000	0000000000000000	0000000000000000
  115	0000000000000000	0000000000000000	0000000000000000	0000000000000000	0000000000000000
  116	0000000000000000	0000000000000000	0000000000000000	0000000000000000	0000000000000000
  117	0000000000000000	0000000000000000	0000000000000000	0000000000000000	0000000000000000
  118	0000000000000000	0000000000000000	0000000000000000	0000000000000000	0000000000000000
  119	0000000000000000	0000000000000000	0000000000000000	0000000000000000	0000000000000000
  120	0000000000000000	0000000000000000	0000000000000000	0000000000000000	0000000000000000
  121	0000000000000000	0000000000000000	0000000000000000	0000000000000000	0000000000000000
  122	0000000000000000	0000000000000000	0000000000000000	0000000000000000	0000000000000000
  123	0000000000000000	0000000000000000	0000000000000000	0000000000000000	0000000000000000
  124	0000000000000000	0000000000000000	0000000000000000	0000000000000000	0000000000000000
  125	0000000000000000	0000000000000000	0000000000000000	0000000000000000	0000000000000000
  126	0000000000000000	0000000000000000	0000000000000000	0000000000000000	0000000000000000
  127	0000000000000000	0000000000000000	0000000000000000	0000000000000000	0000000000000000
  128	0000000000000000	0000000000000000	0000000000000000	0000000000000000	0000000000000000
  129	0000000000000000	0000000000000000	0000000000000000	0000000000000000	0000000000000000
  130	0000000000000000	0000000000000000	0000000000000000	0000000000000000	0000000000000000
  131	0000000000000000	0000000000000000	0000000000000000	0000000000000000	0000000000000000
  132	0000000000000000	0000000000000000	0000000000000000	0000000000000000	0000000000000000
  133	0000000000000000	0000000000000000	0000000000000000	0000000000000000	0000000000000000
  134	0000000000000000	0000000000000000	0000000000000000	0000000000000000	0000000000000000
  135	0000000000000000	0000000000000000	0000000000000000	0000000000000000	0000000000000000
  136	0000000000000000	0000000000000000	0000000000000000	0000000000000000	0000000000000000
  137	0000000000000000	0000000000000000	0000000000000000	0000000000000000	0000000000000000
  138	0000000000000000	0000000000000000	0000000000000000	0000000000000000	0000000000000000
  139	0000000000000000	0000000000000000	0000000000000000	0000000000000000	0000000000000000
  140	0000000000000000	0000000000000000	0000000000000000	0000000000000000	0000000000000000
  141	0000000000000000	0000000000000000	0000000000000000	0000000000000000	0000000000000000
  142	0000000000000000	0000000000000000	0000000000000000	0000000000000000	0000000000000000
  143	0000000000000000	0000000000000000	0000000000000000	0000000000000000	0000000000000000
  144	0000000000000000	0000000000000000	0000000000000000	0000000000000000	0000000000000000
  145	0000000000000000	0000000000000000	0000000000000000	0000000000000000	0000000000000000
  146	0000000000000000	0000000000000000	0000000000000000	0000000000000000	0000000000000000
  147	0000000000000000	0000000000000000	0000000000000000	0000000000000000	0000000000000000
  148	0000000000000000	0000000000000000	0000000000000000	0000000000000000	0000000000000000
  149	0000000000000000	0000000000000000	0000000000000000	0000000000000000	0000000000000000
  150	0000000000000000	0000000000000000	0000000000000000	0000000000000000	0000000000000000
  151	0000000000000000	0000000000000000	0000000000000000	0000000000000000	0000000000000000
  152	0000000000000000	0000000000000000	0000000000000000	0000000000000000	0000000000000000
  153	0000000000000000	0000000000000000	0000000000000000	0000000000000000	0000000000000000
  154	0000000000000000	0000000000000000	0000000000000000	0000000000000000	0000000000000000
  155	0000000000000000	0000000000000000	0000000000000000	0000000000000000	0000000000000000
  156	0000000000000000	0000000000000000	0000000000000000	0000000000000000	0000000000000000
  157	0000000000000000	0000000000000000	0000000000000000	0000000000000000	0000000000000000
  158	0000000000000000	0000000000000000	0000000000000000	0000000000000000	0000000000000000
  159	0000000000000000	0000000000000000	0000000000000000	0000000000000000	0000000000000000
  160	0000000000000000	0000000000000000	0000000000000000	0000000000000000	0000000000000000
  161	0000000000000000	0000000000000000	0000000000000000	0000000000000000	0000000000000000
  162	0000000000000000	0000000000000000	0000000000000000	0000000000000000	0000000000000000
  163	0000000000000000	0000000000000000	0000000000000000	0000000000000000	0000000000000000
  164	0000000000000000	0000000000000000	0000000000000000	0000000000000000	0000000000000000
  165	0000000000000000	0000000000000000	0000000000000000	0000000000000000	0000000000000000
  166	0000000000000000	0000000000000000	0000000000000000	0000000000000000	0000000000000000
  167	0000000000000000	0000000000000000	0000000000000000	0000000000000000	0000000000000000
  168	0000000000000000	0000000000000000	0000000000000000	0000000000000000	0000000000000000
  169	0000000000000000	0000000000000000	0000000000000000	0000000000000000	0000000000000000
  170	0000000000000000	0000000000000000	0000000000000000	0000000000000000	0000000000000000
  171	0000000000000000	0000000000000000	0000000000000000	0000000000000000	0000000000000000
  172	0000000000000000	0000000000000000	0000000000000000	0000000000000000	0000000000000000
  173	0000000000000000	0000000000000000	0000000000000000	0000000000000000	0000000000000000
  174	0000000000000000	0000000000000000	0000000000000000	0000000000000000	0000000000000000
  175	0000000000000000	0000000000000000	0000000000000000	0000000000000000	0000000000000000
  176	0000000000000000	0000000000000000	0000000000000000	0000000000000000	0000000000000000
  177	0000000000000000	0000000000000000	0000000000000000	0000000000000000	0000000000000000
  178	0000000000000000	0000000000000000	0000000000000000	0000000000000000	0000000000000000
  179	0000000000000000	0000000000000000	0000000000000000	0000000000000000	0000000000000000
  180	0000000000000000	0000000000000000	0000000000000000	0000000000000000	0000000000000000
  181	0000000000000000	0000000000000000	0000000000000000	0000000000000000	0000000000000000
  182	0000000000000000	0000000000000000	0000000000000000	0000000000000000	0000000000000000
  183	0000000000000000	0000000000000000	0000000000000000	0000000000000000	0000000000000000
  184	0000000000000000	0000000000000000	0000000000000000	0000000000000000	0000000000000000
  185	0000000000000000	0000000000000000	0000000000000000	0000000000000000	0000000000000000
  186	0000000000000000	0000000000000000	0000000000000000	0000000000000000	0000000000000000
  187	0000000000000000	0000000000000000	0000000000000000	0000000000000000	0000000000000000
  188	0000000000000000	0000000000000000	0000000000000000	0000000000000000	0000000000000000
  189	0000000000000000	0000000000000000	0000000000000000	0000000000000000	0000000000000000
  190	0000000000000000	0000000000000000	0000000000000000	0000000000000000	0000000000000000
  191	0000000000000000	0000000000000000	0000000000000000	0000000000000000	0000000000000000
  192	0000000000000000	0000000000000000	0000000000000000	0000000000000000	0000000000000000
  193	0000000000000000	0000000000000000	0000000000000000	0000000000000000	0000000000000000
  194	0000000000000000	0000000000000000	0000000000000000	0000000000000000	0000000000000000
  195	0000000000000000	0000000000000000	0000000000000000	0000000000000000	0000000000000000
  196	0000000000000000	0000000000000000	0000000000000000	0000000000000000	0000000000000000
  197	0000000000000000	0000000000000000	0000000000000000	0000000000000000	0000000000000000
  198	0000000000000000	0000000000000000	0000000000000000	0000000000000000	0000000000000000
  199	0000000000000000	0000000000000000	0000000000000000	0000000000000000	0000000000000000
  200	0000000000000000	0000000000000000	0000000000000000	0000000000000000	0000000000000000
  201	0000000000000000	0000000000000000	0000000000000000	0000000000000000	0000000000000000
  202	0000000000000000	0000000000000000	0000000000000000	0000000000000000	0000000000000000
  203	0000000000000000	0000000000000000	0000000000000000	0000000000000000	0000000000000000
  204	0000000000000000	0000000000000000	0000000000000000	0000000000000000	0000000000000000
  205	0000000000000000	0000000000000000	0000000000000000	0000000000000000	0000000000000000
  206	0000000000000000	0000000000000000	0000000000000000	0000000000000000	0000000000000000
  207	0000000000000000	0000000000000000	0000000000000000	0000000000000000	0000000000000000
  208	0000000000000000	0000000000000000	0000000000000000	0000000000000000	0000000000000000
  209	0000000000000000	0000000000000000	0000000000000000	0000000000000000	0000000000000000
  210	0000000000000000	0000000000000000	0000000000000000	0000000000000000	0000000000000000
  211	0000000000000000	0000000000000000	0000000000000000	0000000000000000	0000000000000000
  212	0000000000000000	0000000000000000	0000000000000000	0000000000000000	0000000000000000
  213	0000000000000000	0000000000000000	0000000000000000	0000000000000000	0000000000000000
  214	0000000000000000	0000000000000000	0000000000000000	0000000000000000	0000000000000000
  215	0000000000000000	0000000000000000	0000000000000000	0000000000000000	0000000000000000
  216	0000000000000000	0000000000000000	0000000000000000	0000000000000000	0000000000000000
  217	0000000000000000	0000000000000000	0000000000000000	0000000000000000	0000000000000000
  218	0000000000000000	0000000000000000	0000000000000000	0000000000000000	0000000000000000
  219	0000000000000000	0000000000000000	0000000000000000	0000000000000000	0000000000000000
  220	0000000000000000	0000000000000000	0000000000000000	0000000000000000	0000000000000000
  221	0000000000000000	0000000000000000	0000000000000000	0000000000000000	0000000000000000
  222	0000000000000000	0000000000000000	0000000000000000	0000000000000000	0000000000000000
  223	0000000000000000	0000000000000000	0000000000000000	0000000000000000	0000000000000000
  224	0000000000000000	0000000000000000	0000000000000000	0000000000000000	0000000000000000
  225	0000000000000000	0000000000000000	0000000000000000	0000000000000000	0000000000000000
  226	0000000000000000	0000000000000000	0000000000000000	0000000000000000	0000000000000000
  227	0000000000000000	0000000000000000	0000000000000000	0000000000000000	0000000000000000
  228	0000000000000000	0000000000000000	0000000000000000	0000000000000000	0000000000000000
  229	0000000000000000	0000000000000000	0000000000000000	0000000000000000	0000000000000000
  230	0000000000000000	0000000000000000	0000000000000000	0000000000000000	0000000000000000
  231	0000000000000000	0000000000000000	0000000000000000	0000000000000000	0000000000000000
  232	0000000000000000	0000000000000000	0000000000000000	0000000000000000	0000000000000000
  233	0000000000000000	0000000000000000	0000000000000000	0000000000000000	0000000000000000
  234	0000000000000000	0000000000000000	0000000000000000	0000000000000000	0000000000000000
  235	0000000000000000	0000000000000000	0000000000000000	0000000000000000	0000000000000000
  236	0000000000000000	0000000000000000	0000000000000000	0000000000000000	0000000000000000
  237	0000000000000000	0000000000000000	0000000000000000	0000000000000000	0000000000000000
  238	0000000000000000	0000000000000000	0000000000000000	0000000000000000	0000000000000000
  239	0000000000000000	0000000000000000	0000000000000000	0000000000000000	0000000000000000
  240	0000000000000000	0000000000000000	0000000000000000	0000000000000000	0000000000000000
  241	0000000000000000	0000000000000000	0000000000000000	0000000000000000	0000000000000000
  242	0000000000000000	0000000000000000	0000000000000000	0000000000000000	0000000000000000
  243	0000000000000000	0000000000000000	0000000000000000	0000000000000000	0000000000000000
  244	0000000000000000	0000000000000000	0000000000000000	0000000000000000	0000000000000000
  245	0000000000000000	0000000000000000	0000000000000000	0000000000000000	0000000000000000
  246	0000000000000000	0000000000000000	0000000000000000	0000000000000000	0000000000000000
  247	0000000000000000	0000000000000000	0000000000000000	0000000000000000	0000000000000000
  248	0000000000000000	0000000000000000	0000000000000000	0000000000000000	0000000000000000
  249	0000000000000000	0000000000000000	0000000000000000	0000000000000000	0000000000000000
  250	0000000000000000	0000000000000000	0000000000000000	0000000000000000	0000000000000000
  251	0000000000000000	0000000000000000	0000000000000000	0000000000000000	0000000000000000
  252	0000000000000000	0000000000000000	0000000000000000	0000000000000000	0000000000000000
  253	0000000000000000	0000000000000000	0000000000000000	0000000000000000	0000000000000000
  254	0000000000000000	0000000000000000	0000000000000000	0000000000000000	0000000000000000
  255	0000000000000000	0000000000000000	0000000000000000	0000000000000000	0000000000000000

Invalidation queue on IOMMU: dmar16
 Base: 0x10039e000	Head: 14	Tail: 14
Index		qw0			qw1			qw2			qw3			status
    0	0000000000000004	0000000000000000	0000000000000000	0000000000000000	0000000000000000
    1	0000000200000025	0000000100054c04	0000000000000000	0000000000000000	0000000000000000
    2	0000000000000011	0000000000000000	0000000000000000	0000000000000000	0000000000000000
    3	0000000200000025	0000000100054c0c	0000000000000000	0000000000000000	0000000000000000
    4	00000000000000d2	0000000000000000	0000000000000000	0000000000000000	0000000000000000
    5	0000000200000025	0000000100054c14	0000000000000000	0000000000000000	0000000000000000
    6	0000000000000014	0000000000000000	0000000000000000	0000000000000000	0000000000000000
    7	0000000200000025	0000000100054c1c	0000000000000000	0000000000000000	0000000000000000
    8	0000000000000014	0000000000000000	0000000000000000	0000000000000000	0000000000000000
    9	0000000200000025	0000000100054c24	0000000000000000	0000000000000000	0000000000000000
   10	0000000000000014	0000000000000000	0000000000000000	0000000000000000	0000000000000000
   11	0000000200000025	0000000100054c2c	0000000000000000	0000000000000000	0000000000000000
   12	0000000000000014	0000000000000000	0000000000000000	0000000000000000	0000000000000000
   13	0000000200000025	0000000100054c34	0000000000000000	0000000000000000	0000000000000000
   14	0000000000000000	0000000000000000	0000000000000000	0000000000000000	0000000000000000
   15	0000000000000000	0000000000000000	0000000000000000	0000000000000000	0000000000000000
   16	0000000000000000	0000000000000000	0000000000000000	0000000000000000	0000000000000000
   17	0000000000000000	0000000000000000	0000000000000000	0000000000000000	0000000000000000
   18	0000000000000000	0000000000000000	0000000000000000	0000000000000000	0000000000000000
   19	0000000000000000	0000000000000000	0000000000000000	0000000000000000	0000000000000000
   20	0000000000000000	0000000000000000	0000000000000000	0000000000000000	0000000000000000
   21	0000000000000000	0000000000000000	0000000000000000	0000000000000000	0000000000000000
   22	0000000000000000	0000000000000000	0000000000000000	0000000000000000	0000000000000000
   23	0000000000000000	0000000000000000	0000000000000000	0000000000000000	0000000000000000
   24	0000000000000000	0000000000000000	0000000000000000	0000000000000000	0000000000000000
   25	0000000000000000	0000000000000000	0000000000000000	0000000000000000	0000000000000000
   26	0000000000000000	0000000000000000	0000000000000000	0000000000000000	0000000000000000
   27	0000000000000000	0000000000000000	0000000000000000	0000000000000000	0000000000000000
   28	0000000000000000	0000000000000000	0000000000000000	0000000000000000	0000000000000000
   29	0000000000000000	0000000000000000	0000000000000000	0000000000000000	0000000000000000
   30	0000000000000000	0000000000000000	0000000000000000	0000000000000000	0000000000000000
   31	0000000000000000	0000000000000000	0000000000000000	0000000000000000	0000000000000000
   32	0000000000000000	0000000000000000	0000000000000000	0000000000000000	0000000000000000
   33	0000000000000000	0000000000000000	0000000000000000	0000000000000000	0000000000000000
   34	0000000000000000	0000000000000000	0000000000000000	0000000000000000	0000000000000000
   35	0000000000000000	0000000000000000	0000000000000000	0000000000000000	0000000000000000
   36	0000000000000000	0000000000000000	0000000000000000	0000000000000000	0000000000000000
   37	0000000000000000	0000000000000000	0000000000000000	0000000000000000	0000000000000000
   38	0000000000000000	0000000000000000	0000000000000000	0000000000000000	0000000000000000
   39	0000000000000000	0000000000000000	0000000000000000	0000000000000000	0000000000000000
   40	0000000000000000	0000000000000000	0000000000000000	0000000000000000	0000000000000000
   41	0000000000000000	0000000000000000	0000000000000000	0000000000000000	0000000000000000
   42	0000000000000000	0000000000000000	0000000000000000	0000000000000000	0000000000000000
   43	0000000000000000	0000000000000000	0000000000000000	0000000000000000	0000000000000000
   44	0000000000000000	0000000000000000	0000000000000000	0000000000000000	0000000000000000
   45	0000000000000000	0000000000000000	0000000000000000	0000000000000000	0000000000000000
   46	0000000000000000	0000000000000000	0000000000000000	0000000000000000	0000000000000000
   47	0000000000000000	0000000000000000	0000000000000000	0000000000000000	0000000000000000
   48	0000000000000000	0000000000000000	0000000000000000	0000000000000000	0000000000000000
   49	0000000000000000	0000000000000000	0000000000000000	0000000000000000	0000000000000000
   50	0000000000000000	0000000000000000	0000000000000000	0000000000000000	0000000000000000
   51	0000000000000000	0000000000000000	0000000000000000	0000000000000000	0000000000000000
   52	0000000000000000	0000000000000000	0000000000000000	0000000000000000	0000000000000000
   53	0000000000000000	0000000000000000	0000000000000000	0000000000000000	0000000000000000
   54	0000000000000000	0000000000000000	0000000000000000	0000000000000000	0000000000000000
   55	0000000000000000	0000000000000000	0000000000000000	0000000000000000	0000000000000000
   56	0000000000000000	0000000000000000	0000000000000000	0000000000000000	0000000000000000
   57	0000000000000000	0000000000000000	0000000000000000	0000000000000000	0000000000000000
   58	0000000000000000	0000000000000000	0000000000000000	0000000000000000	0000000000000000
   59	0000000000000000	0000000000000000	0000000000000000	0000000000000000	0000000000000000
   60	0000000000000000	0000000000000000	0000000000000000	0000000000000000	0000000000000000
   61	0000000000000000	0000000000000000	0000000000000000	0000000000000000	0000000000000000
   62	0000000000000000	0000000000000000	0000000000000000	0000000000000000	0000000000000000
   63	0000000000000000	0000000000000000	0000000000000000	0000000000000000	0000000000000000
   64	0000000000000000	0000000000000000	0000000000000000	0000000000000000	0000000000000000
   65	0000000000000000	0000000000000000	0000000000000000	0000000000000000	0000000000000000
   66	0000000000000000	0000000000000000	0000000000000000	0000000000000000	0000000000000000
   67	0000000000000000	0000000000000000	0000000000000000	0000000000000000	0000000000000000
   68	0000000000000000	0000000000000000	0000000000000000	0000000000000000	0000000000000000
   69	0000000000000000	0000000000000000	0000000000000000	0000000000000000	0000000000000000
   70	0000000000000000	0000000000000000	0000000000000000	0000000000000000	0000000000000000
   71	0000000000000000	0000000000000000	0000000000000000	0000000000000000	0000000000000000
   72	0000000000000000	0000000000000000	0000000000000000	0000000000000000	0000000000000000
   73	0000000000000000	0000000000000000	0000000000000000	0000000000000000	0000000000000000
   74	0000000000000000	0000000000000000	0000000000000000	0000000000000000	0000000000000000
   75	0000000000000000	0000000000000000	0000000000000000	0000000000000000	0000000000000000
   76	0000000000000000	0000000000000000	0000000000000000	0000000000000000	0000000000000000
   77	0000000000000000	0000000000000000	0000000000000000	0000000000000000	0000000000000000
   78	0000000000000000	0000000000000000	0000000000000000	0000000000000000	0000000000000000
   79	0000000000000000	0000000000000000	0000000000000000	0000000000000000	0000000000000000
   80	0000000000000000	0000000000000000	0000000000000000	0000000000000000	0000000000000000
   81	0000000000000000	0000000000000000	0000000000000000	0000000000000000	0000000000000000
   82	0000000000000000	0000000000000000	0000000000000000	0000000000000000	0000000000000000
   83	0000000000000000	0000000000000000	0000000000000000	0000000000000000	0000000000000000
   84	0000000000000000	0000000000000000	0000000000000000	0000000000000000	0000000000000000
   85	0000000000000000	0000000000000000	0000000000000000	0000000000000000	0000000000000000
   86	0000000000000000	0000000000000000	0000000000000000	0000000000000000	0000000000000000
   87	0000000000000000	0000000000000000	0000000000000000	0000000000000000	0000000000000000
   88	0000000000000000	0000000000000000	0000000000000000	0000000000000000	0000000000000000
   89	0000000000000000	0000000000000000	0000000000000000	0000000000000000	0000000000000000
   90	0000000000000000	0000000000000000	0000000000000000	0000000000000000	0000000000000000
   91	0000000000000000	0000000000000000	0000000000000000	0000000000000000	0000000000000000
   92	0000000000000000	0000000000000000	0000000000000000	0000000000000000	0000000000000000
   93	0000000000000000	0000000000000000	0000000000000000	0000000000000000	0000000000000000
   94	0000000000000000	0000000000000000	0000000000000000	0000000000000000	0000000000000000
   95	0000000000000000	0000000000000000	0000000000000000	0000000000000000	0000000000000000
   96	0000000000000000	0000000000000000	0000000000000000	0000000000000000	0000000000000000
   97	0000000000000000	0000000000000000	0000000000000000	0000000000000000	0000000000000000
   98	0000000000000000	0000000000000000	0000000000000000	0000000000000000	0000000000000000
   99	0000000000000000	0000000000000000	0000000000000000	0000000000000000	0000000000000000
  100	0000000000000000	0000000000000000	0000000000000000	0000000000000000	0000000000000000
  101	0000000000000000	0000000000000000	0000000000000000	0000000000000000	0000000000000000
  102	0000000000000000	0000000000000000	0000000000000000	0000000000000000	0000000000000000
  103	0000000000000000	0000000000000000	0000000000000000	0000000000000000	0000000000000000
  104	0000000000000000	0000000000000000	0000000000000000	0000000000000000	0000000000000000
  105	0000000000000000	0000000000000000	0000000000000000	0000000000000000	0000000000000000
  106	0000000000000000	0000000000000000	0000000000000000	0000000000000000	0000000000000000
  107	0000000000000000	0000000000000000	0000000000000000	0000000000000000	0000000000000000
  108	0000000000000000	0000000000000000	0000000000000000	0000000000000000	0000000000000000
  109	0000000000000000	0000000000000000	0000000000000000	0000000000000000	0000000000000000
  110	0000000000000000	0000000000000000	0000000000000000	0000000000000000	0000000000000000
  111	0000000000000000	0000000000000000	0000000000000000	0000000000000000	0000000000000000
  112	0000000000000000	0000000000000000	0000000000000000	0000000000000000	0000000000000000
  113	0000000000000000	0000000000000000	0000000000000000	0000000000000000	0000000000000000
  114	0000000000000000	0000000000000000	0000000000000000	0000000000000000	0000000000000000
  115	0000000000000000	0000000000000000	0000000000000000	0000000000000000	0000000000000000
  116	0000000000000000	0000000000000000	0000000000000000	0000000000000000	0000000000000000
  117	0000000000000000	0000000000000000	0000000000000000	0000000000000000	0000000000000000
  118	0000000000000000	0000000000000000	0000000000000000	0000000000000000	0000000000000000
  119	0000000000000000	0000000000000000	0000000000000000	0000000000000000	0000000000000000
  120	0000000000000000	0000000000000000	0000000000000000	0000000000000000	0000000000000000
  121	0000000000000000	0000000000000000	0000000000000000	0000000000000000	0000000000000000
  122	0000000000000000	0000000000000000	0000000000000000	0000000000000000	0000000000000000
  123	0000000000000000	0000000000000000	0000000000000000	0000000000000000	0000000000000000
  124	0000000000000000	0000000000000000	0000000000000000	0000000000000000	0000000000000000
  125	0000000000000000	0000000000000000	0000000000000000	0000000000000000	0000000000000000
  126	0000000000000000	0000000000000000	0000000000000000	0000000000000000	0000000000000000
  127	0000000000000000	0000000000000000	0000000000000000	0000000000000000	0000000000000000
  128	0000000000000000	0000000000000000	0000000000000000	0000000000000000	0000000000000000
  129	0000000000000000	0000000000000000	0000000000000000	0000000000000000	0000000000000000
  130	0000000000000000	0000000000000000	0000000000000000	0000000000000000	0000000000000000
  131	0000000000000000	0000000000000000	0000000000000000	0000000000000000	0000000000000000
  132	0000000000000000	0000000000000000	0000000000000000	0000000000000000	0000000000000000
  133	0000000000000000	0000000000000000	0000000000000000	0000000000000000	0000000000000000
  134	0000000000000000	0000000000000000	0000000000000000	0000000000000000	0000000000000000
  135	0000000000000000	0000000000000000	0000000000000000	0000000000000000	0000000000000000
  136	0000000000000000	0000000000000000	0000000000000000	0000000000000000	0000000000000000
  137	0000000000000000	0000000000000000	0000000000000000	0000000000000000	0000000000000000
  138	0000000000000000	0000000000000000	0000000000000000	0000000000000000	0000000000000000
  139	0000000000000000	0000000000000000	0000000000000000	0000000000000000	0000000000000000
  140	0000000000000000	0000000000000000	0000000000000000	0000000000000000	0000000000000000
  141	0000000000000000	0000000000000000	0000000000000000	0000000000000000	0000000000000000
  142	0000000000000000	0000000000000000	0000000000000000	0000000000000000	0000000000000000
  143	0000000000000000	0000000000000000	0000000000000000	0000000000000000	0000000000000000
  144	0000000000000000	0000000000000000	0000000000000000	0000000000000000	0000000000000000
  145	0000000000000000	0000000000000000	0000000000000000	0000000000000000	0000000000000000
  146	0000000000000000	0000000000000000	0000000000000000	0000000000000000	0000000000000000
  147	0000000000000000	0000000000000000	0000000000000000	0000000000000000	0000000000000000
  148	0000000000000000	0000000000000000	0000000000000000	0000000000000000	0000000000000000
  149	0000000000000000	0000000000000000	0000000000000000	0000000000000000	0000000000000000
  150	0000000000000000	0000000000000000	0000000000000000	0000000000000000	0000000000000000
  151	0000000000000000	0000000000000000	0000000000000000	0000000000000000	0000000000000000
  152	0000000000000000	0000000000000000	0000000000000000	0000000000000000	0000000000000000
  153	0000000000000000	0000000000000000	0000000000000000	0000000000000000	0000000000000000
  154	0000000000000000	0000000000000000	0000000000000000	0000000000000000	0000000000000000
  155	0000000000000000	0000000000000000	0000000000000000	0000000000000000	0000000000000000
  156	0000000000000000	0000000000000000	0000000000000000	0000000000000000	0000000000000000
  157	0000000000000000	0000000000000000	0000000000000000	0000000000000000	0000000000000000
  158	0000000000000000	0000000000000000	0000000000000000	0000000000000000	0000000000000000
  159	0000000000000000	0000000000000000	0000000000000000	0000000000000000	0000000000000000
  160	0000000000000000	0000000000000000	0000000000000000	0000000000000000	0000000000000000
  161	0000000000000000	0000000000000000	0000000000000000	0000000000000000	0000000000000000
  162	0000000000000000	0000000000000000	0000000000000000	0000000000000000	0000000000000000
  163	0000000000000000	0000000000000000	0000000000000000	0000000000000000	0000000000000000
  164	0000000000000000	0000000000000000	0000000000000000	0000000000000000	0000000000000000
  165	0000000000000000	0000000000000000	0000000000000000	0000000000000000	0000000000000000
  166	0000000000000000	0000000000000000	0000000000000000	0000000000000000	0000000000000000
  167	0000000000000000	0000000000000000	0000000000000000	0000000000000000	0000000000000000
  168	0000000000000000	0000000000000000	0000000000000000	0000000000000000	0000000000000000
  169	0000000000000000	0000000000000000	0000000000000000	0000000000000000	0000000000000000
  170	0000000000000000	0000000000000000	0000000000000000	0000000000000000	0000000000000000
  171	0000000000000000	0000000000000000	0000000000000000	0000000000000000	0000000000000000
  172	0000000000000000	0000000000000000	0000000000000000	0000000000000000	0000000000000000
  173	0000000000000000	0000000000000000	0000000000000000	0000000000000000	0000000000000000
  174	0000000000000000	0000000000000000	0000000000000000	0000000000000000	0000000000000000
  175	0000000000000000	0000000000000000	0000000000000000	0000000000000000	0000000000000000
  176	0000000000000000	0000000000000000	0000000000000000	0000000000000000	0000000000000000
  177	0000000000000000	0000000000000000	0000000000000000	0000000000000000	0000000000000000
  178	0000000000000000	0000000000000000	0000000000000000	0000000000000000	0000000000000000
  179	0000000000000000	0000000000000000	0000000000000000	0000000000000000	0000000000000000
  180	0000000000000000	0000000000000000	0000000000000000	0000000000000000	0000000000000000
  181	0000000000000000	0000000000000000	0000000000000000	0000000000000000	0000000000000000
  182	0000000000000000	0000000000000000	0000000000000000	0000000000000000	0000000000000000
  183	0000000000000000	0000000000000000	0000000000000000	0000000000000000	0000000000000000
  184	0000000000000000	0000000000000000	0000000000000000	0000000000000000	0000000000000000
  185	0000000000000000	0000000000000000	0000000000000000	0000000000000000	0000000000000000
  186	0000000000000000	0000000000000000	0000000000000000	0000000000000000	0000000000000000
  187	0000000000000000	0000000000000000	0000000000000000	0000000000000000	0000000000000000
  188	0000000000000000	0000000000000000	0000000000000000	0000000000000000	0000000000000000
  189	0000000000000000	0000000000000000	0000000000000000	0000000000000000	0000000000000000
  190	0000000000000000	0000000000000000	0000000000000000	0000000000000000	0000000000000000
  191	0000000000000000	0000000000000000	0000000000000000	0000000000000000	0000000000000000
  192	0000000000000000	0000000000000000	0000000000000000	0000000000000000	0000000000000000
  193	0000000000000000	0000000000000000	0000000000000000	0000000000000000	0000000000000000
  194	0000000000000000	0000000000000000	0000000000000000	0000000000000000	0000000000000000
  195	0000000000000000	0000000000000000	0000000000000000	0000000000000000	0000000000000000
  196	0000000000000000	0000000000000000	0000000000000000	0000000000000000	0000000000000000
  197	0000000000000000	0000000000000000	0000000000000000	0000000000000000	0000000000000000
  198	0000000000000000	0000000000000000	0000000000000000	0000000000000000	0000000000000000
  199	0000000000000000	0000000000000000	0000000000000000	0000000000000000	0000000000000000
  200	0000000000000000	0000000000000000	0000000000000000	0000000000000000	0000000000000000
  201	0000000000000000	0000000000000000	0000000000000000	0000000000000000	0000000000000000
  202	0000000000000000	0000000000000000	0000000000000000	0000000000000000	0000000000000000
  203	0000000000000000	0000000000000000	0000000000000000	0000000000000000	0000000000000000
  204	0000000000000000	0000000000000000	0000000000000000	0000000000000000	0000000000000000
  205	0000000000000000	0000000000000000	0000000000000000	0000000000000000	0000000000000000
  206	0000000000000000	0000000000000000	0000000000000000	0000000000000000	0000000000000000
  207	0000000000000000	0000000000000000	0000000000000000	0000000000000000	0000000000000000
  208	0000000000000000	0000000000000000	0000000000000000	0000000000000000	0000000000000000
  209	0000000000000000	0000000000000000	0000000000000000	0000000000000000	0000000000000000
  210	0000000000000000	0000000000000000	0000000000000000	0000000000000000	0000000000000000
  211	0000000000000000	0000000000000000	0000000000000000	0000000000000000	0000000000000000
  212	0000000000000000	0000000000000000	0000000000000000	0000000000000000	0000000000000000
  213	0000000000000000	0000000000000000	0000000000000000	0000000000000000	0000000000000000
  214	0000000000000000	0000000000000000	0000000000000000	0000000000000000	0000000000000000
  215	0000000000000000	0000000000000000	0000000000000000	0000000000000000	0000000000000000
  216	0000000000000000	0000000000000000	0000000000000000	0000000000000000	0000000000000000
  217	0000000000000000	0000000000000000	0000000000000000	0000000000000000	0000000000000000
  218	0000000000000000	0000000000000000	0000000000000000	0000000000000000	0000000000000000
  219	0000000000000000	0000000000000000	0000000000000000	0000000000000000	0000000000000000
  220	0000000000000000	0000000000000000	0000000000000000	0000000000000000	0000000000000000
  221	0000000000000000	0000000000000000	0000000000000000	0000000000000000	0000000000000000
  222	0000000000000000	0000000000000000	0000000000000000	0000000000000000	0000000000000000
  223	0000000000000000	0000000000000000	0000000000000000	0000000000000000	0000000000000000
  224	0000000000000000	0000000000000000	0000000000000000	0000000000000000	0000000000000000
  225	0000000000000000	0000000000000000	0000000000000000	0000000000000000	0000000000000000
  226	0000000000000000	0000000000000000	0000000000000000	0000000000000000	0000000000000000
  227	0000000000000000	0000000000000000	0000000000000000	0000000000000000	0000000000000000
  228	0000000000000000	0000000000000000	0000000000000000	0000000000000000	0000000000000000
  229	0000000000000000	0000000000000000	0000000000000000	0000000000000000	0000000000000000
  230	0000000000000000	0000000000000000	0000000000000000	0000000000000000	0000000000000000
  231	0000000000000000	0000000000000000	0000000000000000	0000000000000000	0000000000000000
  232	0000000000000000	0000000000000000	0000000000000000	0000000000000000	0000000000000000
  233	0000000000000000	0000000000000000	0000000000000000	0000000000000000	0000000000000000
  234	0000000000000000	0000000000000000	0000000000000000	0000000000000000	0000000000000000
  235	0000000000000000	0000000000000000	0000000000000000	0000000000000000	0000000000000000
  236	0000000000000000	0000000000000000	0000000000000000	0000000000000000	0000000000000000
  237	0000000000000000	0000000000000000	0000000000000000	0000000000000000	0000000000000000
  238	0000000000000000	0000000000000000	0000000000000000	0000000000000000	0000000000000000
  239	0000000000000000	0000000000000000	0000000000000000	0000000000000000	0000000000000000
  240	0000000000000000	0000000000000000	0000000000000000	0000000000000000	0000000000000000
  241	0000000000000000	0000000000000000	0000000000000000	0000000000000000	0000000000000000
  242	0000000000000000	0000000000000000	0000000000000000	0000000000000000	0000000000000000
  243	0000000000000000	0000000000000000	0000000000000000	0000000000000000	0000000000000000
  244	0000000000000000	0000000000000000	0000000000000000	0000000000000000	0000000000000000
  245	0000000000000000	0000000000000000	0000000000000000	0000000000000000	0000000000000000
  246	0000000000000000	0000000000000000	0000000000000000	0000000000000000	0000000000000000
  247	0000000000000000	0000000000000000	0000000000000000	0000000000000000	0000000000000000
  248	0000000000000000	0000000000000000	0000000000000000	0000000000000000	0000000000000000
  249	0000000000000000	0000000000000000	0000000000000000	0000000000000000	0000000000000000
  250	0000000000000000	0000000000000000	0000000000000000	0000000000000000	0000000000000000
  251	0000000000000000	0000000000000000	0000000000000000	0000000000000000	0000000000000000
  252	0000000000000000	0000000000000000	0000000000000000	0000000000000000	0000000000000000
  253	0000000000000000	0000000000000000	0000000000000000	0000000000000000	0000000000000000
  254	0000000000000000	0000000000000000	0000000000000000	0000000000000000	0000000000000000
  255	0000000000000000	0000000000000000	0000000000000000	0000000000000000	0000000000000000

Invalidation queue on IOMMU: dmar15
 Base: 0x1003a0000	Head: 38	Tail: 38
Index		qw0			qw1			qw2			qw3			status
    0	0000000000000004	0000000000000000	0000000000000000	0000000000000000	0000000000000000
    1	0000000200000025	0000000100055004	0000000000000000	0000000000000000	0000000000000000
    2	0000000000000011	0000000000000000	0000000000000000	0000000000000000	0000000000000000
    3	0000000200000025	000000010005500c	0000000000000000	0000000000000000	0000000000000000
    4	00000000000000d2	0000000000000000	0000000000000000	0000000000000000	0000000000000000
    5	0000000200000025	0000000100055014	0000000000000000	0000000000000000	0000000000000000
    6	0000000000000014	0000000000000000	0000000000000000	0000000000000000	0000000000000000
    7	0000000200000025	000000010005501c	0000000000000000	0000000000000000	0000000000000000
    8	0000000000000014	0000000000000000	0000000000000000	0000000000000000	0000000000000000
    9	0000000200000025	0000000100055024	0000000000000000	0000000000000000	0000000000000000
   10	0000000000000014	0000000000000000	0000000000000000	0000000000000000	0000000000000000
   11	0000000200000025	000000010005502c	0000000000000000	0000000000000000	0000000000000000
   12	0000000100000014	0000000000000000	0000000000000000	0000000000000000	0000000000000000
   13	0000000200000025	0000000100055034	0000000000000000	0000000000000000	0000000000000000
   14	0000000200000014	0000000000000000	0000000000000000	0000000000000000	0000000000000000
   15	0000000200000025	000000010005503c	0000000000000000	0000000000000000	0000000000000000
   16	0000000300000014	0000000000000000	0000000000000000	0000000000000000	0000000000000000
   17	0000000200000025	0000000100055044	0000000000000000	0000000000000000	0000000000000000
   18	0000000400000014	0000000000000000	0000000000000000	0000000000000000	0000000000000000
   19	0000000200000025	000000010005504c	0000000000000000	0000000000000000	0000000000000000
   20	0000000500000014	0000000000000000	0000000000000000	0000000000000000	0000000000000000
   21	0000000200000025	0000000100055054	0000000000000000	0000000000000000	0000000000000000
   22	0000000600000014	0000000000000000	0000000000000000	0000000000000000	0000000000000000
   23	0000000200000025	000000010005505c	0000000000000000	0000000000000000	0000000000000000
   24	0000000700000014	0000000000000000	0000000000000000	0000000000000000	0000000000000000
   25	0000000200000025	0000000100055064	0000000000000000	0000000000000000	0000000000000000
   26	0000000800000014	0000000000000000	0000000000000000	0000000000000000	0000000000000000
   27	0000000200000025	000000010005506c	0000000000000000	0000000000000000	0000000000000000
   28	0000000900000014	0000000000000000	0000000000000000	0000000000000000	0000000000000000
   29	0000000200000025	0000000100055074	0000000000000000	0000000000000000	0000000000000000
   30	0000000100000014	0000000000000000	0000000000000000	0000000000000000	0000000000000000
   31	0000000200000025	000000010005507c	0000000000000000	0000000000000000	0000000000000000
   32	0000000100000014	0000000000000000	0000000000000000	0000000000000000	0000000000000000
   33	0000000200000025	0000000100055084	0000000000000000	0000000000000000	0000000000000000
   34	0000000100000014	0000000000000000	0000000000000000	0000000000000000	0000000000000000
   35	0000000200000025	000000010005508c	0000000000000000	0000000000000000	0000000000000000
   36	0000000000000014	0000000000000000	0000000000000000	0000000000000000	0000000000000000
   37	0000000200000025	0000000100055094	0000000000000000	0000000000000000	0000000000000000
   38	0000000000000000	0000000000000000	0000000000000000	0000000000000000	0000000000000000
   39	0000000000000000	0000000000000000	0000000000000000	0000000000000000	0000000000000000
   40	0000000000000000	0000000000000000	0000000000000000	0000000000000000	0000000000000000
   41	0000000000000000	0000000000000000	0000000000000000	0000000000000000	0000000000000000
   42	0000000000000000	0000000000000000	0000000000000000	0000000000000000	0000000000000000
   43	0000000000000000	0000000000000000	0000000000000000	0000000000000000	0000000000000000
   44	0000000000000000	0000000000000000	0000000000000000	0000000000000000	0000000000000000
   45	0000000000000000	0000000000000000	0000000000000000	0000000000000000	0000000000000000
   46	0000000000000000	0000000000000000	0000000000000000	0000000000000000	0000000000000000
   47	0000000000000000	0000000000000000	0000000000000000	0000000000000000	0000000000000000
   48	0000000000000000	0000000000000000	0000000000000000	0000000000000000	0000000000000000
   49	0000000000000000	0000000000000000	0000000000000000	0000000000000000	0000000000000000
   50	0000000000000000	0000000000000000	0000000000000000	0000000000000000	0000000000000000
   51	0000000000000000	0000000000000000	0000000000000000	0000000000000000	0000000000000000
   52	0000000000000000	0000000000000000	0000000000000000	0000000000000000	0000000000000000
   53	0000000000000000	0000000000000000	0000000000000000	0000000000000000	0000000000000000
   54	0000000000000000	0000000000000000	0000000000000000	0000000000000000	0000000000000000
   55	0000000000000000	0000000000000000	0000000000000000	0000000000000000	0000000000000000
   56	0000000000000000	0000000000000000	0000000000000000	0000000000000000	0000000000000000
   57	0000000000000000	0000000000000000	0000000000000000	0000000000000000	0000000000000000
   58	0000000000000000	0000000000000000	0000000000000000	0000000000000000	0000000000000000
   59	0000000000000000	0000000000000000	0000000000000000	0000000000000000	0000000000000000
   60	0000000000000000	0000000000000000	0000000000000000	0000000000000000	0000000000000000
   61	0000000000000000	0000000000000000	0000000000000000	0000000000000000	0000000000000000
   62	0000000000000000	0000000000000000	0000000000000000	0000000000000000	0000000000000000
   63	0000000000000000	0000000000000000	0000000000000000	0000000000000000	0000000000000000
   64	0000000000000000	0000000000000000	0000000000000000	0000000000000000	0000000000000000
   65	0000000000000000	0000000000000000	0000000000000000	0000000000000000	0000000000000000
   66	0000000000000000	0000000000000000	0000000000000000	0000000000000000	0000000000000000
   67	0000000000000000	0000000000000000	0000000000000000	0000000000000000	0000000000000000
   68	0000000000000000	0000000000000000	0000000000000000	0000000000000000	0000000000000000
   69	0000000000000000	0000000000000000	0000000000000000	0000000000000000	0000000000000000
   70	0000000000000000	0000000000000000	0000000000000000	0000000000000000	0000000000000000
   71	0000000000000000	0000000000000000	0000000000000000	0000000000000000	0000000000000000
   72	0000000000000000	0000000000000000	0000000000000000	0000000000000000	0000000000000000
   73	0000000000000000	0000000000000000	0000000000000000	0000000000000000	0000000000000000
   74	0000000000000000	0000000000000000	0000000000000000	0000000000000000	0000000000000000
   75	0000000000000000	0000000000000000	0000000000000000	0000000000000000	0000000000000000
   76	0000000000000000	0000000000000000	0000000000000000	0000000000000000	0000000000000000
   77	0000000000000000	0000000000000000	0000000000000000	0000000000000000	0000000000000000
   78	0000000000000000	0000000000000000	0000000000000000	0000000000000000	0000000000000000
   79	0000000000000000	0000000000000000	0000000000000000	0000000000000000	0000000000000000
   80	0000000000000000	0000000000000000	0000000000000000	0000000000000000	0000000000000000
   81	0000000000000000	0000000000000000	0000000000000000	0000000000000000	0000000000000000
   82	0000000000000000	0000000000000000	0000000000000000	0000000000000000	0000000000000000
   83	0000000000000000	0000000000000000	0000000000000000	0000000000000000	0000000000000000
   84	0000000000000000	0000000000000000	0000000000000000	0000000000000000	0000000000000000
   85	0000000000000000	0000000000000000	0000000000000000	0000000000000000	0000000000000000
   86	0000000000000000	0000000000000000	0000000000000000	0000000000000000	0000000000000000
   87	0000000000000000	0000000000000000	0000000000000000	0000000000000000	0000000000000000
   88	0000000000000000	0000000000000000	0000000000000000	0000000000000000	0000000000000000
   89	0000000000000000	0000000000000000	0000000000000000	0000000000000000	0000000000000000
   90	0000000000000000	0000000000000000	0000000000000000	0000000000000000	0000000000000000
   91	0000000000000000	0000000000000000	0000000000000000	0000000000000000	0000000000000000
   92	0000000000000000	0000000000000000	0000000000000000	0000000000000000	0000000000000000
   93	0000000000000000	0000000000000000	0000000000000000	0000000000000000	0000000000000000
   94	0000000000000000	0000000000000000	0000000000000000	0000000000000000	0000000000000000
   95	0000000000000000	0000000000000000	0000000000000000	0000000000000000	0000000000000000
   96	0000000000000000	0000000000000000	0000000000000000	0000000000000000	0000000000000000
   97	0000000000000000	0000000000000000	0000000000000000	0000000000000000	0000000000000000
   98	0000000000000000	0000000000000000	0000000000000000	0000000000000000	0000000000000000
   99	0000000000000000	0000000000000000	0000000000000000	0000000000000000	0000000000000000
  100	0000000000000000	0000000000000000	0000000000000000	0000000000000000	0000000000000000
  101	0000000000000000	0000000000000000	0000000000000000	0000000000000000	0000000000000000
  102	0000000000000000	0000000000000000	0000000000000000	0000000000000000	0000000000000000
  103	0000000000000000	0000000000000000	0000000000000000	0000000000000000	0000000000000000
  104	0000000000000000	0000000000000000	0000000000000000	0000000000000000	0000000000000000
  105	0000000000000000	0000000000000000	0000000000000000	0000000000000000	0000000000000000
  106	0000000000000000	0000000000000000	0000000000000000	0000000000000000	0000000000000000
  107	0000000000000000	0000000000000000	0000000000000000	0000000000000000	0000000000000000
  108	0000000000000000	0000000000000000	0000000000000000	0000000000000000	0000000000000000
  109	0000000000000000	0000000000000000	0000000000000000	0000000000000000	0000000000000000
  110	0000000000000000	0000000000000000	0000000000000000	0000000000000000	0000000000000000
  111	0000000000000000	0000000000000000	0000000000000000	0000000000000000	0000000000000000
  112	0000000000000000	0000000000000000	0000000000000000	0000000000000000	0000000000000000
  113	0000000000000000	0000000000000000	0000000000000000	0000000000000000	0000000000000000
  114	0000000000000000	0000000000000000	0000000000000000	0000000000000000	0000000000000000
  115	0000000000000000	0000000000000000	0000000000000000	0000000000000000	0000000000000000
  116	0000000000000000	0000000000000000	0000000000000000	0000000000000000	0000000000000000
  117	0000000000000000	0000000000000000	0000000000000000	0000000000000000	0000000000000000
  118	0000000000000000	0000000000000000	0000000000000000	0000000000000000	0000000000000000
  119	0000000000000000	0000000000000000	0000000000000000	0000000000000000	0000000000000000
  120	0000000000000000	0000000000000000	0000000000000000	0000000000000000	0000000000000000
  121	0000000000000000	0000000000000000	0000000000000000	0000000000000000	0000000000000000
  122	0000000000000000	0000000000000000	0000000000000000	0000000000000000	0000000000000000
  123	0000000000000000	0000000000000000	0000000000000000	0000000000000000	0000000000000000
  124	0000000000000000	0000000000000000	0000000000000000	0000000000000000	0000000000000000
  125	0000000000000000	0000000000000000	0000000000000000	0000000000000000	0000000000000000
  126	0000000000000000	0000000000000000	0000000000000000	0000000000000000	0000000000000000
  127	0000000000000000	0000000000000000	0000000000000000	0000000000000000	0000000000000000
  128	0000000000000000	0000000000000000	0000000000000000	0000000000000000	0000000000000000
  129	0000000000000000	0000000000000000	0000000000000000	0000000000000000	0000000000000000
  130	0000000000000000	0000000000000000	0000000000000000	0000000000000000	0000000000000000
  131	0000000000000000	0000000000000000	0000000000000000	0000000000000000	0000000000000000
  132	0000000000000000	0000000000000000	0000000000000000	0000000000000000	0000000000000000
  133	0000000000000000	0000000000000000	0000000000000000	0000000000000000	0000000000000000
  134	0000000000000000	0000000000000000	0000000000000000	0000000000000000	0000000000000000
  135	0000000000000000	0000000000000000	0000000000000000	0000000000000000	0000000000000000
  136	0000000000000000	0000000000000000	0000000000000000	0000000000000000	0000000000000000
  137	0000000000000000	0000000000000000	0000000000000000	0000000000000000	0000000000000000
  138	0000000000000000	0000000000000000	0000000000000000	0000000000000000	0000000000000000
  139	0000000000000000	0000000000000000	0000000000000000	0000000000000000	0000000000000000
  140	0000000000000000	0000000000000000	0000000000000000	0000000000000000	0000000000000000
  141	0000000000000000	0000000000000000	0000000000000000	0000000000000000	0000000000000000
  142	0000000000000000	0000000000000000	0000000000000000	0000000000000000	0000000000000000
  143	0000000000000000	0000000000000000	0000000000000000	0000000000000000	0000000000000000
  144	0000000000000000	0000000000000000	0000000000000000	0000000000000000	0000000000000000
  145	0000000000000000	0000000000000000	0000000000000000	0000000000000000	0000000000000000
  146	0000000000000000	0000000000000000	0000000000000000	0000000000000000	0000000000000000
  147	0000000000000000	0000000000000000	0000000000000000	0000000000000000	0000000000000000
  148	0000000000000000	0000000000000000	0000000000000000	0000000000000000	0000000000000000
  149	0000000000000000	0000000000000000	0000000000000000	0000000000000000	0000000000000000
  150	0000000000000000	0000000000000000	0000000000000000	0000000000000000	0000000000000000
  151	0000000000000000	0000000000000000	0000000000000000	0000000000000000	0000000000000000
  152	0000000000000000	0000000000000000	0000000000000000	0000000000000000	0000000000000000
  153	0000000000000000	0000000000000000	0000000000000000	0000000000000000	0000000000000000
  154	0000000000000000	0000000000000000	0000000000000000	0000000000000000	0000000000000000
  155	0000000000000000	0000000000000000	0000000000000000	0000000000000000	0000000000000000
  156	0000000000000000	0000000000000000	0000000000000000	0000000000000000	0000000000000000
  157	0000000000000000	0000000000000000	0000000000000000	0000000000000000	0000000000000000
  158	0000000000000000	0000000000000000	0000000000000000	0000000000000000	0000000000000000
  159	0000000000000000	0000000000000000	0000000000000000	0000000000000000	0000000000000000
  160	0000000000000000	0000000000000000	0000000000000000	0000000000000000	0000000000000000
  161	0000000000000000	0000000000000000	0000000000000000	0000000000000000	0000000000000000
  162	0000000000000000	0000000000000000	0000000000000000	0000000000000000	0000000000000000
  163	0000000000000000	0000000000000000	0000000000000000	0000000000000000	0000000000000000
  164	0000000000000000	0000000000000000	0000000000000000	0000000000000000	0000000000000000
  165	0000000000000000	0000000000000000	0000000000000000	0000000000000000	0000000000000000
  166	0000000000000000	0000000000000000	0000000000000000	0000000000000000	0000000000000000
  167	0000000000000000	0000000000000000	0000000000000000	0000000000000000	0000000000000000
  168	0000000000000000	0000000000000000	0000000000000000	0000000000000000	0000000000000000
  169	0000000000000000	0000000000000000	0000000000000000	0000000000000000	0000000000000000
  170	0000000000000000	0000000000000000	0000000000000000	0000000000000000	0000000000000000
  171	0000000000000000	0000000000000000	0000000000000000	0000000000000000	0000000000000000
  172	0000000000000000	0000000000000000	0000000000000000	0000000000000000	0000000000000000
  173	0000000000000000	0000000000000000	0000000000000000	0000000000000000	0000000000000000
  174	0000000000000000	0000000000000000	0000000000000000	0000000000000000	0000000000000000
  175	0000000000000000	0000000000000000	0000000000000000	0000000000000000	0000000000000000
  176	0000000000000000	0000000000000000	0000000000000000	0000000000000000	0000000000000000
  177	0000000000000000	0000000000000000	0000000000000000	0000000000000000	0000000000000000
  178	0000000000000000	0000000000000000	0000000000000000	0000000000000000	0000000000000000
  179	0000000000000000	0000000000000000	0000000000000000	0000000000000000	0000000000000000
  180	0000000000000000	0000000000000000	0000000000000000	0000000000000000	0000000000000000
  181	0000000000000000	0000000000000000	0000000000000000	0000000000000000	0000000000000000
  182	0000000000000000	0000000000000000	0000000000000000	0000000000000000	0000000000000000
  183	0000000000000000	0000000000000000	0000000000000000	0000000000000000	0000000000000000
  184	0000000000000000	0000000000000000	0000000000000000	0000000000000000	0000000000000000
  185	0000000000000000	0000000000000000	0000000000000000	0000000000000000	0000000000000000
  186	0000000000000000	0000000000000000	0000000000000000	0000000000000000	0000000000000000
  187	0000000000000000	0000000000000000	0000000000000000	0000000000000000	0000000000000000
  188	0000000000000000	0000000000000000	0000000000000000	0000000000000000	0000000000000000
  189	0000000000000000	0000000000000000	0000000000000000	0000000000000000	0000000000000000
  190	0000000000000000	0000000000000000	0000000000000000	0000000000000000	0000000000000000
  191	0000000000000000	0000000000000000	0000000000000000	0000000000000000	0000000000000000
  192	0000000000000000	0000000000000000	0000000000000000	0000000000000000	0000000000000000
  193	0000000000000000	0000000000000000	0000000000000000	0000000000000000	0000000000000000
  194	0000000000000000	0000000000000000	0000000000000000	0000000000000000	0000000000000000
  195	0000000000000000	0000000000000000	0000000000000000	0000000000000000	0000000000000000
  196	0000000000000000	0000000000000000	0000000000000000	0000000000000000	0000000000000000
  197	0000000000000000	0000000000000000	0000000000000000	0000000000000000	0000000000000000
  198	0000000000000000	0000000000000000	0000000000000000	0000000000000000	0000000000000000
  199	0000000000000000	0000000000000000	0000000000000000	0000000000000000	0000000000000000
  200	0000000000000000	0000000000000000	0000000000000000	0000000000000000	0000000000000000
  201	0000000000000000	0000000000000000	0000000000000000	0000000000000000	0000000000000000
  202	0000000000000000	0000000000000000	0000000000000000	0000000000000000	0000000000000000
  203	0000000000000000	0000000000000000	0000000000000000	0000000000000000	0000000000000000
  204	0000000000000000	0000000000000000	0000000000000000	0000000000000000	0000000000000000
  205	0000000000000000	0000000000000000	0000000000000000	0000000000000000	0000000000000000
  206	0000000000000000	0000000000000000	0000000000000000	0000000000000000	0000000000000000
  207	0000000000000000	0000000000000000	0000000000000000	0000000000000000	0000000000000000
  208	0000000000000000	0000000000000000	0000000000000000	0000000000000000	0000000000000000
  209	0000000000000000	0000000000000000	0000000000000000	0000000000000000	0000000000000000
  210	0000000000000000	0000000000000000	0000000000000000	0000000000000000	0000000000000000
  211	0000000000000000	0000000000000000	0000000000000000	0000000000000000	0000000000000000
  212	0000000000000000	0000000000000000	0000000000000000	0000000000000000	0000000000000000
  213	0000000000000000	0000000000000000	0000000000000000	0000000000000000	0000000000000000
  214	0000000000000000	0000000000000000	0000000000000000	0000000000000000	0000000000000000
  215	0000000000000000	0000000000000000	0000000000000000	0000000000000000	0000000000000000
  216	0000000000000000	0000000000000000	0000000000000000	0000000000000000	0000000000000000
  217	0000000000000000	0000000000000000	0000000000000000	0000000000000000	0000000000000000
  218	0000000000000000	0000000000000000	0000000000000000	0000000000000000	0000000000000000
  219	0000000000000000	0000000000000000	0000000000000000	0000000000000000	0000000000000000
  220	0000000000000000	0000000000000000	0000000000000000	0000000000000000	0000000000000000
  221	0000000000000000	0000000000000000	0000000000000000	0000000000000000	0000000000000000
  222	0000000000000000	0000000000000000	0000000000000000	0000000000000000	0000000000000000
  223	0000000000000000	0000000000000000	0000000000000000	0000000000000000	0000000000000000
  224	0000000000000000	0000000000000000	0000000000000000	0000000000000000	0000000000000000
  225	0000000000000000	0000000000000000	0000000000000000	0000000000000000	0000000000000000
  226	0000000000000000	0000000000000000	0000000000000000	0000000000000000	0000000000000000
  227	0000000000000000	0000000000000000	0000000000000000	0000000000000000	0000000000000000
  228	0000000000000000	0000000000000000	0000000000000000	0000000000000000	0000000000000000
  229	0000000000000000	0000000000000000	0000000000000000	0000000000000000	0000000000000000
  230	0000000000000000	0000000000000000	0000000000000000	0000000000000000	0000000000000000
  231	0000000000000000	0000000000000000	0000000000000000	0000000000000000	0000000000000000
  232	0000000000000000	0000000000000000	0000000000000000	0000000000000000	0000000000000000
  233	0000000000000000	0000000000000000	0000000000000000	0000000000000000	0000000000000000
  234	0000000000000000	0000000000000000	0000000000000000	0000000000000000	0000000000000000
  235	0000000000000000	0000000000000000	0000000000000000	0000000000000000	0000000000000000
  236	0000000000000000	0000000000000000	0000000000000000	0000000000000000	0000000000000000
  237	0000000000000000	0000000000000000	0000000000000000	0000000000000000	0000000000000000
  238	0000000000000000	0000000000000000	0000000000000000	0000000000000000	0000000000000000
  239	0000000000000000	0000000000000000	0000000000000000	0000000000000000	0000000000000000
  240	0000000000000000	0000000000000000	0000000000000000	0000000000000000	0000000000000000
  241	0000000000000000	0000000000000000	0000000000000000	0000000000000000	0000000000000000
  242	0000000000000000	0000000000000000	0000000000000000	0000000000000000	0000000000000000
  243	0000000000000000	0000000000000000	0000000000000000	0000000000000000	0000000000000000
  244	0000000000000000	0000000000000000	0000000000000000	0000000000000000	0000000000000000
  245	0000000000000000	0000000000000000	0000000000000000	0000000000000000	0000000000000000
  246	0000000000000000	0000000000000000	0000000000000000	0000000000000000	0000000000000000
  247	0000000000000000	0000000000000000	0000000000000000	0000000000000000	0000000000000000
  248	0000000000000000	0000000000000000	0000000000000000	0000000000000000	0000000000000000
  249	0000000000000000	0000000000000000	0000000000000000	0000000000000000	0000000000000000
  250	0000000000000000	0000000000000000	0000000000000000	0000000000000000	0000000000000000
  251	0000000000000000	0000000000000000	0000000000000000	0000000000000000	0000000000000000
  252	0000000000000000	0000000000000000	0000000000000000	0000000000000000	0000000000000000
  253	0000000000000000	0000000000000000	0000000000000000	0000000000000000	0000000000000000
  254	0000000000000000	0000000000000000	0000000000000000	0000000000000000	0000000000000000
  255	0000000000000000	0000000000000000	0000000000000000	0000000000000000	0000000000000000

Invalidation queue on IOMMU: dmar14
 Base: 0x1080052000	Head: 42	Tail: 42
Index		qw0			qw1			qw2			qw3			status
    0	0000000000000004	0000000000000000	0000000000000000	0000000000000000	0000000000000000
    1	0000000200000025	0000000100055404	0000000000000000	0000000000000000	0000000000000000
    2	0000000000000011	0000000000000000	0000000000000000	0000000000000000	0000000000000000
    3	0000000200000025	000000010005540c	0000000000000000	0000000000000000	0000000000000000
    4	00000000000000d2	0000000000000000	0000000000000000	0000000000000000	0000000000000000
    5	0000000200000025	0000000100055414	0000000000000000	0000000000000000	0000000000000000
    6	0000000000000014	0000000000000000	0000000000000000	0000000000000000	0000000000000000
    7	0000000200000025	000000010005541c	0000000000000000	0000000000000000	0000000000000000
    8	0000000000000014	0000000000000000	0000000000000000	0000000000000000	0000000000000000
    9	0000000200000025	0000000100055424	0000000000000000	0000000000000000	0000000000000000
   10	0000000000000014	0000000000000000	0000000000000000	0000000000000000	0000000000000000
   11	0000000200000025	000000010005542c	0000000000000000	0000000000000000	0000000000000000
   12	0000000100000014	0000000000000000	0000000000000000	0000000000000000	0000000000000000
   13	0000000200000025	0000000100055434	0000000000000000	0000000000000000	0000000000000000
   14	0000000100000014	0000000000000000	0000000000000000	0000000000000000	0000000000000000
   15	0000000200000025	000000010005543c	0000000000000000	0000000000000000	0000000000000000
   16	0000000100000014	0000000000000000	0000000000000000	0000000000000000	0000000000000000
   17	0000000200000025	0000000100055444	0000000000000000	0000000000000000	0000000000000000
   18	0000000200000014	0000000000000000	0000000000000000	0000000000000000	0000000000000000
   19	0000000200000025	000000010005544c	0000000000000000	0000000000000000	0000000000000000
   20	0000000200000014	0000000000000000	0000000000000000	0000000000000000	0000000000000000
   21	0000000200000025	0000000100055454	0000000000000000	0000000000000000	0000000000000000
   22	0000000200000014	0000000000000000	0000000000000000	0000000000000000	0000000000000000
   23	0000000200000025	000000010005545c	0000000000000000	0000000000000000	0000000000000000
   24	0000000300000014	0000000000000000	0000000000000000	0000000000000000	0000000000000000
   25	0000000200000025	0000000100055464	0000000000000000	0000000000000000	0000000000000000
   26	0000000300000014	0000000000000000	0000000000000000	0000000000000000	0000000000000000
   27	0000000200000025	000000010005546c	0000000000000000	0000000000000000	0000000000000000
   28	0000000300000014	0000000000000000	0000000000000000	0000000000000000	0000000000000000
   29	0000000200000025	0000000100055474	0000000000000000	0000000000000000	0000000000000000
   30	0000000100000014	0000000000000000	0000000000000000	0000000000000000	0000000000000000
   31	0000000200000025	000000010005547c	0000000000000000	0000000000000000	0000000000000000
   32	0000000300000014	0000000000000000	0000000000000000	0000000000000000	0000000000000000
   33	0000000200000025	0000000100055484	0000000000000000	0000000000000000	0000000000000000
   34	0000000200000014	0000000000000000	0000000000000000	0000000000000000	0000000000000000
   35	0000000200000025	000000010005548c	0000000000000000	0000000000000000	0000000000000000
   36	0000000300000014	0000000000000000	0000000000000000	0000000000000000	0000000000000000
   37	0000000200000025	0000000100055494	0000000000000000	0000000000000000	0000000000000000
   38	0000000100000014	0000000000000000	0000000000000000	0000000000000000	0000000000000000
   39	0000000200000025	000000010005549c	0000000000000000	0000000000000000	0000000000000000
   40	0000000300000014	0000000000000000	0000000000000000	0000000000000000	0000000000000000
   41	0000000200000025	00000001000554a4	0000000000000000	0000000000000000	0000000000000000
   42	0000000000000000	0000000000000000	0000000000000000	0000000000000000	0000000000000000
   43	0000000000000000	0000000000000000	0000000000000000	0000000000000000	0000000000000000
   44	0000000000000000	0000000000000000	0000000000000000	0000000000000000	0000000000000000
   45	0000000000000000	0000000000000000	0000000000000000	0000000000000000	0000000000000000
   46	0000000000000000	0000000000000000	0000000000000000	0000000000000000	0000000000000000
   47	0000000000000000	0000000000000000	0000000000000000	0000000000000000	0000000000000000
   48	0000000000000000	0000000000000000	0000000000000000	0000000000000000	0000000000000000
   49	0000000000000000	0000000000000000	0000000000000000	0000000000000000	0000000000000000
   50	0000000000000000	0000000000000000	0000000000000000	0000000000000000	0000000000000000
   51	0000000000000000	0000000000000000	0000000000000000	0000000000000000	0000000000000000
   52	0000000000000000	0000000000000000	0000000000000000	0000000000000000	0000000000000000
   53	0000000000000000	0000000000000000	0000000000000000	0000000000000000	0000000000000000
   54	0000000000000000	0000000000000000	0000000000000000	0000000000000000	0000000000000000
   55	0000000000000000	0000000000000000	0000000000000000	0000000000000000	0000000000000000
   56	0000000000000000	0000000000000000	0000000000000000	0000000000000000	0000000000000000
   57	0000000000000000	0000000000000000	0000000000000000	0000000000000000	0000000000000000
   58	0000000000000000	0000000000000000	0000000000000000	0000000000000000	0000000000000000
   59	0000000000000000	0000000000000000	0000000000000000	0000000000000000	0000000000000000
   60	0000000000000000	0000000000000000	0000000000000000	0000000000000000	0000000000000000
   61	0000000000000000	0000000000000000	0000000000000000	0000000000000000	0000000000000000
   62	0000000000000000	0000000000000000	0000000000000000	0000000000000000	0000000000000000
   63	0000000000000000	0000000000000000	0000000000000000	0000000000000000	0000000000000000
   64	0000000000000000	0000000000000000	0000000000000000	0000000000000000	0000000000000000
   65	0000000000000000	0000000000000000	0000000000000000	0000000000000000	0000000000000000
   66	0000000000000000	0000000000000000	0000000000000000	0000000000000000	0000000000000000
   67	0000000000000000	0000000000000000	0000000000000000	0000000000000000	0000000000000000
   68	0000000000000000	0000000000000000	0000000000000000	0000000000000000	0000000000000000
   69	0000000000000000	0000000000000000	0000000000000000	0000000000000000	0000000000000000
   70	0000000000000000	0000000000000000	0000000000000000	0000000000000000	0000000000000000
   71	0000000000000000	0000000000000000	0000000000000000	0000000000000000	0000000000000000
   72	0000000000000000	0000000000000000	0000000000000000	0000000000000000	0000000000000000
   73	0000000000000000	0000000000000000	0000000000000000	0000000000000000	0000000000000000
   74	0000000000000000	0000000000000000	0000000000000000	0000000000000000	0000000000000000
   75	0000000000000000	0000000000000000	0000000000000000	0000000000000000	0000000000000000
   76	0000000000000000	0000000000000000	0000000000000000	0000000000000000	0000000000000000
   77	0000000000000000	0000000000000000	0000000000000000	0000000000000000	0000000000000000
   78	0000000000000000	0000000000000000	0000000000000000	0000000000000000	0000000000000000
   79	0000000000000000	0000000000000000	0000000000000000	0000000000000000	0000000000000000
   80	0000000000000000	0000000000000000	0000000000000000	0000000000000000	0000000000000000
   81	0000000000000000	0000000000000000	0000000000000000	0000000000000000	0000000000000000
   82	0000000000000000	0000000000000000	0000000000000000	0000000000000000	0000000000000000
   83	0000000000000000	0000000000000000	0000000000000000	0000000000000000	0000000000000000
   84	0000000000000000	0000000000000000	0000000000000000	0000000000000000	0000000000000000
   85	0000000000000000	0000000000000000	0000000000000000	0000000000000000	0000000000000000
   86	0000000000000000	0000000000000000	0000000000000000	0000000000000000	0000000000000000
   87	0000000000000000	0000000000000000	0000000000000000	0000000000000000	0000000000000000
   88	0000000000000000	0000000000000000	0000000000000000	0000000000000000	0000000000000000
   89	0000000000000000	0000000000000000	0000000000000000	0000000000000000	0000000000000000
   90	0000000000000000	0000000000000000	0000000000000000	0000000000000000	0000000000000000
   91	0000000000000000	0000000000000000	0000000000000000	0000000000000000	0000000000000000
   92	0000000000000000	0000000000000000	0000000000000000	0000000000000000	0000000000000000
   93	0000000000000000	0000000000000000	0000000000000000	0000000000000000	0000000000000000
   94	0000000000000000	0000000000000000	0000000000000000	0000000000000000	0000000000000000
   95	0000000000000000	0000000000000000	0000000000000000	0000000000000000	0000000000000000
   96	0000000000000000	0000000000000000	0000000000000000	0000000000000000	0000000000000000
   97	0000000000000000	0000000000000000	0000000000000000	0000000000000000	0000000000000000
   98	0000000000000000	0000000000000000	0000000000000000	0000000000000000	0000000000000000
   99	0000000000000000	0000000000000000	0000000000000000	0000000000000000	0000000000000000
  100	0000000000000000	0000000000000000	0000000000000000	0000000000000000	0000000000000000
  101	0000000000000000	0000000000000000	0000000000000000	0000000000000000	0000000000000000
  102	0000000000000000	0000000000000000	0000000000000000	0000000000000000	0000000000000000
  103	0000000000000000	0000000000000000	0000000000000000	0000000000000000	0000000000000000
  104	0000000000000000	0000000000000000	0000000000000000	0000000000000000	0000000000000000
  105	0000000000000000	0000000000000000	0000000000000000	0000000000000000	0000000000000000
  106	0000000000000000	0000000000000000	0000000000000000	0000000000000000	0000000000000000
  107	0000000000000000	0000000000000000	0000000000000000	0000000000000000	0000000000000000
  108	0000000000000000	0000000000000000	0000000000000000	0000000000000000	0000000000000000
  109	0000000000000000	0000000000000000	0000000000000000	0000000000000000	0000000000000000
  110	0000000000000000	0000000000000000	0000000000000000	0000000000000000	0000000000000000
  111	0000000000000000	0000000000000000	0000000000000000	0000000000000000	0000000000000000
  112	0000000000000000	0000000000000000	0000000000000000	0000000000000000	0000000000000000
  113	0000000000000000	0000000000000000	0000000000000000	0000000000000000	0000000000000000
  114	0000000000000000	0000000000000000	0000000000000000	0000000000000000	0000000000000000
  115	0000000000000000	0000000000000000	0000000000000000	0000000000000000	0000000000000000
  116	0000000000000000	0000000000000000	0000000000000000	0000000000000000	0000000000000000
  117	0000000000000000	0000000000000000	0000000000000000	0000000000000000	0000000000000000
  118	0000000000000000	0000000000000000	0000000000000000	0000000000000000	0000000000000000
  119	0000000000000000	0000000000000000	0000000000000000	0000000000000000	0000000000000000
  120	0000000000000000	0000000000000000	0000000000000000	0000000000000000	0000000000000000
  121	0000000000000000	0000000000000000	0000000000000000	0000000000000000	0000000000000000
  122	0000000000000000	0000000000000000	0000000000000000	0000000000000000	0000000000000000
  123	0000000000000000	0000000000000000	0000000000000000	0000000000000000	0000000000000000
  124	0000000000000000	0000000000000000	0000000000000000	0000000000000000	0000000000000000
  125	0000000000000000	0000000000000000	0000000000000000	0000000000000000	0000000000000000
  126	0000000000000000	0000000000000000	0000000000000000	0000000000000000	0000000000000000
  127	0000000000000000	0000000000000000	0000000000000000	0000000000000000	0000000000000000
  128	0000000000000000	0000000000000000	0000000000000000	0000000000000000	0000000000000000
  129	0000000000000000	0000000000000000	0000000000000000	0000000000000000	0000000000000000
  130	0000000000000000	0000000000000000	0000000000000000	0000000000000000	0000000000000000
  131	0000000000000000	0000000000000000	0000000000000000	0000000000000000	0000000000000000
  132	0000000000000000	0000000000000000	0000000000000000	0000000000000000	0000000000000000
  133	0000000000000000	0000000000000000	0000000000000000	0000000000000000	0000000000000000
  134	0000000000000000	0000000000000000	0000000000000000	0000000000000000	0000000000000000
  135	0000000000000000	0000000000000000	0000000000000000	0000000000000000	0000000000000000
  136	0000000000000000	0000000000000000	0000000000000000	0000000000000000	0000000000000000
  137	0000000000000000	0000000000000000	0000000000000000	0000000000000000	0000000000000000
  138	0000000000000000	0000000000000000	0000000000000000	0000000000000000	0000000000000000
  139	0000000000000000	0000000000000000	0000000000000000	0000000000000000	0000000000000000
  140	0000000000000000	0000000000000000	0000000000000000	0000000000000000	0000000000000000
  141	0000000000000000	0000000000000000	0000000000000000	0000000000000000	0000000000000000
  142	0000000000000000	0000000000000000	0000000000000000	0000000000000000	0000000000000000
  143	0000000000000000	0000000000000000	0000000000000000	0000000000000000	0000000000000000
  144	0000000000000000	0000000000000000	0000000000000000	0000000000000000	0000000000000000
  145	0000000000000000	0000000000000000	0000000000000000	0000000000000000	0000000000000000
  146	0000000000000000	0000000000000000	0000000000000000	0000000000000000	0000000000000000
  147	0000000000000000	0000000000000000	0000000000000000	0000000000000000	0000000000000000
  148	0000000000000000	0000000000000000	0000000000000000	0000000000000000	0000000000000000
  149	0000000000000000	0000000000000000	0000000000000000	0000000000000000	0000000000000000
  150	0000000000000000	0000000000000000	0000000000000000	0000000000000000	0000000000000000
  151	0000000000000000	0000000000000000	0000000000000000	0000000000000000	0000000000000000
  152	0000000000000000	0000000000000000	0000000000000000	0000000000000000	0000000000000000
  153	0000000000000000	0000000000000000	0000000000000000	0000000000000000	0000000000000000
  154	0000000000000000	0000000000000000	0000000000000000	0000000000000000	0000000000000000
  155	0000000000000000	0000000000000000	0000000000000000	0000000000000000	0000000000000000
  156	0000000000000000	0000000000000000	0000000000000000	0000000000000000	0000000000000000
  157	0000000000000000	0000000000000000	0000000000000000	0000000000000000	0000000000000000
  158	0000000000000000	0000000000000000	0000000000000000	0000000000000000	0000000000000000
  159	0000000000000000	0000000000000000	0000000000000000	0000000000000000	0000000000000000
  160	0000000000000000	0000000000000000	0000000000000000	0000000000000000	0000000000000000
  161	0000000000000000	0000000000000000	0000000000000000	0000000000000000	0000000000000000
  162	0000000000000000	0000000000000000	0000000000000000	0000000000000000	0000000000000000
  163	0000000000000000	0000000000000000	0000000000000000	0000000000000000	0000000000000000
  164	0000000000000000	0000000000000000	0000000000000000	0000000000000000	0000000000000000
  165	0000000000000000	0000000000000000	0000000000000000	0000000000000000	0000000000000000
  166	0000000000000000	0000000000000000	0000000000000000	0000000000000000	0000000000000000
  167	0000000000000000	0000000000000000	0000000000000000	0000000000000000	0000000000000000
  168	0000000000000000	0000000000000000	0000000000000000	0000000000000000	0000000000000000
  169	0000000000000000	0000000000000000	0000000000000000	0000000000000000	0000000000000000
  170	0000000000000000	0000000000000000	0000000000000000	0000000000000000	0000000000000000
  171	0000000000000000	0000000000000000	0000000000000000	0000000000000000	0000000000000000
  172	0000000000000000	0000000000000000	0000000000000000	0000000000000000	0000000000000000
  173	0000000000000000	0000000000000000	0000000000000000	0000000000000000	0000000000000000
  174	0000000000000000	0000000000000000	0000000000000000	0000000000000000	0000000000000000
  175	0000000000000000	0000000000000000	0000000000000000	0000000000000000	0000000000000000
  176	0000000000000000	0000000000000000	0000000000000000	0000000000000000	0000000000000000
  177	0000000000000000	0000000000000000	0000000000000000	0000000000000000	0000000000000000
  178	0000000000000000	0000000000000000	0000000000000000	0000000000000000	0000000000000000
  179	0000000000000000	0000000000000000	0000000000000000	0000000000000000	0000000000000000
  180	0000000000000000	0000000000000000	0000000000000000	0000000000000000	0000000000000000
  181	0000000000000000	0000000000000000	0000000000000000	0000000000000000	0000000000000000
  182	0000000000000000	0000000000000000	0000000000000000	0000000000000000	0000000000000000
  183	0000000000000000	0000000000000000	0000000000000000	0000000000000000	0000000000000000
  184	0000000000000000	0000000000000000	0000000000000000	0000000000000000	0000000000000000
  185	0000000000000000	0000000000000000	0000000000000000	0000000000000000	0000000000000000
  186	0000000000000000	0000000000000000	0000000000000000	0000000000000000	0000000000000000
  187	0000000000000000	0000000000000000	0000000000000000	0000000000000000	0000000000000000
  188	0000000000000000	0000000000000000	0000000000000000	0000000000000000	0000000000000000
  189	0000000000000000	0000000000000000	0000000000000000	0000000000000000	0000000000000000
  190	0000000000000000	0000000000000000	0000000000000000	0000000000000000	0000000000000000
  191	0000000000000000	0000000000000000	0000000000000000	0000000000000000	0000000000000000
  192	0000000000000000	0000000000000000	0000000000000000	0000000000000000	0000000000000000
  193	0000000000000000	0000000000000000	0000000000000000	0000000000000000	0000000000000000
  194	0000000000000000	0000000000000000	0000000000000000	0000000000000000	0000000000000000
  195	0000000000000000	0000000000000000	0000000000000000	0000000000000000	0000000000000000
  196	0000000000000000	0000000000000000	0000000000000000	0000000000000000	0000000000000000
  197	0000000000000000	0000000000000000	0000000000000000	0000000000000000	0000000000000000
  198	0000000000000000	0000000000000000	0000000000000000	0000000000000000	0000000000000000
  199	0000000000000000	0000000000000000	0000000000000000	0000000000000000	0000000000000000
  200	0000000000000000	0000000000000000	0000000000000000	0000000000000000	0000000000000000
  201	0000000000000000	0000000000000000	0000000000000000	0000000000000000	0000000000000000
  202	0000000000000000	0000000000000000	0000000000000000	0000000000000000	0000000000000000
  203	0000000000000000	0000000000000000	0000000000000000	0000000000000000	0000000000000000
  204	0000000000000000	0000000000000000	0000000000000000	0000000000000000	0000000000000000
  205	0000000000000000	0000000000000000	0000000000000000	0000000000000000	0000000000000000
  206	0000000000000000	0000000000000000	0000000000000000	0000000000000000	0000000000000000
  207	0000000000000000	0000000000000000	0000000000000000	0000000000000000	0000000000000000
  208	0000000000000000	0000000000000000	0000000000000000	0000000000000000	0000000000000000
  209	0000000000000000	0000000000000000	0000000000000000	0000000000000000	0000000000000000
  210	0000000000000000	0000000000000000	0000000000000000	0000000000000000	0000000000000000
  211	0000000000000000	0000000000000000	0000000000000000	0000000000000000	0000000000000000
  212	0000000000000000	0000000000000000	0000000000000000	0000000000000000	0000000000000000
  213	0000000000000000	0000000000000000	0000000000000000	0000000000000000	0000000000000000
  214	0000000000000000	0000000000000000	0000000000000000	0000000000000000	0000000000000000
  215	0000000000000000	0000000000000000	0000000000000000	0000000000000000	0000000000000000
  216	0000000000000000	0000000000000000	0000000000000000	0000000000000000	0000000000000000
  217	0000000000000000	0000000000000000	0000000000000000	0000000000000000	0000000000000000
  218	0000000000000000	0000000000000000	0000000000000000	0000000000000000	0000000000000000
  219	0000000000000000	0000000000000000	0000000000000000	0000000000000000	0000000000000000
  220	0000000000000000	0000000000000000	0000000000000000	0000000000000000	0000000000000000
  221	0000000000000000	0000000000000000	0000000000000000	0000000000000000	0000000000000000
  222	0000000000000000	0000000000000000	0000000000000000	0000000000000000	0000000000000000
  223	0000000000000000	0000000000000000	0000000000000000	0000000000000000	0000000000000000
  224	0000000000000000	0000000000000000	0000000000000000	0000000000000000	0000000000000000
  225	0000000000000000	0000000000000000	0000000000000000	0000000000000000	0000000000000000
  226	0000000000000000	0000000000000000	0000000000000000	0000000000000000	0000000000000000
  227	0000000000000000	0000000000000000	0000000000000000	0000000000000000	0000000000000000
  228	0000000000000000	0000000000000000	0000000000000000	0000000000000000	0000000000000000
  229	0000000000000000	0000000000000000	0000000000000000	0000000000000000	0000000000000000
  230	0000000000000000	0000000000000000	0000000000000000	0000000000000000	0000000000000000
  231	0000000000000000	0000000000000000	0000000000000000	0000000000000000	0000000000000000
  232	0000000000000000	0000000000000000	0000000000000000	0000000000000000	0000000000000000
  233	0000000000000000	0000000000000000	0000000000000000	0000000000000000	0000000000000000
  234	0000000000000000	0000000000000000	0000000000000000	0000000000000000	0000000000000000
  235	0000000000000000	0000000000000000	0000000000000000	0000000000000000	0000000000000000
  236	0000000000000000	0000000000000000	0000000000000000	0000000000000000	0000000000000000
  237	0000000000000000	0000000000000000	0000000000000000	0000000000000000	0000000000000000
  238	0000000000000000	0000000000000000	0000000000000000	0000000000000000	0000000000000000
  239	0000000000000000	0000000000000000	0000000000000000	0000000000000000	0000000000000000
  240	0000000000000000	0000000000000000	0000000000000000	0000000000000000	0000000000000000
  241	0000000000000000	0000000000000000	0000000000000000	0000000000000000	0000000000000000
  242	0000000000000000	0000000000000000	0000000000000000	0000000000000000	0000000000000000
  243	0000000000000000	0000000000000000	0000000000000000	0000000000000000	0000000000000000
  244	0000000000000000	0000000000000000	0000000000000000	0000000000000000	0000000000000000
  245	0000000000000000	0000000000000000	0000000000000000	0000000000000000	0000000000000000
  246	0000000000000000	0000000000000000	0000000000000000	0000000000000000	0000000000000000
  247	0000000000000000	0000000000000000	0000000000000000	0000000000000000	0000000000000000
  248	0000000000000000	0000000000000000	0000000000000000	0000000000000000	0000000000000000
  249	0000000000000000	0000000000000000	0000000000000000	0000000000000000	0000000000000000
  250	0000000000000000	0000000000000000	0000000000000000	0000000000000000	0000000000000000
  251	0000000000000000	0000000000000000	0000000000000000	0000000000000000	0000000000000000
  252	0000000000000000	0000000000000000	0000000000000000	0000000000000000	0000000000000000
  253	0000000000000000	0000000000000000	0000000000000000	0000000000000000	0000000000000000
  254	0000000000000000	0000000000000000	0000000000000000	0000000000000000	0000000000000000
  255	0000000000000000	0000000000000000	0000000000000000	0000000000000000	0000000000000000

Invalidation queue on IOMMU: dmar13
 Base: 0x1080054000	Head: 24	Tail: 24
Index		qw0			qw1			qw2			qw3			status
    0	0000000000000004	0000000000000000	0000000000000000	0000000000000000	0000000000000000
    1	0000000200000025	0000000100055804	0000000000000000	0000000000000000	0000000000000000
    2	0000000000000011	0000000000000000	0000000000000000	0000000000000000	0000000000000000
    3	0000000200000025	000000010005580c	0000000000000000	0000000000000000	0000000000000000
    4	00000000000000d2	0000000000000000	0000000000000000	0000000000000000	0000000000000000
    5	0000000200000025	0000000100055814	0000000000000000	0000000000000000	0000000000000000
    6	0000000000000014	0000000000000000	0000000000000000	0000000000000000	0000000000000000
    7	0000000200000025	000000010005581c	0000000000000000	0000000000000000	0000000000000000
    8	0000000000000014	0000000000000000	0000000000000000	0000000000000000	0000000000000000
    9	0000000200000025	0000000100055824	0000000000000000	0000000000000000	0000000000000000
   10	0000000000000014	0000000000000000	0000000000000000	0000000000000000	0000000000000000
   11	0000000200000025	000000010005582c	0000000000000000	0000000000000000	0000000000000000
   12	0000000100000014	0000000000000000	0000000000000000	0000000000000000	0000000000000000
   13	0000000200000025	0000000100055834	0000000000000000	0000000000000000	0000000000000000
   14	0000000100000014	0000000000000000	0000000000000000	0000000000000000	0000000000000000
   15	0000000200000025	000000010005583c	0000000000000000	0000000000000000	0000000000000000
   16	0000000100000014	0000000000000000	0000000000000000	0000000000000000	0000000000000000
   17	0000000200000025	0000000100055844	0000000000000000	0000000000000000	0000000000000000
   18	0000000100000014	0000000000000000	0000000000000000	0000000000000000	0000000000000000
   19	0000000200000025	000000010005584c	0000000000000000	0000000000000000	0000000000000000
   20	0000000100000014	0000000000000000	0000000000000000	0000000000000000	0000000000000000
   21	0000000200000025	0000000100055854	0000000000000000	0000000000000000	0000000000000000
   22	0000000100000014	0000000000000000	0000000000000000	0000000000000000	0000000000000000
   23	0000000200000025	000000010005585c	0000000000000000	0000000000000000	0000000000000000
   24	0000000000000000	0000000000000000	0000000000000000	0000000000000000	0000000000000000
   25	0000000000000000	0000000000000000	0000000000000000	0000000000000000	0000000000000000
   26	0000000000000000	0000000000000000	0000000000000000	0000000000000000	0000000000000000
   27	0000000000000000	0000000000000000	0000000000000000	0000000000000000	0000000000000000
   28	0000000000000000	0000000000000000	0000000000000000	0000000000000000	0000000000000000
   29	0000000000000000	0000000000000000	0000000000000000	0000000000000000	0000000000000000
   30	0000000000000000	0000000000000000	0000000000000000	0000000000000000	0000000000000000
   31	0000000000000000	0000000000000000	0000000000000000	0000000000000000	0000000000000000
   32	0000000000000000	0000000000000000	0000000000000000	0000000000000000	0000000000000000
   33	0000000000000000	0000000000000000	0000000000000000	0000000000000000	0000000000000000
   34	0000000000000000	0000000000000000	0000000000000000	0000000000000000	0000000000000000
   35	0000000000000000	0000000000000000	0000000000000000	0000000000000000	0000000000000000
   36	0000000000000000	0000000000000000	0000000000000000	0000000000000000	0000000000000000
   37	0000000000000000	0000000000000000	0000000000000000	0000000000000000	0000000000000000
   38	0000000000000000	0000000000000000	0000000000000000	0000000000000000	0000000000000000
   39	0000000000000000	0000000000000000	0000000000000000	0000000000000000	0000000000000000
   40	0000000000000000	0000000000000000	0000000000000000	0000000000000000	0000000000000000
   41	0000000000000000	0000000000000000	0000000000000000	0000000000000000	0000000000000000
   42	0000000000000000	0000000000000000	0000000000000000	0000000000000000	0000000000000000
   43	0000000000000000	0000000000000000	0000000000000000	0000000000000000	0000000000000000
   44	0000000000000000	0000000000000000	0000000000000000	0000000000000000	0000000000000000
   45	0000000000000000	0000000000000000	0000000000000000	0000000000000000	0000000000000000
   46	0000000000000000	0000000000000000	0000000000000000	0000000000000000	0000000000000000
   47	0000000000000000	0000000000000000	0000000000000000	0000000000000000	0000000000000000
   48	0000000000000000	0000000000000000	0000000000000000	0000000000000000	0000000000000000
   49	0000000000000000	0000000000000000	0000000000000000	0000000000000000	0000000000000000
   50	0000000000000000	0000000000000000	0000000000000000	0000000000000000	0000000000000000
   51	0000000000000000	0000000000000000	0000000000000000	0000000000000000	0000000000000000
   52	0000000000000000	0000000000000000	0000000000000000	0000000000000000	0000000000000000
   53	0000000000000000	0000000000000000	0000000000000000	0000000000000000	0000000000000000
   54	0000000000000000	0000000000000000	0000000000000000	0000000000000000	0000000000000000
   55	0000000000000000	0000000000000000	0000000000000000	0000000000000000	0000000000000000
   56	0000000000000000	0000000000000000	0000000000000000	0000000000000000	0000000000000000
   57	0000000000000000	0000000000000000	0000000000000000	0000000000000000	0000000000000000
   58	0000000000000000	0000000000000000	0000000000000000	0000000000000000	0000000000000000
   59	0000000000000000	0000000000000000	0000000000000000	0000000000000000	0000000000000000
   60	0000000000000000	0000000000000000	0000000000000000	0000000000000000	0000000000000000
   61	0000000000000000	0000000000000000	0000000000000000	0000000000000000	0000000000000000
   62	0000000000000000	0000000000000000	0000000000000000	0000000000000000	0000000000000000
   63	0000000000000000	0000000000000000	0000000000000000	0000000000000000	0000000000000000
   64	0000000000000000	0000000000000000	0000000000000000	0000000000000000	0000000000000000
   65	0000000000000000	0000000000000000	0000000000000000	0000000000000000	0000000000000000
   66	0000000000000000	0000000000000000	0000000000000000	0000000000000000	0000000000000000
   67	0000000000000000	0000000000000000	0000000000000000	0000000000000000	0000000000000000
   68	0000000000000000	0000000000000000	0000000000000000	0000000000000000	0000000000000000
   69	0000000000000000	0000000000000000	0000000000000000	0000000000000000	0000000000000000
   70	0000000000000000	0000000000000000	0000000000000000	0000000000000000	0000000000000000
   71	0000000000000000	0000000000000000	0000000000000000	0000000000000000	0000000000000000
   72	0000000000000000	0000000000000000	0000000000000000	0000000000000000	0000000000000000
   73	0000000000000000	0000000000000000	0000000000000000	0000000000000000	0000000000000000
   74	0000000000000000	0000000000000000	0000000000000000	0000000000000000	0000000000000000
   75	0000000000000000	0000000000000000	0000000000000000	0000000000000000	0000000000000000
   76	0000000000000000	0000000000000000	0000000000000000	0000000000000000	0000000000000000
   77	0000000000000000	0000000000000000	0000000000000000	0000000000000000	0000000000000000
   78	0000000000000000	0000000000000000	0000000000000000	0000000000000000	0000000000000000
   79	0000000000000000	0000000000000000	0000000000000000	0000000000000000	0000000000000000
   80	0000000000000000	0000000000000000	0000000000000000	0000000000000000	0000000000000000
   81	0000000000000000	0000000000000000	0000000000000000	0000000000000000	0000000000000000
   82	0000000000000000	0000000000000000	0000000000000000	0000000000000000	0000000000000000
   83	0000000000000000	0000000000000000	0000000000000000	0000000000000000	0000000000000000
   84	0000000000000000	0000000000000000	0000000000000000	0000000000000000	0000000000000000
   85	0000000000000000	0000000000000000	0000000000000000	0000000000000000	0000000000000000
   86	0000000000000000	0000000000000000	0000000000000000	0000000000000000	0000000000000000
   87	0000000000000000	0000000000000000	0000000000000000	0000000000000000	0000000000000000
   88	0000000000000000	0000000000000000	0000000000000000	0000000000000000	0000000000000000
   89	0000000000000000	0000000000000000	0000000000000000	0000000000000000	0000000000000000
   90	0000000000000000	0000000000000000	0000000000000000	0000000000000000	0000000000000000
   91	0000000000000000	0000000000000000	0000000000000000	0000000000000000	0000000000000000
   92	0000000000000000	0000000000000000	0000000000000000	0000000000000000	0000000000000000
   93	0000000000000000	0000000000000000	0000000000000000	0000000000000000	0000000000000000
   94	0000000000000000	0000000000000000	0000000000000000	0000000000000000	0000000000000000
   95	0000000000000000	0000000000000000	0000000000000000	0000000000000000	0000000000000000
   96	0000000000000000	0000000000000000	0000000000000000	0000000000000000	0000000000000000
   97	0000000000000000	0000000000000000	0000000000000000	0000000000000000	0000000000000000
   98	0000000000000000	0000000000000000	0000000000000000	0000000000000000	0000000000000000
   99	0000000000000000	0000000000000000	0000000000000000	0000000000000000	0000000000000000
  100	0000000000000000	0000000000000000	0000000000000000	0000000000000000	0000000000000000
  101	0000000000000000	0000000000000000	0000000000000000	0000000000000000	0000000000000000
  102	0000000000000000	0000000000000000	0000000000000000	0000000000000000	0000000000000000
  103	0000000000000000	0000000000000000	0000000000000000	0000000000000000	0000000000000000
  104	0000000000000000	0000000000000000	0000000000000000	0000000000000000	0000000000000000
  105	0000000000000000	0000000000000000	0000000000000000	0000000000000000	0000000000000000
  106	0000000000000000	0000000000000000	0000000000000000	0000000000000000	0000000000000000
  107	0000000000000000	0000000000000000	0000000000000000	0000000000000000	0000000000000000
  108	0000000000000000	0000000000000000	0000000000000000	0000000000000000	0000000000000000
  109	0000000000000000	0000000000000000	0000000000000000	0000000000000000	0000000000000000
  110	0000000000000000	0000000000000000	0000000000000000	0000000000000000	0000000000000000
  111	0000000000000000	0000000000000000	0000000000000000	0000000000000000	0000000000000000
  112	0000000000000000	0000000000000000	0000000000000000	0000000000000000	0000000000000000
  113	0000000000000000	0000000000000000	0000000000000000	0000000000000000	0000000000000000
  114	0000000000000000	0000000000000000	0000000000000000	0000000000000000	0000000000000000
  115	0000000000000000	0000000000000000	0000000000000000	0000000000000000	0000000000000000
  116	0000000000000000	0000000000000000	0000000000000000	0000000000000000	0000000000000000
  117	0000000000000000	0000000000000000	0000000000000000	0000000000000000	0000000000000000
  118	0000000000000000	0000000000000000	0000000000000000	0000000000000000	0000000000000000
  119	0000000000000000	0000000000000000	0000000000000000	0000000000000000	0000000000000000
  120	0000000000000000	0000000000000000	0000000000000000	0000000000000000	0000000000000000
  121	0000000000000000	0000000000000000	0000000000000000	0000000000000000	0000000000000000
  122	0000000000000000	0000000000000000	0000000000000000	0000000000000000	0000000000000000
  123	0000000000000000	0000000000000000	0000000000000000	0000000000000000	0000000000000000
  124	0000000000000000	0000000000000000	0000000000000000	0000000000000000	0000000000000000
  125	0000000000000000	0000000000000000	0000000000000000	0000000000000000	0000000000000000
  126	0000000000000000	0000000000000000	0000000000000000	0000000000000000	0000000000000000
  127	0000000000000000	0000000000000000	0000000000000000	0000000000000000	0000000000000000
  128	0000000000000000	0000000000000000	0000000000000000	0000000000000000	0000000000000000
  129	0000000000000000	0000000000000000	0000000000000000	0000000000000000	0000000000000000
  130	0000000000000000	0000000000000000	0000000000000000	0000000000000000	0000000000000000
  131	0000000000000000	0000000000000000	0000000000000000	0000000000000000	0000000000000000
  132	0000000000000000	0000000000000000	0000000000000000	0000000000000000	0000000000000000
  133	0000000000000000	0000000000000000	0000000000000000	0000000000000000	0000000000000000
  134	0000000000000000	0000000000000000	0000000000000000	0000000000000000	0000000000000000
  135	0000000000000000	0000000000000000	0000000000000000	0000000000000000	0000000000000000
  136	0000000000000000	0000000000000000	0000000000000000	0000000000000000	0000000000000000
  137	0000000000000000	0000000000000000	0000000000000000	0000000000000000	0000000000000000
  138	0000000000000000	0000000000000000	0000000000000000	0000000000000000	0000000000000000
  139	0000000000000000	0000000000000000	0000000000000000	0000000000000000	0000000000000000
  140	0000000000000000	0000000000000000	0000000000000000	0000000000000000	0000000000000000
  141	0000000000000000	0000000000000000	0000000000000000	0000000000000000	0000000000000000
  142	0000000000000000	0000000000000000	0000000000000000	0000000000000000	0000000000000000
  143	0000000000000000	0000000000000000	0000000000000000	0000000000000000	0000000000000000
  144	0000000000000000	0000000000000000	0000000000000000	0000000000000000	0000000000000000
  145	0000000000000000	0000000000000000	0000000000000000	0000000000000000	0000000000000000
  146	0000000000000000	0000000000000000	0000000000000000	0000000000000000	0000000000000000
  147	0000000000000000	0000000000000000	0000000000000000	0000000000000000	0000000000000000
  148	0000000000000000	0000000000000000	0000000000000000	0000000000000000	0000000000000000
  149	0000000000000000	0000000000000000	0000000000000000	0000000000000000	0000000000000000
  150	0000000000000000	0000000000000000	0000000000000000	0000000000000000	0000000000000000
  151	0000000000000000	0000000000000000	0000000000000000	0000000000000000	0000000000000000
  152	0000000000000000	0000000000000000	0000000000000000	0000000000000000	0000000000000000
  153	0000000000000000	0000000000000000	0000000000000000	0000000000000000	0000000000000000
  154	0000000000000000	0000000000000000	0000000000000000	0000000000000000	0000000000000000
  155	0000000000000000	0000000000000000	0000000000000000	0000000000000000	0000000000000000
  156	0000000000000000	0000000000000000	0000000000000000	0000000000000000	0000000000000000
  157	0000000000000000	0000000000000000	0000000000000000	0000000000000000	0000000000000000
  158	0000000000000000	0000000000000000	0000000000000000	0000000000000000	0000000000000000
  159	0000000000000000	0000000000000000	0000000000000000	0000000000000000	0000000000000000
  160	0000000000000000	0000000000000000	0000000000000000	0000000000000000	0000000000000000
  161	0000000000000000	0000000000000000	0000000000000000	0000000000000000	0000000000000000
  162	0000000000000000	0000000000000000	0000000000000000	0000000000000000	0000000000000000
  163	0000000000000000	0000000000000000	0000000000000000	0000000000000000	0000000000000000
  164	0000000000000000	0000000000000000	0000000000000000	0000000000000000	0000000000000000
  165	0000000000000000	0000000000000000	0000000000000000	0000000000000000	0000000000000000
  166	0000000000000000	0000000000000000	0000000000000000	0000000000000000	0000000000000000
  167	0000000000000000	0000000000000000	0000000000000000	0000000000000000	0000000000000000
  168	0000000000000000	0000000000000000	0000000000000000	0000000000000000	0000000000000000
  169	0000000000000000	0000000000000000	0000000000000000	0000000000000000	0000000000000000
  170	0000000000000000	0000000000000000	0000000000000000	0000000000000000	0000000000000000
  171	0000000000000000	0000000000000000	0000000000000000	0000000000000000	0000000000000000
  172	0000000000000000	0000000000000000	0000000000000000	0000000000000000	0000000000000000
  173	0000000000000000	0000000000000000	0000000000000000	0000000000000000	0000000000000000
  174	0000000000000000	0000000000000000	0000000000000000	0000000000000000	0000000000000000
  175	0000000000000000	0000000000000000	0000000000000000	0000000000000000	0000000000000000
  176	0000000000000000	0000000000000000	0000000000000000	0000000000000000	0000000000000000
  177	0000000000000000	0000000000000000	0000000000000000	0000000000000000	0000000000000000
  178	0000000000000000	0000000000000000	0000000000000000	0000000000000000	0000000000000000
  179	0000000000000000	0000000000000000	0000000000000000	0000000000000000	0000000000000000
  180	0000000000000000	0000000000000000	0000000000000000	0000000000000000	0000000000000000
  181	0000000000000000	0000000000000000	0000000000000000	0000000000000000	0000000000000000
  182	0000000000000000	0000000000000000	0000000000000000	0000000000000000	0000000000000000
  183	0000000000000000	0000000000000000	0000000000000000	0000000000000000	0000000000000000
  184	0000000000000000	0000000000000000	0000000000000000	0000000000000000	0000000000000000
  185	0000000000000000	0000000000000000	0000000000000000	0000000000000000	0000000000000000
  186	0000000000000000	0000000000000000	0000000000000000	0000000000000000	0000000000000000
  187	0000000000000000	0000000000000000	0000000000000000	0000000000000000	0000000000000000
  188	0000000000000000	0000000000000000	0000000000000000	0000000000000000	0000000000000000
  189	0000000000000000	0000000000000000	0000000000000000	0000000000000000	0000000000000000
  190	0000000000000000	0000000000000000	0000000000000000	0000000000000000	0000000000000000
  191	0000000000000000	0000000000000000	0000000000000000	0000000000000000	0000000000000000
  192	0000000000000000	0000000000000000	0000000000000000	0000000000000000	0000000000000000
  193	0000000000000000	0000000000000000	0000000000000000	0000000000000000	0000000000000000
  194	0000000000000000	0000000000000000	0000000000000000	0000000000000000	0000000000000000
  195	0000000000000000	0000000000000000	0000000000000000	0000000000000000	0000000000000000
  196	0000000000000000	0000000000000000	0000000000000000	0000000000000000	0000000000000000
  197	0000000000000000	0000000000000000	0000000000000000	0000000000000000	0000000000000000
  198	0000000000000000	0000000000000000	0000000000000000	0000000000000000	0000000000000000
  199	0000000000000000	0000000000000000	0000000000000000	0000000000000000	0000000000000000
  200	0000000000000000	0000000000000000	0000000000000000	0000000000000000	0000000000000000
  201	0000000000000000	0000000000000000	0000000000000000	0000000000000000	0000000000000000
  202	0000000000000000	0000000000000000	0000000000000000	0000000000000000	0000000000000000
  203	0000000000000000	0000000000000000	0000000000000000	0000000000000000	0000000000000000
  204	0000000000000000	0000000000000000	0000000000000000	0000000000000000	0000000000000000
  205	0000000000000000	0000000000000000	0000000000000000	0000000000000000	0000000000000000
  206	0000000000000000	0000000000000000	0000000000000000	0000000000000000	0000000000000000
  207	0000000000000000	0000000000000000	0000000000000000	0000000000000000	0000000000000000
  208	0000000000000000	0000000000000000	0000000000000000	0000000000000000	0000000000000000
  209	0000000000000000	0000000000000000	0000000000000000	0000000000000000	0000000000000000
  210	0000000000000000	0000000000000000	0000000000000000	0000000000000000	0000000000000000
  211	0000000000000000	0000000000000000	0000000000000000	0000000000000000	0000000000000000
  212	0000000000000000	0000000000000000	0000000000000000	0000000000000000	0000000000000000
  213	0000000000000000	0000000000000000	0000000000000000	0000000000000000	0000000000000000
  214	0000000000000000	0000000000000000	0000000000000000	0000000000000000	0000000000000000
  215	0000000000000000	0000000000000000	0000000000000000	0000000000000000	0000000000000000
  216	0000000000000000	0000000000000000	0000000000000000	0000000000000000	0000000000000000
  217	0000000000000000	0000000000000000	0000000000000000	0000000000000000	0000000000000000
  218	0000000000000000	0000000000000000	0000000000000000	0000000000000000	0000000000000000
  219	0000000000000000	0000000000000000	0000000000000000	0000000000000000	0000000000000000
  220	0000000000000000	0000000000000000	0000000000000000	0000000000000000	0000000000000000
  221	0000000000000000	0000000000000000	0000000000000000	0000000000000000	0000000000000000
  222	0000000000000000	0000000000000000	0000000000000000	0000000000000000	0000000000000000
  223	0000000000000000	0000000000000000	0000000000000000	0000000000000000	0000000000000000
  224	0000000000000000	0000000000000000	0000000000000000	0000000000000000	0000000000000000
  225	0000000000000000	0000000000000000	0000000000000000	0000000000000000	0000000000000000
  226	0000000000000000	0000000000000000	0000000000000000	0000000000000000	0000000000000000
  227	0000000000000000	0000000000000000	0000000000000000	0000000000000000	0000000000000000
  228	0000000000000000	0000000000000000	0000000000000000	0000000000000000	0000000000000000
  229	0000000000000000	0000000000000000	0000000000000000	0000000000000000	0000000000000000
  230	0000000000000000	0000000000000000	0000000000000000	0000000000000000	0000000000000000
  231	0000000000000000	0000000000000000	0000000000000000	0000000000000000	0000000000000000
  232	0000000000000000	0000000000000000	0000000000000000	0000000000000000	0000000000000000
  233	0000000000000000	0000000000000000	0000000000000000	0000000000000000	0000000000000000
  234	0000000000000000	0000000000000000	0000000000000000	0000000000000000	0000000000000000
  235	0000000000000000	0000000000000000	0000000000000000	0000000000000000	0000000000000000
  236	0000000000000000	0000000000000000	0000000000000000	0000000000000000	0000000000000000
  237	0000000000000000	0000000000000000	0000000000000000	0000000000000000	0000000000000000
  238	0000000000000000	0000000000000000	0000000000000000	0000000000000000	0000000000000000
  239	0000000000000000	0000000000000000	0000000000000000	0000000000000000	0000000000000000
  240	0000000000000000	0000000000000000	0000000000000000	0000000000000000	0000000000000000
  241	0000000000000000	0000000000000000	0000000000000000	0000000000000000	0000000000000000
  242	0000000000000000	0000000000000000	0000000000000000	0000000000000000	0000000000000000
  243	0000000000000000	0000000000000000	0000000000000000	0000000000000000	0000000000000000
  244	0000000000000000	0000000000000000	0000000000000000	0000000000000000	0000000000000000
  245	0000000000000000	0000000000000000	0000000000000000	0000000000000000	0000000000000000
  246	0000000000000000	0000000000000000	0000000000000000	0000000000000000	0000000000000000
  247	0000000000000000	0000000000000000	0000000000000000	0000000000000000	0000000000000000
  248	0000000000000000	0000000000000000	0000000000000000	0000000000000000	0000000000000000
  249	0000000000000000	0000000000000000	0000000000000000	0000000000000000	0000000000000000
  250	0000000000000000	0000000000000000	0000000000000000	0000000000000000	0000000000000000
  251	0000000000000000	0000000000000000	0000000000000000	0000000000000000	0000000000000000
  252	0000000000000000	0000000000000000	0000000000000000	0000000000000000	0000000000000000
  253	0000000000000000	0000000000000000	0000000000000000	0000000000000000	0000000000000000
  254	0000000000000000	0000000000000000	0000000000000000	0000000000000000	0000000000000000
  255	0000000000000000	0000000000000000	0000000000000000	0000000000000000	0000000000000000

Invalidation queue on IOMMU: dmar12
 Base: 0x1003a2000	Head: 76	Tail: 76
Index		qw0			qw1			qw2			qw3			status
    0	0000002500000014	0000000000000000	0000000000000000	0000000000000000	0000000000000000
    1	0000000200000025	0000000100055c04	0000000000000000	0000000000000000	0000000000000000
    2	0000004100000014	0000000000000000	0000000000000000	0000000000000000	0000000000000000
    3	0000000200000025	0000000100055c0c	0000000000000000	0000000000000000	0000000000000000
    4	0000003700000014	0000000000000000	0000000000000000	0000000000000000	0000000000000000
    5	0000000200000025	0000000100055c14	0000000000000000	0000000000000000	0000000000000000
    6	0000002d00000014	0000000000000000	0000000000000000	0000000000000000	0000000000000000
    7	0000000200000025	0000000100055c1c	0000000000000000	0000000000000000	0000000000000000
    8	0000002300000014	0000000000000000	0000000000000000	0000000000000000	0000000000000000
    9	0000000200000025	0000000100055c24	0000000000000000	0000000000000000	0000000000000000
   10	0000003f00000014	0000000000000000	0000000000000000	0000000000000000	0000000000000000
   11	0000000200000025	0000000100055c2c	0000000000000000	0000000000000000	0000000000000000
   12	0000003500000014	0000000000000000	0000000000000000	0000000000000000	0000000000000000
   13	0000000200000025	0000000100055c34	0000000000000000	0000000000000000	0000000000000000
   14	0000002b00000014	0000000000000000	0000000000000000	0000000000000000	0000000000000000
   15	0000000200000025	0000000100055c3c	0000000000000000	0000000000000000	0000000000000000
   16	0000003d00000014	0000000000000000	0000000000000000	0000000000000000	0000000000000000
   17	0000000200000025	0000000100055c44	0000000000000000	0000000000000000	0000000000000000
   18	0000003300000014	0000000000000000	0000000000000000	0000000000000000	0000000000000000
   19	0000000200000025	0000000100055c4c	0000000000000000	0000000000000000	0000000000000000
   20	0000002900000014	0000000000000000	0000000000000000	0000000000000000	0000000000000000
   21	0000000200000025	0000000100055c54	0000000000000000	0000000000000000	0000000000000000
   22	0000003b00000014	0000000000000000	0000000000000000	0000000000000000	0000000000000000
   23	0000000200000025	0000000100055c5c	0000000000000000	0000000000000000	0000000000000000
   24	0000003100000014	0000000000000000	0000000000000000	0000000000000000	0000000000000000
   25	0000000200000025	0000000100055c64	0000000000000000	0000000000000000	0000000000000000
   26	0000002700000014	0000000000000000	0000000000000000	0000000000000000	0000000000000000
   27	0000000200000025	0000000100055c6c	0000000000000000	0000000000000000	0000000000000000
   28	0000000100000014	0000000000000000	0000000000000000	0000000000000000	0000000000000000
   29	0000000200000025	0000000100055c74	0000000000000000	0000000000000000	0000000000000000
   30	0000002200000014	0000000000000000	0000000000000000	0000000000000000	0000000000000000
   31	0000000200000025	0000000100055c7c	0000000000000000	0000000000000000	0000000000000000
   32	0000000600000014	0000000000000000	0000000000000000	0000000000000000	0000000000000000
   33	0000000200000025	0000000100055c84	0000000000000000	0000000000000000	0000000000000000
   34	0000002500000014	0000000000000000	0000000000000000	0000000000000000	0000000000000000
   35	0000000200000025	0000000100055c8c	0000000000000000	0000000000000000	0000000000000000
   36	0000002e00000014	0000000000000000	0000000000000000	0000000000000000	0000000000000000
   37	0000000200000025	0000000100055c94	0000000000000000	0000000000000000	0000000000000000
   38	0000003000000014	0000000000000000	0000000000000000	0000000000000000	0000000000000000
   39	0000000200000025	0000000100055c9c	0000000000000000	0000000000000000	0000000000000000
   40	0000001100000014	0000000000000000	0000000000000000	0000000000000000	0000000000000000
   41	0000000200000025	0000000100055ca4	0000000000000000	0000000000000000	0000000000000000
   42	0000000d00000014	0000000000000000	0000000000000000	0000000000000000	0000000000000000
   43	0000000200000025	0000000100055cac	0000000000000000	0000000000000000	0000000000000000
   44	0000000d00000014	0000000000000000	0000000000000000	0000000000000000	0000000000000000
   45	0000000200000025	0000000100055cb4	0000000000000000	0000000000000000	0000000000000000
   46	0000001100000014	0000000000000000	0000000000000000	0000000000000000	0000000000000000
   47	0000000200000025	0000000100055cbc	0000000000000000	0000000000000000	0000000000000000
   48	0000000800000014	0000000000000000	0000000000000000	0000000000000000	0000000000000000
   49	0000000200000025	0000000100055cc4	0000000000000000	0000000000000000	0000000000000000
   50	0000002a00000014	0000000000000000	0000000000000000	0000000000000000	0000000000000000
   51	0000000200000025	0000000100055ccc	0000000000000000	0000000000000000	0000000000000000
   52	0000001100000014	0000000000000000	0000000000000000	0000000000000000	0000000000000000
   53	0000000200000025	0000000100055cd4	0000000000000000	0000000000000000	0000000000000000
   54	0000001100000014	0000000000000000	0000000000000000	0000000000000000	0000000000000000
   55	0000000200000025	0000000100055cdc	0000000000000000	0000000000000000	0000000000000000
   56	0000000f00000014	0000000000000000	0000000000000000	0000000000000000	0000000000000000
   57	0000000200000025	0000000100055ce4	0000000000000000	0000000000000000	0000000000000000
   58	0000000f00000014	0000000000000000	0000000000000000	0000000000000000	0000000000000000
   59	0000000200000025	0000000100055cec	0000000000000000	0000000000000000	0000000000000000
   60	0000000d00000014	0000000000000000	0000000000000000	0000000000000000	0000000000000000
   61	0000000200000025	0000000100055cf4	0000000000000000	0000000000000000	0000000000000000
   62	0000000800000014	0000000000000000	0000000000000000	0000000000000000	0000000000000000
   63	0000000200000025	0000000100055cfc	0000000000000000	0000000000000000	0000000000000000
   64	0000000f00000014	0000000000000000	0000000000000000	0000000000000000	0000000000000000
   65	0000000200000025	0000000100055d04	0000000000000000	0000000000000000	0000000000000000
   66	0000000500000014	0000000000000000	0000000000000000	0000000000000000	0000000000000000
   67	0000000200000025	0000000100055d0c	0000000000000000	0000000000000000	0000000000000000
   68	0000002900000014	0000000000000000	0000000000000000	0000000000000000	0000000000000000
   69	0000000200000025	0000000100055d14	0000000000000000	0000000000000000	0000000000000000
   70	0000002900000014	0000000000000000	0000000000000000	0000000000000000	0000000000000000
   71	0000000200000025	0000000100055d1c	0000000000000000	0000000000000000	0000000000000000
   72	0000002900000014	0000000000000000	0000000000000000	0000000000000000	0000000000000000
   73	0000000200000025	0000000100055d24	0000000000000000	0000000000000000	0000000000000000
   74	0000002e00000014	0000000000000000	0000000000000000	0000000000000000	0000000000000000
   75	0000000200000025	0000000100055d2c	0000000000000000	0000000000000000	0000000000000000
   76	0000000500000014	0000000000000000	0000000000000000	0000000000000000	0000000000000000
   77	0000000200000025	0000000100055d34	0000000000000000	0000000000000000	0000000000000000
   78	0000002100000014	0000000000000000	0000000000000000	0000000000000000	0000000000000000
   79	0000000200000025	0000000100055d3c	0000000000000000	0000000000000000	0000000000000000
   80	0000001700000014	0000000000000000	0000000000000000	0000000000000000	0000000000000000
   81	0000000200000025	0000000100055d44	0000000000000000	0000000000000000	0000000000000000
   82	0000000d00000014	0000000000000000	0000000000000000	0000000000000000	0000000000000000
   83	0000000200000025	0000000100055d4c	0000000000000000	0000000000000000	0000000000000000
   84	0000000300000014	0000000000000000	0000000000000000	0000000000000000	0000000000000000
   85	0000000200000025	0000000100055d54	0000000000000000	0000000000000000	0000000000000000
   86	0000001e00000014	0000000000000000	0000000000000000	0000000000000000	0000000000000000
   87	0000000200000025	0000000100055d5c	0000000000000000	0000000000000000	0000000000000000
   88	0000001400000014	0000000000000000	0000000000000000	0000000000000000	0000000000000000
   89	0000000200000025	0000000100055d64	0000000000000000	0000000000000000	0000000000000000
   90	0000003800000014	0000000000000000	0000000000000000	0000000000000000	0000000000000000
   91	0000000200000025	0000000100055d6c	0000000000000000	0000000000000000	0000000000000000
   92	0000002e00000014	0000000000000000	0000000000000000	0000000000000000	0000000000000000
   93	0000000200000025	0000000100055d74	0000000000000000	0000000000000000	0000000000000000
   94	0000002400000014	0000000000000000	0000000000000000	0000000000000000	0000000000000000
   95	0000000200000025	0000000100055d7c	0000000000000000	0000000000000000	0000000000000000
   96	0000004000000014	0000000000000000	0000000000000000	0000000000000000	0000000000000000
   97	0000000200000025	0000000100055d84	0000000000000000	0000000000000000	0000000000000000
   98	0000003600000014	0000000000000000	0000000000000000	0000000000000000	0000000000000000
   99	0000000200000025	0000000100055d8c	0000000000000000	0000000000000000	0000000000000000
  100	0000002c00000014	0000000000000000	0000000000000000	0000000000000000	0000000000000000
  101	0000000200000025	0000000100055d94	0000000000000000	0000000000000000	0000000000000000
  102	0000002200000014	0000000000000000	0000000000000000	0000000000000000	0000000000000000
  103	0000000200000025	0000000100055d9c	0000000000000000	0000000000000000	0000000000000000
  104	0000003e00000014	0000000000000000	0000000000000000	0000000000000000	0000000000000000
  105	0000000200000025	0000000100055da4	0000000000000000	0000000000000000	0000000000000000
  106	0000003400000014	0000000000000000	0000000000000000	0000000000000000	0000000000000000
  107	0000000200000025	0000000100055dac	0000000000000000	0000000000000000	0000000000000000
  108	0000002a00000014	0000000000000000	0000000000000000	0000000000000000	0000000000000000
  109	0000000200000025	0000000100055db4	0000000000000000	0000000000000000	0000000000000000
  110	0000003c00000014	0000000000000000	0000000000000000	0000000000000000	0000000000000000
  111	0000000200000025	0000000100055dbc	0000000000000000	0000000000000000	0000000000000000
  112	0000003200000014	0000000000000000	0000000000000000	0000000000000000	0000000000000000
  113	0000000200000025	0000000100055dc4	0000000000000000	0000000000000000	0000000000000000
  114	0000002800000014	0000000000000000	0000000000000000	0000000000000000	0000000000000000
  115	0000000200000025	0000000100055dcc	0000000000000000	0000000000000000	0000000000000000
  116	0000003a00000014	0000000000000000	0000000000000000	0000000000000000	0000000000000000
  117	0000000200000025	0000000100055dd4	0000000000000000	0000000000000000	0000000000000000
  118	0000003000000014	0000000000000000	0000000000000000	0000000000000000	0000000000000000
  119	0000000200000025	0000000100055ddc	0000000000000000	0000000000000000	0000000000000000
  120	0000002600000014	0000000000000000	0000000000000000	0000000000000000	0000000000000000
  121	0000000200000025	0000000100055de4	0000000000000000	0000000000000000	0000000000000000
  122	0000003900000014	0000000000000000	0000000000000000	0000000000000000	0000000000000000
  123	0000000200000025	0000000100055dec	0000000000000000	0000000000000000	0000000000000000
  124	0000002f00000014	0000000000000000	0000000000000000	0000000000000000	0000000000000000
  125	0000000200000025	0000000100055df4	0000000000000000	0000000000000000	0000000000000000
  126	0000002500000014	0000000000000000	0000000000000000	0000000000000000	0000000000000000
  127	0000000200000025	0000000100055dfc	0000000000000000	0000000000000000	0000000000000000
  128	0000004100000014	0000000000000000	0000000000000000	0000000000000000	0000000000000000
  129	0000000200000025	0000000100055e04	0000000000000000	0000000000000000	0000000000000000
  130	0000003700000014	0000000000000000	0000000000000000	0000000000000000	0000000000000000
  131	0000000200000025	0000000100055e0c	0000000000000000	0000000000000000	0000000000000000
  132	0000002d00000014	0000000000000000	0000000000000000	0000000000000000	0000000000000000
  133	0000000200000025	0000000100055e14	0000000000000000	0000000000000000	0000000000000000
  134	0000002300000014	0000000000000000	0000000000000000	0000000000000000	0000000000000000
  135	0000000200000025	0000000100055e1c	0000000000000000	0000000000000000	0000000000000000
  136	0000003f00000014	0000000000000000	0000000000000000	0000000000000000	0000000000000000
  137	0000000200000025	0000000100055e24	0000000000000000	0000000000000000	0000000000000000
  138	0000003500000014	0000000000000000	0000000000000000	0000000000000000	0000000000000000
  139	0000000200000025	0000000100055e2c	0000000000000000	0000000000000000	0000000000000000
  140	0000002b00000014	0000000000000000	0000000000000000	0000000000000000	0000000000000000
  141	0000000200000025	0000000100055e34	0000000000000000	0000000000000000	0000000000000000
  142	0000003d00000014	0000000000000000	0000000000000000	0000000000000000	0000000000000000
  143	0000000200000025	0000000100055e3c	0000000000000000	0000000000000000	0000000000000000
  144	0000003300000014	0000000000000000	0000000000000000	0000000000000000	0000000000000000
  145	0000000200000025	0000000100055e44	0000000000000000	0000000000000000	0000000000000000
  146	0000002900000014	0000000000000000	0000000000000000	0000000000000000	0000000000000000
  147	0000000200000025	0000000100055e4c	0000000000000000	0000000000000000	0000000000000000
  148	0000003b00000014	0000000000000000	0000000000000000	0000000000000000	0000000000000000
  149	0000000200000025	0000000100055e54	0000000000000000	0000000000000000	0000000000000000
  150	0000003100000014	0000000000000000	0000000000000000	0000000000000000	0000000000000000
  151	0000000200000025	0000000100055e5c	0000000000000000	0000000000000000	0000000000000000
  152	0000002700000014	0000000000000000	0000000000000000	0000000000000000	0000000000000000
  153	0000000200000025	0000000100055e64	0000000000000000	0000000000000000	0000000000000000
  154	0000000100000014	0000000000000000	0000000000000000	0000000000000000	0000000000000000
  155	0000000200000025	0000000100055e6c	0000000000000000	0000000000000000	0000000000000000
  156	0000000a00000014	0000000000000000	0000000000000000	0000000000000000	0000000000000000
  157	0000000200000025	0000000100055e74	0000000000000000	0000000000000000	0000000000000000
  158	0000001c00000014	0000000000000000	0000000000000000	0000000000000000	0000000000000000
  159	0000000200000025	0000000100055e7c	0000000000000000	0000000000000000	0000000000000000
  160	0000001200000014	0000000000000000	0000000000000000	0000000000000000	0000000000000000
  161	0000000200000025	0000000100055e84	0000000000000000	0000000000000000	0000000000000000
  162	0000000800000014	0000000000000000	0000000000000000	0000000000000000	0000000000000000
  163	0000000200000025	0000000100055e8c	0000000000000000	0000000000000000	0000000000000000
  164	0000001a00000014	0000000000000000	0000000000000000	0000000000000000	0000000000000000
  165	0000000200000025	0000000100055e94	0000000000000000	0000000000000000	0000000000000000
  166	0000001000000014	0000000000000000	0000000000000000	0000000000000000	0000000000000000
  167	0000000200000025	0000000100055e9c	0000000000000000	0000000000000000	0000000000000000
  168	0000000600000014	0000000000000000	0000000000000000	0000000000000000	0000000000000000
  169	0000000200000025	0000000100055ea4	0000000000000000	0000000000000000	0000000000000000
  170	0000001800000014	0000000000000000	0000000000000000	0000000000000000	0000000000000000
  171	0000000200000025	0000000100055eac	0000000000000000	0000000000000000	0000000000000000
  172	0000000e00000014	0000000000000000	0000000000000000	0000000000000000	0000000000000000
  173	0000000200000025	0000000100055eb4	0000000000000000	0000000000000000	0000000000000000
  174	0000000400000014	0000000000000000	0000000000000000	0000000000000000	0000000000000000
  175	0000000200000025	0000000100055ebc	0000000000000000	0000000000000000	0000000000000000
  176	0000002000000014	0000000000000000	0000000000000000	0000000000000000	0000000000000000
  177	0000000200000025	0000000100055ec4	0000000000000000	0000000000000000	0000000000000000
  178	0000001600000014	0000000000000000	0000000000000000	0000000000000000	0000000000000000
  179	0000000200000025	0000000100055ecc	0000000000000000	0000000000000000	0000000000000000
  180	0000000c00000014	0000000000000000	0000000000000000	0000000000000000	0000000000000000
  181	0000000200000025	0000000100055ed4	0000000000000000	0000000000000000	0000000000000000
  182	0000000200000014	0000000000000000	0000000000000000	0000000000000000	0000000000000000
  183	0000000200000025	0000000100055edc	0000000000000000	0000000000000000	0000000000000000
  184	0000001f00000014	0000000000000000	0000000000000000	0000000000000000	0000000000000000
  185	0000000200000025	0000000100055ee4	0000000000000000	0000000000000000	0000000000000000
  186	0000001500000014	0000000000000000	0000000000000000	0000000000000000	0000000000000000
  187	0000000200000025	0000000100055eec	0000000000000000	0000000000000000	0000000000000000
  188	0000000b00000014	0000000000000000	0000000000000000	0000000000000000	0000000000000000
  189	0000000200000025	0000000100055ef4	0000000000000000	0000000000000000	0000000000000000
  190	0000001d00000014	0000000000000000	0000000000000000	0000000000000000	0000000000000000
  191	0000000200000025	0000000100055efc	0000000000000000	0000000000000000	0000000000000000
  192	0000001300000014	0000000000000000	0000000000000000	0000000000000000	0000000000000000
  193	0000000200000025	0000000100055f04	0000000000000000	0000000000000000	0000000000000000
  194	0000000900000014	0000000000000000	0000000000000000	0000000000000000	0000000000000000
  195	0000000200000025	0000000100055f0c	0000000000000000	0000000000000000	0000000000000000
  196	0000001b00000014	0000000000000000	0000000000000000	0000000000000000	0000000000000000
  197	0000000200000025	0000000100055f14	0000000000000000	0000000000000000	0000000000000000
  198	0000001100000014	0000000000000000	0000000000000000	0000000000000000	0000000000000000
  199	0000000200000025	0000000100055f1c	0000000000000000	0000000000000000	0000000000000000
  200	0000000700000014	0000000000000000	0000000000000000	0000000000000000	0000000000000000
  201	0000000200000025	0000000100055f24	0000000000000000	0000000000000000	0000000000000000
  202	0000001900000014	0000000000000000	0000000000000000	0000000000000000	0000000000000000
  203	0000000200000025	0000000100055f2c	0000000000000000	0000000000000000	0000000000000000
  204	0000000f00000014	0000000000000000	0000000000000000	0000000000000000	0000000000000000
  205	0000000200000025	0000000100055f34	0000000000000000	0000000000000000	0000000000000000
  206	0000000500000014	0000000000000000	0000000000000000	0000000000000000	0000000000000000
  207	0000000200000025	0000000100055f3c	0000000000000000	0000000000000000	0000000000000000
  208	0000002100000014	0000000000000000	0000000000000000	0000000000000000	0000000000000000
  209	0000000200000025	0000000100055f44	0000000000000000	0000000000000000	0000000000000000
  210	0000001700000014	0000000000000000	0000000000000000	0000000000000000	0000000000000000
  211	0000000200000025	0000000100055f4c	0000000000000000	0000000000000000	0000000000000000
  212	0000000d00000014	0000000000000000	0000000000000000	0000000000000000	0000000000000000
  213	0000000200000025	0000000100055f54	0000000000000000	0000000000000000	0000000000000000
  214	0000000300000014	0000000000000000	0000000000000000	0000000000000000	0000000000000000
  215	0000000200000025	0000000100055f5c	0000000000000000	0000000000000000	0000000000000000
  216	0000001e00000014	0000000000000000	0000000000000000	0000000000000000	0000000000000000
  217	0000000200000025	0000000100055f64	0000000000000000	0000000000000000	0000000000000000
  218	0000001400000014	0000000000000000	0000000000000000	0000000000000000	0000000000000000
  219	0000000200000025	0000000100055f6c	0000000000000000	0000000000000000	0000000000000000
  220	0000003800000014	0000000000000000	0000000000000000	0000000000000000	0000000000000000
  221	0000000200000025	0000000100055f74	0000000000000000	0000000000000000	0000000000000000
  222	0000002e00000014	0000000000000000	0000000000000000	0000000000000000	0000000000000000
  223	0000000200000025	0000000100055f7c	0000000000000000	0000000000000000	0000000000000000
  224	0000002400000014	0000000000000000	0000000000000000	0000000000000000	0000000000000000
  225	0000000200000025	0000000100055f84	0000000000000000	0000000000000000	0000000000000000
  226	0000004000000014	0000000000000000	0000000000000000	0000000000000000	0000000000000000
  227	0000000200000025	0000000100055f8c	0000000000000000	0000000000000000	0000000000000000
  228	0000003600000014	0000000000000000	0000000000000000	0000000000000000	0000000000000000
  229	0000000200000025	0000000100055f94	0000000000000000	0000000000000000	0000000000000000
  230	0000002c00000014	0000000000000000	0000000000000000	0000000000000000	0000000000000000
  231	0000000200000025	0000000100055f9c	0000000000000000	0000000000000000	0000000000000000
  232	0000002200000014	0000000000000000	0000000000000000	0000000000000000	0000000000000000
  233	0000000200000025	0000000100055fa4	0000000000000000	0000000000000000	0000000000000000
  234	0000003e00000014	0000000000000000	0000000000000000	0000000000000000	0000000000000000
  235	0000000200000025	0000000100055fac	0000000000000000	0000000000000000	0000000000000000
  236	0000003400000014	0000000000000000	0000000000000000	0000000000000000	0000000000000000
  237	0000000200000025	0000000100055fb4	0000000000000000	0000000000000000	0000000000000000
  238	0000002a00000014	0000000000000000	0000000000000000	0000000000000000	0000000000000000
  239	0000000200000025	0000000100055fbc	0000000000000000	0000000000000000	0000000000000000
  240	0000003c00000014	0000000000000000	0000000000000000	0000000000000000	0000000000000000
  241	0000000200000025	0000000100055fc4	0000000000000000	0000000000000000	0000000000000000
  242	0000003200000014	0000000000000000	0000000000000000	0000000000000000	0000000000000000
  243	0000000200000025	0000000100055fcc	0000000000000000	0000000000000000	0000000000000000
  244	0000002800000014	0000000000000000	0000000000000000	0000000000000000	0000000000000000
  245	0000000200000025	0000000100055fd4	0000000000000000	0000000000000000	0000000000000000
  246	0000003a00000014	0000000000000000	0000000000000000	0000000000000000	0000000000000000
  247	0000000200000025	0000000100055fdc	0000000000000000	0000000000000000	0000000000000000
  248	0000003000000014	0000000000000000	0000000000000000	0000000000000000	0000000000000000
  249	0000000200000025	0000000100055fe4	0000000000000000	0000000000000000	0000000000000000
  250	0000002600000014	0000000000000000	0000000000000000	0000000000000000	0000000000000000
  251	0000000200000025	0000000100055fec	0000000000000000	0000000000000000	0000000000000000
  252	0000003900000014	0000000000000000	0000000000000000	0000000000000000	0000000000000000
  253	0000000200000025	0000000100055ff4	0000000000000000	0000000000000000	0000000000000000
  254	0000002f00000014	0000000000000000	0000000000000000	0000000000000000	0000000000000000
  255	0000000200000025	0000000100055ffc	0000000000000000	0000000000000000	0000000000000000

Invalidation queue on IOMMU: dmar11
 Base: 0x1003a4000	Head: 234	Tail: 234
Index		qw0			qw1			qw2			qw3			status
    0	0000000300000014	0000000000000000	0000000000000000	0000000000000000	0000000000000000
    1	0000000200000025	0000000100056004	0000000000000000	0000000000000000	0000000000000000
    2	0000000400000014	0000000000000000	0000000000000000	0000000000000000	0000000000000000
    3	0000000200000025	000000010005600c	0000000000000000	0000000000000000	0000000000000000
    4	0000000500000014	0000000000000000	0000000000000000	0000000000000000	0000000000000000
    5	0000000200000025	0000000100056014	0000000000000000	0000000000000000	0000000000000000
    6	0000000600000014	0000000000000000	0000000000000000	0000000000000000	0000000000000000
    7	0000000200000025	000000010005601c	0000000000000000	0000000000000000	0000000000000000
    8	0000000700000014	0000000000000000	0000000000000000	0000000000000000	0000000000000000
    9	0000000200000025	0000000100056024	0000000000000000	0000000000000000	0000000000000000
   10	0000000800000014	0000000000000000	0000000000000000	0000000000000000	0000000000000000
   11	0000000200000025	000000010005602c	0000000000000000	0000000000000000	0000000000000000
   12	0000000900000014	0000000000000000	0000000000000000	0000000000000000	0000000000000000
   13	0000000200000025	0000000100056034	0000000000000000	0000000000000000	0000000000000000
   14	0000000a00000014	0000000000000000	0000000000000000	0000000000000000	0000000000000000
   15	0000000200000025	000000010005603c	0000000000000000	0000000000000000	0000000000000000
   16	0000000b00000014	0000000000000000	0000000000000000	0000000000000000	0000000000000000
   17	0000000200000025	0000000100056044	0000000000000000	0000000000000000	0000000000000000
   18	0000000c00000014	0000000000000000	0000000000000000	0000000000000000	0000000000000000
   19	0000000200000025	000000010005604c	0000000000000000	0000000000000000	0000000000000000
   20	0000000d00000014	0000000000000000	0000000000000000	0000000000000000	0000000000000000
   21	0000000200000025	0000000100056054	0000000000000000	0000000000000000	0000000000000000
   22	0000000e00000014	0000000000000000	0000000000000000	0000000000000000	0000000000000000
   23	0000000200000025	000000010005605c	0000000000000000	0000000000000000	0000000000000000
   24	0000000f00000014	0000000000000000	0000000000000000	0000000000000000	0000000000000000
   25	0000000200000025	0000000100056064	0000000000000000	0000000000000000	0000000000000000
   26	0000001000000014	0000000000000000	0000000000000000	0000000000000000	0000000000000000
   27	0000000200000025	000000010005606c	0000000000000000	0000000000000000	0000000000000000
   28	0000001100000014	0000000000000000	0000000000000000	0000000000000000	0000000000000000
   29	0000000200000025	0000000100056074	0000000000000000	0000000000000000	0000000000000000
   30	0000001200000014	0000000000000000	0000000000000000	0000000000000000	0000000000000000
   31	0000000200000025	000000010005607c	0000000000000000	0000000000000000	0000000000000000
   32	0000001300000014	0000000000000000	0000000000000000	0000000000000000	0000000000000000
   33	0000000200000025	0000000100056084	0000000000000000	0000000000000000	0000000000000000
   34	0000001400000014	0000000000000000	0000000000000000	0000000000000000	0000000000000000
   35	0000000200000025	000000010005608c	0000000000000000	0000000000000000	0000000000000000
   36	0000001500000014	0000000000000000	0000000000000000	0000000000000000	0000000000000000
   37	0000000200000025	0000000100056094	0000000000000000	0000000000000000	0000000000000000
   38	0000001600000014	0000000000000000	0000000000000000	0000000000000000	0000000000000000
   39	0000000200000025	000000010005609c	0000000000000000	0000000000000000	0000000000000000
   40	0000001700000014	0000000000000000	0000000000000000	0000000000000000	0000000000000000
   41	0000000200000025	00000001000560a4	0000000000000000	0000000000000000	0000000000000000
   42	0000001800000014	0000000000000000	0000000000000000	0000000000000000	0000000000000000
   43	0000000200000025	00000001000560ac	0000000000000000	0000000000000000	0000000000000000
   44	0000001900000014	0000000000000000	0000000000000000	0000000000000000	0000000000000000
   45	0000000200000025	00000001000560b4	0000000000000000	0000000000000000	0000000000000000
   46	0000001a00000014	0000000000000000	0000000000000000	0000000000000000	0000000000000000
   47	0000000200000025	00000001000560bc	0000000000000000	0000000000000000	0000000000000000
   48	0000001b00000014	0000000000000000	0000000000000000	0000000000000000	0000000000000000
   49	0000000200000025	00000001000560c4	0000000000000000	0000000000000000	0000000000000000
   50	0000001c00000014	0000000000000000	0000000000000000	0000000000000000	0000000000000000
   51	0000000200000025	00000001000560cc	0000000000000000	0000000000000000	0000000000000000
   52	0000001d00000014	0000000000000000	0000000000000000	0000000000000000	0000000000000000
   53	0000000200000025	00000001000560d4	0000000000000000	0000000000000000	0000000000000000
   54	0000001e00000014	0000000000000000	0000000000000000	0000000000000000	0000000000000000
   55	0000000200000025	00000001000560dc	0000000000000000	0000000000000000	0000000000000000
   56	0000001f00000014	0000000000000000	0000000000000000	0000000000000000	0000000000000000
   57	0000000200000025	00000001000560e4	0000000000000000	0000000000000000	0000000000000000
   58	0000002000000014	0000000000000000	0000000000000000	0000000000000000	0000000000000000
   59	0000000200000025	00000001000560ec	0000000000000000	0000000000000000	0000000000000000
   60	0000002100000014	0000000000000000	0000000000000000	0000000000000000	0000000000000000
   61	0000000200000025	00000001000560f4	0000000000000000	0000000000000000	0000000000000000
   62	0000002200000014	0000000000000000	0000000000000000	0000000000000000	0000000000000000
   63	0000000200000025	00000001000560fc	0000000000000000	0000000000000000	0000000000000000
   64	0000002300000014	0000000000000000	0000000000000000	0000000000000000	0000000000000000
   65	0000000200000025	0000000100056104	0000000000000000	0000000000000000	0000000000000000
   66	0000002400000014	0000000000000000	0000000000000000	0000000000000000	0000000000000000
   67	0000000200000025	000000010005610c	0000000000000000	0000000000000000	0000000000000000
   68	0000002500000014	0000000000000000	0000000000000000	0000000000000000	0000000000000000
   69	0000000200000025	0000000100056114	0000000000000000	0000000000000000	0000000000000000
   70	0000000900000014	0000000000000000	0000000000000000	0000000000000000	0000000000000000
   71	0000000200000025	000000010005611c	0000000000000000	0000000000000000	0000000000000000
   72	0000000600000014	0000000000000000	0000000000000000	0000000000000000	0000000000000000
   73	0000000200000025	0000000100056124	0000000000000000	0000000000000000	0000000000000000
   74	0000000a00000014	0000000000000000	0000000000000000	0000000000000000	0000000000000000
   75	0000000200000025	000000010005612c	0000000000000000	0000000000000000	0000000000000000
   76	0000000600000014	0000000000000000	0000000000000000	0000000000000000	0000000000000000
   77	0000000200000025	0000000100056134	0000000000000000	0000000000000000	0000000000000000
   78	0000000600000014	0000000000000000	0000000000000000	0000000000000000	0000000000000000
   79	0000000200000025	000000010005613c	0000000000000000	0000000000000000	0000000000000000
   80	0000000600000014	0000000000000000	0000000000000000	0000000000000000	0000000000000000
   81	0000000200000025	0000000100056144	0000000000000000	0000000000000000	0000000000000000
   82	0000000600000014	0000000000000000	0000000000000000	0000000000000000	0000000000000000
   83	0000000200000025	000000010005614c	0000000000000000	0000000000000000	0000000000000000
   84	0000000900000014	0000000000000000	0000000000000000	0000000000000000	0000000000000000
   85	0000000200000025	0000000100056154	0000000000000000	0000000000000000	0000000000000000
   86	0000000900000014	0000000000000000	0000000000000000	0000000000000000	0000000000000000
   87	0000000200000025	000000010005615c	0000000000000000	0000000000000000	0000000000000000
   88	0000000900000014	0000000000000000	0000000000000000	0000000000000000	0000000000000000
   89	0000000200000025	0000000100056164	0000000000000000	0000000000000000	0000000000000000
   90	0000000600000014	0000000000000000	0000000000000000	0000000000000000	0000000000000000
   91	0000000200000025	000000010005616c	0000000000000000	0000000000000000	0000000000000000
   92	0000000600000014	0000000000000000	0000000000000000	0000000000000000	0000000000000000
   93	0000000200000025	0000000100056174	0000000000000000	0000000000000000	0000000000000000
   94	0000001e00000014	0000000000000000	0000000000000000	0000000000000000	0000000000000000
   95	0000000200000025	000000010005617c	0000000000000000	0000000000000000	0000000000000000
   96	0000002400000014	0000000000000000	0000000000000000	0000000000000000	0000000000000000
   97	0000000200000025	0000000100056184	0000000000000000	0000000000000000	0000000000000000
   98	0000002200000014	0000000000000000	0000000000000000	0000000000000000	0000000000000000
   99	0000000200000025	000000010005618c	0000000000000000	0000000000000000	0000000000000000
  100	0000002000000014	0000000000000000	0000000000000000	0000000000000000	0000000000000000
  101	0000000200000025	0000000100056194	0000000000000000	0000000000000000	0000000000000000
  102	0000001f00000014	0000000000000000	0000000000000000	0000000000000000	0000000000000000
  103	0000000200000025	000000010005619c	0000000000000000	0000000000000000	0000000000000000
  104	0000001d00000014	0000000000000000	0000000000000000	0000000000000000	0000000000000000
  105	0000000200000025	00000001000561a4	0000000000000000	0000000000000000	0000000000000000
  106	0000002500000014	0000000000000000	0000000000000000	0000000000000000	0000000000000000
  107	0000000200000025	00000001000561ac	0000000000000000	0000000000000000	0000000000000000
  108	0000002100000014	0000000000000000	0000000000000000	0000000000000000	0000000000000000
  109	0000000200000025	00000001000561b4	0000000000000000	0000000000000000	0000000000000000
  110	0000000c00000014	0000000000000000	0000000000000000	0000000000000000	0000000000000000
  111	0000000200000025	00000001000561bc	0000000000000000	0000000000000000	0000000000000000
  112	0000001200000014	0000000000000000	0000000000000000	0000000000000000	0000000000000000
  113	0000000200000025	00000001000561c4	0000000000000000	0000000000000000	0000000000000000
  114	0000001100000014	0000000000000000	0000000000000000	0000000000000000	0000000000000000
  115	0000000200000025	00000001000561cc	0000000000000000	0000000000000000	0000000000000000
  116	0000000f00000014	0000000000000000	0000000000000000	0000000000000000	0000000000000000
  117	0000000200000025	00000001000561d4	0000000000000000	0000000000000000	0000000000000000
  118	0000000d00000014	0000000000000000	0000000000000000	0000000000000000	0000000000000000
  119	0000000200000025	00000001000561dc	0000000000000000	0000000000000000	0000000000000000
  120	0000000b00000014	0000000000000000	0000000000000000	0000000000000000	0000000000000000
  121	0000000200000025	00000001000561e4	0000000000000000	0000000000000000	0000000000000000
  122	0000001300000014	0000000000000000	0000000000000000	0000000000000000	0000000000000000
  123	0000000200000025	00000001000561ec	0000000000000000	0000000000000000	0000000000000000
  124	0000001000000014	0000000000000000	0000000000000000	0000000000000000	0000000000000000
  125	0000000200000025	00000001000561f4	0000000000000000	0000000000000000	0000000000000000
  126	0000000e00000014	0000000000000000	0000000000000000	0000000000000000	0000000000000000
  127	0000000200000025	00000001000561fc	0000000000000000	0000000000000000	0000000000000000
  128	0000000100000014	0000000000000000	0000000000000000	0000000000000000	0000000000000000
  129	0000000200000025	0000000100056204	0000000000000000	0000000000000000	0000000000000000
  130	0000001400000014	0000000000000000	0000000000000000	0000000000000000	0000000000000000
  131	0000000200000025	000000010005620c	0000000000000000	0000000000000000	0000000000000000
  132	0000001c00000014	0000000000000000	0000000000000000	0000000000000000	0000000000000000
  133	0000000200000025	0000000100056214	0000000000000000	0000000000000000	0000000000000000
  134	0000001a00000014	0000000000000000	0000000000000000	0000000000000000	0000000000000000
  135	0000000200000025	000000010005621c	0000000000000000	0000000000000000	0000000000000000
  136	0000001600000014	0000000000000000	0000000000000000	0000000000000000	0000000000000000
  137	0000000200000025	0000000100056224	0000000000000000	0000000000000000	0000000000000000
  138	0000001900000014	0000000000000000	0000000000000000	0000000000000000	0000000000000000
  139	0000000200000025	000000010005622c	0000000000000000	0000000000000000	0000000000000000
  140	0000001700000014	0000000000000000	0000000000000000	0000000000000000	0000000000000000
  141	0000000200000025	0000000100056234	0000000000000000	0000000000000000	0000000000000000
  142	0000000600000014	0000000000000000	0000000000000000	0000000000000000	0000000000000000
  143	0000000200000025	000000010005623c	0000000000000000	0000000000000000	0000000000000000
  144	0000000400000014	0000000000000000	0000000000000000	0000000000000000	0000000000000000
  145	0000000200000025	0000000100056244	0000000000000000	0000000000000000	0000000000000000
  146	0000000200000014	0000000000000000	0000000000000000	0000000000000000	0000000000000000
  147	0000000200000025	000000010005624c	0000000000000000	0000000000000000	0000000000000000
  148	0000000a00000014	0000000000000000	0000000000000000	0000000000000000	0000000000000000
  149	0000000200000025	0000000100056254	0000000000000000	0000000000000000	0000000000000000
  150	0000000900000014	0000000000000000	0000000000000000	0000000000000000	0000000000000000
  151	0000000200000025	000000010005625c	0000000000000000	0000000000000000	0000000000000000
  152	0000000700000014	0000000000000000	0000000000000000	0000000000000000	0000000000000000
  153	0000000200000025	0000000100056264	0000000000000000	0000000000000000	0000000000000000
  154	0000000500000014	0000000000000000	0000000000000000	0000000000000000	0000000000000000
  155	0000000200000025	000000010005626c	0000000000000000	0000000000000000	0000000000000000
  156	0000000300000014	0000000000000000	0000000000000000	0000000000000000	0000000000000000
  157	0000000200000025	0000000100056274	0000000000000000	0000000000000000	0000000000000000
  158	0000000800000014	0000000000000000	0000000000000000	0000000000000000	0000000000000000
  159	0000000200000025	000000010005627c	0000000000000000	0000000000000000	0000000000000000
  160	0000001e00000014	0000000000000000	0000000000000000	0000000000000000	0000000000000000
  161	0000000200000025	0000000100056284	0000000000000000	0000000000000000	0000000000000000
  162	0000002400000014	0000000000000000	0000000000000000	0000000000000000	0000000000000000
  163	0000000200000025	000000010005628c	0000000000000000	0000000000000000	0000000000000000
  164	0000002200000014	0000000000000000	0000000000000000	0000000000000000	0000000000000000
  165	0000000200000025	0000000100056294	0000000000000000	0000000000000000	0000000000000000
  166	0000002000000014	0000000000000000	0000000000000000	0000000000000000	0000000000000000
  167	0000000200000025	000000010005629c	0000000000000000	0000000000000000	0000000000000000
  168	0000001f00000014	0000000000000000	0000000000000000	0000000000000000	0000000000000000
  169	0000000200000025	00000001000562a4	0000000000000000	0000000000000000	0000000000000000
  170	0000001d00000014	0000000000000000	0000000000000000	0000000000000000	0000000000000000
  171	0000000200000025	00000001000562ac	0000000000000000	0000000000000000	0000000000000000
  172	0000002500000014	0000000000000000	0000000000000000	0000000000000000	0000000000000000
  173	0000000200000025	00000001000562b4	0000000000000000	0000000000000000	0000000000000000
  174	0000002300000014	0000000000000000	0000000000000000	0000000000000000	0000000000000000
  175	0000000200000025	00000001000562bc	0000000000000000	0000000000000000	0000000000000000
  176	0000002100000014	0000000000000000	0000000000000000	0000000000000000	0000000000000000
  177	0000000200000025	00000001000562c4	0000000000000000	0000000000000000	0000000000000000
  178	0000000c00000014	0000000000000000	0000000000000000	0000000000000000	0000000000000000
  179	0000000200000025	00000001000562cc	0000000000000000	0000000000000000	0000000000000000
  180	0000001200000014	0000000000000000	0000000000000000	0000000000000000	0000000000000000
  181	0000000200000025	00000001000562d4	0000000000000000	0000000000000000	0000000000000000
  182	0000001100000014	0000000000000000	0000000000000000	0000000000000000	0000000000000000
  183	0000000200000025	00000001000562dc	0000000000000000	0000000000000000	0000000000000000
  184	0000000f00000014	0000000000000000	0000000000000000	0000000000000000	0000000000000000
  185	0000000200000025	00000001000562e4	0000000000000000	0000000000000000	0000000000000000
  186	0000000d00000014	0000000000000000	0000000000000000	0000000000000000	0000000000000000
  187	0000000200000025	00000001000562ec	0000000000000000	0000000000000000	0000000000000000
  188	0000000b00000014	0000000000000000	0000000000000000	0000000000000000	0000000000000000
  189	0000000200000025	00000001000562f4	0000000000000000	0000000000000000	0000000000000000
  190	0000001300000014	0000000000000000	0000000000000000	0000000000000000	0000000000000000
  191	0000000200000025	00000001000562fc	0000000000000000	0000000000000000	0000000000000000
  192	0000001000000014	0000000000000000	0000000000000000	0000000000000000	0000000000000000
  193	0000000200000025	0000000100056304	0000000000000000	0000000000000000	0000000000000000
  194	0000000e00000014	0000000000000000	0000000000000000	0000000000000000	0000000000000000
  195	0000000200000025	000000010005630c	0000000000000000	0000000000000000	0000000000000000
  196	0000000100000014	0000000000000000	0000000000000000	0000000000000000	0000000000000000
  197	0000000200000025	0000000100056314	0000000000000000	0000000000000000	0000000000000000
  198	0000001400000014	0000000000000000	0000000000000000	0000000000000000	0000000000000000
  199	0000000200000025	000000010005631c	0000000000000000	0000000000000000	0000000000000000
  200	0000001c00000014	0000000000000000	0000000000000000	0000000000000000	0000000000000000
  201	0000000200000025	0000000100056324	0000000000000000	0000000000000000	0000000000000000
  202	0000001a00000014	0000000000000000	0000000000000000	0000000000000000	0000000000000000
  203	0000000200000025	000000010005632c	0000000000000000	0000000000000000	0000000000000000
  204	0000001800000014	0000000000000000	0000000000000000	0000000000000000	0000000000000000
  205	0000000200000025	0000000100056334	0000000000000000	0000000000000000	0000000000000000
  206	0000001600000014	0000000000000000	0000000000000000	0000000000000000	0000000000000000
  207	0000000200000025	000000010005633c	0000000000000000	0000000000000000	0000000000000000
  208	0000001500000014	0000000000000000	0000000000000000	0000000000000000	0000000000000000
  209	0000000200000025	0000000100056344	0000000000000000	0000000000000000	0000000000000000
  210	0000001b00000014	0000000000000000	0000000000000000	0000000000000000	0000000000000000
  211	0000000200000025	000000010005634c	0000000000000000	0000000000000000	0000000000000000
  212	0000001900000014	0000000000000000	0000000000000000	0000000000000000	0000000000000000
  213	0000000200000025	0000000100056354	0000000000000000	0000000000000000	0000000000000000
  214	0000001700000014	0000000000000000	0000000000000000	0000000000000000	0000000000000000
  215	0000000200000025	000000010005635c	0000000000000000	0000000000000000	0000000000000000
  216	0000000700000014	0000000000000000	0000000000000000	0000000000000000	0000000000000000
  217	0000000200000025	0000000100056364	0000000000000000	0000000000000000	0000000000000000
  218	0000000900000014	0000000000000000	0000000000000000	0000000000000000	0000000000000000
  219	0000000200000025	000000010005636c	0000000000000000	0000000000000000	0000000000000000
  220	0000000900000014	0000000000000000	0000000000000000	0000000000000000	0000000000000000
  221	0000000200000025	0000000100056374	0000000000000000	0000000000000000	0000000000000000
  222	0000000700000014	0000000000000000	0000000000000000	0000000000000000	0000000000000000
  223	0000000200000025	000000010005637c	0000000000000000	0000000000000000	0000000000000000
  224	0000000700000014	0000000000000000	0000000000000000	0000000000000000	0000000000000000
  225	0000000200000025	0000000100056384	0000000000000000	0000000000000000	0000000000000000
  226	0000000700000014	0000000000000000	0000000000000000	0000000000000000	0000000000000000
  227	0000000200000025	000000010005638c	0000000000000000	0000000000000000	0000000000000000
  228	0000000700000014	0000000000000000	0000000000000000	0000000000000000	0000000000000000
  229	0000000200000025	0000000100056394	0000000000000000	0000000000000000	0000000000000000
  230	0000000700000014	0000000000000000	0000000000000000	0000000000000000	0000000000000000
  231	0000000200000025	000000010005639c	0000000000000000	0000000000000000	0000000000000000
  232	0000000900000014	0000000000000000	0000000000000000	0000000000000000	0000000000000000
  233	0000000200000025	00000001000563a4	0000000000000000	0000000000000000	0000000000000000
  234	0000002200000014	0000000000000000	0000000000000000	0000000000000000	0000000000000000
  235	0000000200000025	00000001000563ac	0000000000000000	0000000000000000	0000000000000000
  236	0000002200000014	0000000000000000	0000000000000000	0000000000000000	0000000000000000
  237	0000000200000025	00000001000563b4	0000000000000000	0000000000000000	0000000000000000
  238	0000002300000014	0000000000000000	0000000000000000	0000000000000000	0000000000000000
  239	0000000200000025	00000001000563bc	0000000000000000	0000000000000000	0000000000000000
  240	0000002300000014	0000000000000000	0000000000000000	0000000000000000	0000000000000000
  241	0000000200000025	00000001000563c4	0000000000000000	0000000000000000	0000000000000000
  242	0000002400000014	0000000000000000	0000000000000000	0000000000000000	0000000000000000
  243	0000000200000025	00000001000563cc	0000000000000000	0000000000000000	0000000000000000
  244	0000002400000014	0000000000000000	0000000000000000	0000000000000000	0000000000000000
  245	0000000200000025	00000001000563d4	0000000000000000	0000000000000000	0000000000000000
  246	0000002500000014	0000000000000000	0000000000000000	0000000000000000	0000000000000000
  247	0000000200000025	00000001000563dc	0000000000000000	0000000000000000	0000000000000000
  248	0000002500000014	0000000000000000	0000000000000000	0000000000000000	0000000000000000
  249	0000000200000025	00000001000563e4	0000000000000000	0000000000000000	0000000000000000
  250	0000000100000014	0000000000000000	0000000000000000	0000000000000000	0000000000000000
  251	0000000200000025	00000001000563ec	0000000000000000	0000000000000000	0000000000000000
  252	0000000000000014	0000000000000000	0000000000000000	0000000000000000	0000000000000000
  253	0000000200000025	00000001000563f4	0000000000000000	0000000000000000	0000000000000000
  254	0000000200000014	0000000000000000	0000000000000000	0000000000000000	0000000000000000
  255	0000000200000025	00000001000563fc	0000000000000000	0000000000000000	0000000000000000

Invalidation queue on IOMMU: dmar10
 Base: 0x1003a6000	Head: 180	Tail: 180
Index		qw0			qw1			qw2			qw3			status
    0	0000010300000014	0000000000000000	0000000000000000	0000000000000000	0000000000000000
    1	0000000200000025	0000000100056404	0000000000000000	0000000000000000	0000000000000000
    2	0000010300000014	0000000000000000	0000000000000000	0000000000000000	0000000000000000
    3	0000000200000025	000000010005640c	0000000000000000	0000000000000000	0000000000000000
    4	0000010300000014	0000000000000000	0000000000000000	0000000000000000	0000000000000000
    5	0000000200000025	0000000100056414	0000000000000000	0000000000000000	0000000000000000
    6	0000010300000014	0000000000000000	0000000000000000	0000000000000000	0000000000000000
    7	0000000200000025	000000010005641c	0000000000000000	0000000000000000	0000000000000000
    8	0000010300000014	0000000000000000	0000000000000000	0000000000000000	0000000000000000
    9	0000000200000025	0000000100056424	0000000000000000	0000000000000000	0000000000000000
   10	0000010300000014	0000000000000000	0000000000000000	0000000000000000	0000000000000000
   11	0000000200000025	000000010005642c	0000000000000000	0000000000000000	0000000000000000
   12	0000010300000014	0000000000000000	0000000000000000	0000000000000000	0000000000000000
   13	0000000200000025	0000000100056434	0000000000000000	0000000000000000	0000000000000000
   14	0000010300000014	0000000000000000	0000000000000000	0000000000000000	0000000000000000
   15	0000000200000025	000000010005643c	0000000000000000	0000000000000000	0000000000000000
   16	0000010300000014	0000000000000000	0000000000000000	0000000000000000	0000000000000000
   17	0000000200000025	0000000100056444	0000000000000000	0000000000000000	0000000000000000
   18	0000010300000014	0000000000000000	0000000000000000	0000000000000000	0000000000000000
   19	0000000200000025	000000010005644c	0000000000000000	0000000000000000	0000000000000000
   20	0000010300000014	0000000000000000	0000000000000000	0000000000000000	0000000000000000
   21	0000000200000025	0000000100056454	0000000000000000	0000000000000000	0000000000000000
   22	0000010300000014	0000000000000000	0000000000000000	0000000000000000	0000000000000000
   23	0000000200000025	000000010005645c	0000000000000000	0000000000000000	0000000000000000
   24	0000010300000014	0000000000000000	0000000000000000	0000000000000000	0000000000000000
   25	0000000200000025	0000000100056464	0000000000000000	0000000000000000	0000000000000000
   26	0000010300000014	0000000000000000	0000000000000000	0000000000000000	0000000000000000
   27	0000000200000025	000000010005646c	0000000000000000	0000000000000000	0000000000000000
   28	0000010300000014	0000000000000000	0000000000000000	0000000000000000	0000000000000000
   29	0000000200000025	0000000100056474	0000000000000000	0000000000000000	0000000000000000
   30	0000010300000014	0000000000000000	0000000000000000	0000000000000000	0000000000000000
   31	0000000200000025	000000010005647c	0000000000000000	0000000000000000	0000000000000000
   32	0000010300000014	0000000000000000	0000000000000000	0000000000000000	0000000000000000
   33	0000000200000025	0000000100056484	0000000000000000	0000000000000000	0000000000000000
   34	0000010300000014	0000000000000000	0000000000000000	0000000000000000	0000000000000000
   35	0000000200000025	000000010005648c	0000000000000000	0000000000000000	0000000000000000
   36	0000010300000014	0000000000000000	0000000000000000	0000000000000000	0000000000000000
   37	0000000200000025	0000000100056494	0000000000000000	0000000000000000	0000000000000000
   38	0000010300000014	0000000000000000	0000000000000000	0000000000000000	0000000000000000
   39	0000000200000025	000000010005649c	0000000000000000	0000000000000000	0000000000000000
   40	0000010300000014	0000000000000000	0000000000000000	0000000000000000	0000000000000000
   41	0000000200000025	00000001000564a4	0000000000000000	0000000000000000	0000000000000000
   42	0000010300000014	0000000000000000	0000000000000000	0000000000000000	0000000000000000
   43	0000000200000025	00000001000564ac	0000000000000000	0000000000000000	0000000000000000
   44	0000010300000014	0000000000000000	0000000000000000	0000000000000000	0000000000000000
   45	0000000200000025	00000001000564b4	0000000000000000	0000000000000000	0000000000000000
   46	0000010300000014	0000000000000000	0000000000000000	0000000000000000	0000000000000000
   47	0000000200000025	00000001000564bc	0000000000000000	0000000000000000	0000000000000000
   48	0000010300000014	0000000000000000	0000000000000000	0000000000000000	0000000000000000
   49	0000000200000025	00000001000564c4	0000000000000000	0000000000000000	0000000000000000
   50	0000010300000014	0000000000000000	0000000000000000	0000000000000000	0000000000000000
   51	0000000200000025	00000001000564cc	0000000000000000	0000000000000000	0000000000000000
   52	0000010300000014	0000000000000000	0000000000000000	0000000000000000	0000000000000000
   53	0000000200000025	00000001000564d4	0000000000000000	0000000000000000	0000000000000000
   54	0000010300000014	0000000000000000	0000000000000000	0000000000000000	0000000000000000
   55	0000000200000025	00000001000564dc	0000000000000000	0000000000000000	0000000000000000
   56	0000010300000014	0000000000000000	0000000000000000	0000000000000000	0000000000000000
   57	0000000200000025	00000001000564e4	0000000000000000	0000000000000000	0000000000000000
   58	0000010300000014	0000000000000000	0000000000000000	0000000000000000	0000000000000000
   59	0000000200000025	00000001000564ec	0000000000000000	0000000000000000	0000000000000000
   60	0000010300000014	0000000000000000	0000000000000000	0000000000000000	0000000000000000
   61	0000000200000025	00000001000564f4	0000000000000000	0000000000000000	0000000000000000
   62	0000010300000014	0000000000000000	0000000000000000	0000000000000000	0000000000000000
   63	0000000200000025	00000001000564fc	0000000000000000	0000000000000000	0000000000000000
   64	0000010300000014	0000000000000000	0000000000000000	0000000000000000	0000000000000000
   65	0000000200000025	0000000100056504	0000000000000000	0000000000000000	0000000000000000
   66	0000010300000014	0000000000000000	0000000000000000	0000000000000000	0000000000000000
   67	0000000200000025	000000010005650c	0000000000000000	0000000000000000	0000000000000000
   68	0000010300000014	0000000000000000	0000000000000000	0000000000000000	0000000000000000
   69	0000000200000025	0000000100056514	0000000000000000	0000000000000000	0000000000000000
   70	0000010300000014	0000000000000000	0000000000000000	0000000000000000	0000000000000000
   71	0000000200000025	000000010005651c	0000000000000000	0000000000000000	0000000000000000
   72	0000010300000014	0000000000000000	0000000000000000	0000000000000000	0000000000000000
   73	0000000200000025	0000000100056524	0000000000000000	0000000000000000	0000000000000000
   74	0000010300000014	0000000000000000	0000000000000000	0000000000000000	0000000000000000
   75	0000000200000025	000000010005652c	0000000000000000	0000000000000000	0000000000000000
   76	0000010300000014	0000000000000000	0000000000000000	0000000000000000	0000000000000000
   77	0000000200000025	0000000100056534	0000000000000000	0000000000000000	0000000000000000
   78	0000010300000014	0000000000000000	0000000000000000	0000000000000000	0000000000000000
   79	0000000200000025	000000010005653c	0000000000000000	0000000000000000	0000000000000000
   80	0000010300000014	0000000000000000	0000000000000000	0000000000000000	0000000000000000
   81	0000000200000025	0000000100056544	0000000000000000	0000000000000000	0000000000000000
   82	0000010300000014	0000000000000000	0000000000000000	0000000000000000	0000000000000000
   83	0000000200000025	000000010005654c	0000000000000000	0000000000000000	0000000000000000
   84	0000010300000014	0000000000000000	0000000000000000	0000000000000000	0000000000000000
   85	0000000200000025	0000000100056554	0000000000000000	0000000000000000	0000000000000000
   86	0000010300000014	0000000000000000	0000000000000000	0000000000000000	0000000000000000
   87	0000000200000025	000000010005655c	0000000000000000	0000000000000000	0000000000000000
   88	0000010300000014	0000000000000000	0000000000000000	0000000000000000	0000000000000000
   89	0000000200000025	0000000100056564	0000000000000000	0000000000000000	0000000000000000
   90	0000010300000014	0000000000000000	0000000000000000	0000000000000000	0000000000000000
   91	0000000200000025	000000010005656c	0000000000000000	0000000000000000	0000000000000000
   92	0000010300000014	0000000000000000	0000000000000000	0000000000000000	0000000000000000
   93	0000000200000025	0000000100056574	0000000000000000	0000000000000000	0000000000000000
   94	0000010300000014	0000000000000000	0000000000000000	0000000000000000	0000000000000000
   95	0000000200000025	000000010005657c	0000000000000000	0000000000000000	0000000000000000
   96	0000010300000014	0000000000000000	0000000000000000	0000000000000000	0000000000000000
   97	0000000200000025	0000000100056584	0000000000000000	0000000000000000	0000000000000000
   98	0000010300000014	0000000000000000	0000000000000000	0000000000000000	0000000000000000
   99	0000000200000025	000000010005658c	0000000000000000	0000000000000000	0000000000000000
  100	0000010300000014	0000000000000000	0000000000000000	0000000000000000	0000000000000000
  101	0000000200000025	0000000100056594	0000000000000000	0000000000000000	0000000000000000
  102	0000010300000014	0000000000000000	0000000000000000	0000000000000000	0000000000000000
  103	0000000200000025	000000010005659c	0000000000000000	0000000000000000	0000000000000000
  104	0000010300000014	0000000000000000	0000000000000000	0000000000000000	0000000000000000
  105	0000000200000025	00000001000565a4	0000000000000000	0000000000000000	0000000000000000
  106	0000010300000014	0000000000000000	0000000000000000	0000000000000000	0000000000000000
  107	0000000200000025	00000001000565ac	0000000000000000	0000000000000000	0000000000000000
  108	0000010300000014	0000000000000000	0000000000000000	0000000000000000	0000000000000000
  109	0000000200000025	00000001000565b4	0000000000000000	0000000000000000	0000000000000000
  110	0000010300000014	0000000000000000	0000000000000000	0000000000000000	0000000000000000
  111	0000000200000025	00000001000565bc	0000000000000000	0000000000000000	0000000000000000
  112	0000010300000014	0000000000000000	0000000000000000	0000000000000000	0000000000000000
  113	0000000200000025	00000001000565c4	0000000000000000	0000000000000000	0000000000000000
  114	0000010300000014	0000000000000000	0000000000000000	0000000000000000	0000000000000000
  115	0000000200000025	00000001000565cc	0000000000000000	0000000000000000	0000000000000000
  116	0000011400000014	0000000000000000	0000000000000000	0000000000000000	0000000000000000
  117	0000000200000025	00000001000565d4	0000000000000000	0000000000000000	0000000000000000
  118	0000011400000014	0000000000000000	0000000000000000	0000000000000000	0000000000000000
  119	0000000200000025	00000001000565dc	0000000000000000	0000000000000000	0000000000000000
  120	0000011400000014	0000000000000000	0000000000000000	0000000000000000	0000000000000000
  121	0000000200000025	00000001000565e4	0000000000000000	0000000000000000	0000000000000000
  122	0000011400000014	0000000000000000	0000000000000000	0000000000000000	0000000000000000
  123	0000000200000025	00000001000565ec	0000000000000000	0000000000000000	0000000000000000
  124	0000011400000014	0000000000000000	0000000000000000	0000000000000000	0000000000000000
  125	0000000200000025	00000001000565f4	0000000000000000	0000000000000000	0000000000000000
  126	0000011400000014	0000000000000000	0000000000000000	0000000000000000	0000000000000000
  127	0000000200000025	00000001000565fc	0000000000000000	0000000000000000	0000000000000000
  128	0000011400000014	0000000000000000	0000000000000000	0000000000000000	0000000000000000
  129	0000000200000025	0000000100056604	0000000000000000	0000000000000000	0000000000000000
  130	0000011400000014	0000000000000000	0000000000000000	0000000000000000	0000000000000000
  131	0000000200000025	000000010005660c	0000000000000000	0000000000000000	0000000000000000
  132	0000011500000014	0000000000000000	0000000000000000	0000000000000000	0000000000000000
  133	0000000200000025	0000000100056614	0000000000000000	0000000000000000	0000000000000000
  134	0000011500000014	0000000000000000	0000000000000000	0000000000000000	0000000000000000
  135	0000000200000025	000000010005661c	0000000000000000	0000000000000000	0000000000000000
  136	0000011500000014	0000000000000000	0000000000000000	0000000000000000	0000000000000000
  137	0000000200000025	0000000100056624	0000000000000000	0000000000000000	0000000000000000
  138	0000011500000014	0000000000000000	0000000000000000	0000000000000000	0000000000000000
  139	0000000200000025	000000010005662c	0000000000000000	0000000000000000	0000000000000000
  140	0000011500000014	0000000000000000	0000000000000000	0000000000000000	0000000000000000
  141	0000000200000025	0000000100056634	0000000000000000	0000000000000000	0000000000000000
  142	0000011500000014	0000000000000000	0000000000000000	0000000000000000	0000000000000000
  143	0000000200000025	000000010005663c	0000000000000000	0000000000000000	0000000000000000
  144	0000011500000014	0000000000000000	0000000000000000	0000000000000000	0000000000000000
  145	0000000200000025	0000000100056644	0000000000000000	0000000000000000	0000000000000000
  146	0000011500000014	0000000000000000	0000000000000000	0000000000000000	0000000000000000
  147	0000000200000025	000000010005664c	0000000000000000	0000000000000000	0000000000000000
  148	0000011400000014	0000000000000000	0000000000000000	0000000000000000	0000000000000000
  149	0000000200000025	0000000100056654	0000000000000000	0000000000000000	0000000000000000
  150	0000011400000014	0000000000000000	0000000000000000	0000000000000000	0000000000000000
  151	0000000200000025	000000010005665c	0000000000000000	0000000000000000	0000000000000000
  152	0000011400000014	0000000000000000	0000000000000000	0000000000000000	0000000000000000
  153	0000000200000025	0000000100056664	0000000000000000	0000000000000000	0000000000000000
  154	0000011400000014	0000000000000000	0000000000000000	0000000000000000	0000000000000000
  155	0000000200000025	000000010005666c	0000000000000000	0000000000000000	0000000000000000
  156	0000011400000014	0000000000000000	0000000000000000	0000000000000000	0000000000000000
  157	0000000200000025	0000000100056674	0000000000000000	0000000000000000	0000000000000000
  158	0000011400000014	0000000000000000	0000000000000000	0000000000000000	0000000000000000
  159	0000000200000025	000000010005667c	0000000000000000	0000000000000000	0000000000000000
  160	0000011400000014	0000000000000000	0000000000000000	0000000000000000	0000000000000000
  161	0000000200000025	0000000100056684	0000000000000000	0000000000000000	0000000000000000
  162	0000011400000014	0000000000000000	0000000000000000	0000000000000000	0000000000000000
  163	0000000200000025	000000010005668c	0000000000000000	0000000000000000	0000000000000000
  164	0000011400000014	0000000000000000	0000000000000000	0000000000000000	0000000000000000
  165	0000000200000025	0000000100056694	0000000000000000	0000000000000000	0000000000000000
  166	0000011400000014	0000000000000000	0000000000000000	0000000000000000	0000000000000000
  167	0000000200000025	000000010005669c	0000000000000000	0000000000000000	0000000000000000
  168	0000011400000014	0000000000000000	0000000000000000	0000000000000000	0000000000000000
  169	0000000200000025	00000001000566a4	0000000000000000	0000000000000000	0000000000000000
  170	0000011400000014	0000000000000000	0000000000000000	0000000000000000	0000000000000000
  171	0000000200000025	00000001000566ac	0000000000000000	0000000000000000	0000000000000000
  172	0000011400000014	0000000000000000	0000000000000000	0000000000000000	0000000000000000
  173	0000000200000025	00000001000566b4	0000000000000000	0000000000000000	0000000000000000
  174	0000011400000014	0000000000000000	0000000000000000	0000000000000000	0000000000000000
  175	0000000200000025	00000001000566bc	0000000000000000	0000000000000000	0000000000000000
  176	0000011400000014	0000000000000000	0000000000000000	0000000000000000	0000000000000000
  177	0000000200000025	00000001000566c4	0000000000000000	0000000000000000	0000000000000000
  178	0000011400000014	0000000000000000	0000000000000000	0000000000000000	0000000000000000
  179	0000000200000025	00000001000566cc	0000000000000000	0000000000000000	0000000000000000
  180	0000011400000014	0000000000000000	0000000000000000	0000000000000000	0000000000000000
  181	0000000200000025	00000001000566d4	0000000000000000	0000000000000000	0000000000000000
  182	0000011400000014	0000000000000000	0000000000000000	0000000000000000	0000000000000000
  183	0000000200000025	00000001000566dc	0000000000000000	0000000000000000	0000000000000000
  184	0000011400000014	0000000000000000	0000000000000000	0000000000000000	0000000000000000
  185	0000000200000025	00000001000566e4	0000000000000000	0000000000000000	0000000000000000
  186	0000011400000014	0000000000000000	0000000000000000	0000000000000000	0000000000000000
  187	0000000200000025	00000001000566ec	0000000000000000	0000000000000000	0000000000000000
  188	0000011400000014	0000000000000000	0000000000000000	0000000000000000	0000000000000000
  189	0000000200000025	00000001000566f4	0000000000000000	0000000000000000	0000000000000000
  190	0000011400000014	0000000000000000	0000000000000000	0000000000000000	0000000000000000
  191	0000000200000025	00000001000566fc	0000000000000000	0000000000000000	0000000000000000
  192	0000011400000014	0000000000000000	0000000000000000	0000000000000000	0000000000000000
  193	0000000200000025	0000000100056704	0000000000000000	0000000000000000	0000000000000000
  194	0000011400000014	0000000000000000	0000000000000000	0000000000000000	0000000000000000
  195	0000000200000025	000000010005670c	0000000000000000	0000000000000000	0000000000000000
  196	0000011400000014	0000000000000000	0000000000000000	0000000000000000	0000000000000000
  197	0000000200000025	0000000100056714	0000000000000000	0000000000000000	0000000000000000
  198	0000011400000014	0000000000000000	0000000000000000	0000000000000000	0000000000000000
  199	0000000200000025	000000010005671c	0000000000000000	0000000000000000	0000000000000000
  200	0000011400000014	0000000000000000	0000000000000000	0000000000000000	0000000000000000
  201	0000000200000025	0000000100056724	0000000000000000	0000000000000000	0000000000000000
  202	0000011400000014	0000000000000000	0000000000000000	0000000000000000	0000000000000000
  203	0000000200000025	000000010005672c	0000000000000000	0000000000000000	0000000000000000
  204	0000011400000014	0000000000000000	0000000000000000	0000000000000000	0000000000000000
  205	0000000200000025	0000000100056734	0000000000000000	0000000000000000	0000000000000000
  206	0000011400000014	0000000000000000	0000000000000000	0000000000000000	0000000000000000
  207	0000000200000025	000000010005673c	0000000000000000	0000000000000000	0000000000000000
  208	0000011400000014	0000000000000000	0000000000000000	0000000000000000	0000000000000000
  209	0000000200000025	0000000100056744	0000000000000000	0000000000000000	0000000000000000
  210	0000011400000014	0000000000000000	0000000000000000	0000000000000000	0000000000000000
  211	0000000200000025	000000010005674c	0000000000000000	0000000000000000	0000000000000000
  212	0000010300000014	0000000000000000	0000000000000000	0000000000000000	0000000000000000
  213	0000000200000025	0000000100056754	0000000000000000	0000000000000000	0000000000000000
  214	0000010300000014	0000000000000000	0000000000000000	0000000000000000	0000000000000000
  215	0000000200000025	000000010005675c	0000000000000000	0000000000000000	0000000000000000
  216	0000010300000014	0000000000000000	0000000000000000	0000000000000000	0000000000000000
  217	0000000200000025	0000000100056764	0000000000000000	0000000000000000	0000000000000000
  218	0000010300000014	0000000000000000	0000000000000000	0000000000000000	0000000000000000
  219	0000000200000025	000000010005676c	0000000000000000	0000000000000000	0000000000000000
  220	0000010300000014	0000000000000000	0000000000000000	0000000000000000	0000000000000000
  221	0000000200000025	0000000100056774	0000000000000000	0000000000000000	0000000000000000
  222	0000010300000014	0000000000000000	0000000000000000	0000000000000000	0000000000000000
  223	0000000200000025	000000010005677c	0000000000000000	0000000000000000	0000000000000000
  224	0000010300000014	0000000000000000	0000000000000000	0000000000000000	0000000000000000
  225	0000000200000025	0000000100056784	0000000000000000	0000000000000000	0000000000000000
  226	0000010300000014	0000000000000000	0000000000000000	0000000000000000	0000000000000000
  227	0000000200000025	000000010005678c	0000000000000000	0000000000000000	0000000000000000
  228	0000010300000014	0000000000000000	0000000000000000	0000000000000000	0000000000000000
  229	0000000200000025	0000000100056794	0000000000000000	0000000000000000	0000000000000000
  230	0000010300000014	0000000000000000	0000000000000000	0000000000000000	0000000000000000
  231	0000000200000025	000000010005679c	0000000000000000	0000000000000000	0000000000000000
  232	0000010300000014	0000000000000000	0000000000000000	0000000000000000	0000000000000000
  233	0000000200000025	00000001000567a4	0000000000000000	0000000000000000	0000000000000000
  234	0000010300000014	0000000000000000	0000000000000000	0000000000000000	0000000000000000
  235	0000000200000025	00000001000567ac	0000000000000000	0000000000000000	0000000000000000
  236	0000010300000014	0000000000000000	0000000000000000	0000000000000000	0000000000000000
  237	0000000200000025	00000001000567b4	0000000000000000	0000000000000000	0000000000000000
  238	0000010300000014	0000000000000000	0000000000000000	0000000000000000	0000000000000000
  239	0000000200000025	00000001000567bc	0000000000000000	0000000000000000	0000000000000000
  240	0000010300000014	0000000000000000	0000000000000000	0000000000000000	0000000000000000
  241	0000000200000025	00000001000567c4	0000000000000000	0000000000000000	0000000000000000
  242	0000010300000014	0000000000000000	0000000000000000	0000000000000000	0000000000000000
  243	0000000200000025	00000001000567cc	0000000000000000	0000000000000000	0000000000000000
  244	0000010300000014	0000000000000000	0000000000000000	0000000000000000	0000000000000000
  245	0000000200000025	00000001000567d4	0000000000000000	0000000000000000	0000000000000000
  246	0000010300000014	0000000000000000	0000000000000000	0000000000000000	0000000000000000
  247	0000000200000025	00000001000567dc	0000000000000000	0000000000000000	0000000000000000
  248	0000010300000014	0000000000000000	0000000000000000	0000000000000000	0000000000000000
  249	0000000200000025	00000001000567e4	0000000000000000	0000000000000000	0000000000000000
  250	0000010300000014	0000000000000000	0000000000000000	0000000000000000	0000000000000000
  251	0000000200000025	00000001000567ec	0000000000000000	0000000000000000	0000000000000000
  252	0000010300000014	0000000000000000	0000000000000000	0000000000000000	0000000000000000
  253	0000000200000025	00000001000567f4	0000000000000000	0000000000000000	0000000000000000
  254	0000010300000014	0000000000000000	0000000000000000	0000000000000000	0000000000000000
  255	0000000200000025	00000001000567fc	0000000000000000	0000000000000000	0000000000000000

Invalidation queue on IOMMU: dmar9
 Base: 0x3080048000	Head: 14	Tail: 14
Index		qw0			qw1			qw2			qw3			status
    0	0000000000000004	0000000000000000	0000000000000000	0000000000000000	0000000000000000
    1	0000000200000025	0000000100056804	0000000000000000	0000000000000000	0000000000000000
    2	0000000000000011	0000000000000000	0000000000000000	0000000000000000	0000000000000000
    3	0000000200000025	000000010005680c	0000000000000000	0000000000000000	0000000000000000
    4	00000000000000d2	0000000000000000	0000000000000000	0000000000000000	0000000000000000
    5	0000000200000025	0000000100056814	0000000000000000	0000000000000000	0000000000000000
    6	0000000000000014	0000000000000000	0000000000000000	0000000000000000	0000000000000000
    7	0000000200000025	000000010005681c	0000000000000000	0000000000000000	0000000000000000
    8	0000000000000014	0000000000000000	0000000000000000	0000000000000000	0000000000000000
    9	0000000200000025	0000000100056824	0000000000000000	0000000000000000	0000000000000000
   10	0000000000000014	0000000000000000	0000000000000000	0000000000000000	0000000000000000
   11	0000000200000025	000000010005682c	0000000000000000	0000000000000000	0000000000000000
   12	0000000000000014	0000000000000000	0000000000000000	0000000000000000	0000000000000000
   13	0000000200000025	0000000100056834	0000000000000000	0000000000000000	0000000000000000
   14	0000000000000000	0000000000000000	0000000000000000	0000000000000000	0000000000000000
   15	0000000000000000	0000000000000000	0000000000000000	0000000000000000	0000000000000000
   16	0000000000000000	0000000000000000	0000000000000000	0000000000000000	0000000000000000
   17	0000000000000000	0000000000000000	0000000000000000	0000000000000000	0000000000000000
   18	0000000000000000	0000000000000000	0000000000000000	0000000000000000	0000000000000000
   19	0000000000000000	0000000000000000	0000000000000000	0000000000000000	0000000000000000
   20	0000000000000000	0000000000000000	0000000000000000	0000000000000000	0000000000000000
   21	0000000000000000	0000000000000000	0000000000000000	0000000000000000	0000000000000000
   22	0000000000000000	0000000000000000	0000000000000000	0000000000000000	0000000000000000
   23	0000000000000000	0000000000000000	0000000000000000	0000000000000000	0000000000000000
   24	0000000000000000	0000000000000000	0000000000000000	0000000000000000	0000000000000000
   25	0000000000000000	0000000000000000	0000000000000000	0000000000000000	0000000000000000
   26	0000000000000000	0000000000000000	0000000000000000	0000000000000000	0000000000000000
   27	0000000000000000	0000000000000000	0000000000000000	0000000000000000	0000000000000000
   28	0000000000000000	0000000000000000	0000000000000000	0000000000000000	0000000000000000
   29	0000000000000000	0000000000000000	0000000000000000	0000000000000000	0000000000000000
   30	0000000000000000	0000000000000000	0000000000000000	0000000000000000	0000000000000000
   31	0000000000000000	0000000000000000	0000000000000000	0000000000000000	0000000000000000
   32	0000000000000000	0000000000000000	0000000000000000	0000000000000000	0000000000000000
   33	0000000000000000	0000000000000000	0000000000000000	0000000000000000	0000000000000000
   34	0000000000000000	0000000000000000	0000000000000000	0000000000000000	0000000000000000
   35	0000000000000000	0000000000000000	0000000000000000	0000000000000000	0000000000000000
   36	0000000000000000	0000000000000000	0000000000000000	0000000000000000	0000000000000000
   37	0000000000000000	0000000000000000	0000000000000000	0000000000000000	0000000000000000
   38	0000000000000000	0000000000000000	0000000000000000	0000000000000000	0000000000000000
   39	0000000000000000	0000000000000000	0000000000000000	0000000000000000	0000000000000000
   40	0000000000000000	0000000000000000	0000000000000000	0000000000000000	0000000000000000
   41	0000000000000000	0000000000000000	0000000000000000	0000000000000000	0000000000000000
   42	0000000000000000	0000000000000000	0000000000000000	0000000000000000	0000000000000000
   43	0000000000000000	0000000000000000	0000000000000000	0000000000000000	0000000000000000
   44	0000000000000000	0000000000000000	0000000000000000	0000000000000000	0000000000000000
   45	0000000000000000	0000000000000000	0000000000000000	0000000000000000	0000000000000000
   46	0000000000000000	0000000000000000	0000000000000000	0000000000000000	0000000000000000
   47	0000000000000000	0000000000000000	0000000000000000	0000000000000000	0000000000000000
   48	0000000000000000	0000000000000000	0000000000000000	0000000000000000	0000000000000000
   49	0000000000000000	0000000000000000	0000000000000000	0000000000000000	0000000000000000
   50	0000000000000000	0000000000000000	0000000000000000	0000000000000000	0000000000000000
   51	0000000000000000	0000000000000000	0000000000000000	0000000000000000	0000000000000000
   52	0000000000000000	0000000000000000	0000000000000000	0000000000000000	0000000000000000
   53	0000000000000000	0000000000000000	0000000000000000	0000000000000000	0000000000000000
   54	0000000000000000	0000000000000000	0000000000000000	0000000000000000	0000000000000000
   55	0000000000000000	0000000000000000	0000000000000000	0000000000000000	0000000000000000
   56	0000000000000000	0000000000000000	0000000000000000	0000000000000000	0000000000000000
   57	0000000000000000	0000000000000000	0000000000000000	0000000000000000	0000000000000000
   58	0000000000000000	0000000000000000	0000000000000000	0000000000000000	0000000000000000
   59	0000000000000000	0000000000000000	0000000000000000	0000000000000000	0000000000000000
   60	0000000000000000	0000000000000000	0000000000000000	0000000000000000	0000000000000000
   61	0000000000000000	0000000000000000	0000000000000000	0000000000000000	0000000000000000
   62	0000000000000000	0000000000000000	0000000000000000	0000000000000000	0000000000000000
   63	0000000000000000	0000000000000000	0000000000000000	0000000000000000	0000000000000000
   64	0000000000000000	0000000000000000	0000000000000000	0000000000000000	0000000000000000
   65	0000000000000000	0000000000000000	0000000000000000	0000000000000000	0000000000000000
   66	0000000000000000	0000000000000000	0000000000000000	0000000000000000	0000000000000000
   67	0000000000000000	0000000000000000	0000000000000000	0000000000000000	0000000000000000
   68	0000000000000000	0000000000000000	0000000000000000	0000000000000000	0000000000000000
   69	0000000000000000	0000000000000000	0000000000000000	0000000000000000	0000000000000000
   70	0000000000000000	0000000000000000	0000000000000000	0000000000000000	0000000000000000
   71	0000000000000000	0000000000000000	0000000000000000	0000000000000000	0000000000000000
   72	0000000000000000	0000000000000000	0000000000000000	0000000000000000	0000000000000000
   73	0000000000000000	0000000000000000	0000000000000000	0000000000000000	0000000000000000
   74	0000000000000000	0000000000000000	0000000000000000	0000000000000000	0000000000000000
   75	0000000000000000	0000000000000000	0000000000000000	0000000000000000	0000000000000000
   76	0000000000000000	0000000000000000	0000000000000000	0000000000000000	0000000000000000
   77	0000000000000000	0000000000000000	0000000000000000	0000000000000000	0000000000000000
   78	0000000000000000	0000000000000000	0000000000000000	0000000000000000	0000000000000000
   79	0000000000000000	0000000000000000	0000000000000000	0000000000000000	0000000000000000
   80	0000000000000000	0000000000000000	0000000000000000	0000000000000000	0000000000000000
   81	0000000000000000	0000000000000000	0000000000000000	0000000000000000	0000000000000000
   82	0000000000000000	0000000000000000	0000000000000000	0000000000000000	0000000000000000
   83	0000000000000000	0000000000000000	0000000000000000	0000000000000000	0000000000000000
   84	0000000000000000	0000000000000000	0000000000000000	0000000000000000	0000000000000000
   85	0000000000000000	0000000000000000	0000000000000000	0000000000000000	0000000000000000
   86	0000000000000000	0000000000000000	0000000000000000	0000000000000000	0000000000000000
   87	0000000000000000	0000000000000000	0000000000000000	0000000000000000	0000000000000000
   88	0000000000000000	0000000000000000	0000000000000000	0000000000000000	0000000000000000
   89	0000000000000000	0000000000000000	0000000000000000	0000000000000000	0000000000000000
   90	0000000000000000	0000000000000000	0000000000000000	0000000000000000	0000000000000000
   91	0000000000000000	0000000000000000	0000000000000000	0000000000000000	0000000000000000
   92	0000000000000000	0000000000000000	0000000000000000	0000000000000000	0000000000000000
   93	0000000000000000	0000000000000000	0000000000000000	0000000000000000	0000000000000000
   94	0000000000000000	0000000000000000	0000000000000000	0000000000000000	0000000000000000
   95	0000000000000000	0000000000000000	0000000000000000	0000000000000000	0000000000000000
   96	0000000000000000	0000000000000000	0000000000000000	0000000000000000	0000000000000000
   97	0000000000000000	0000000000000000	0000000000000000	0000000000000000	0000000000000000
   98	0000000000000000	0000000000000000	0000000000000000	0000000000000000	0000000000000000
   99	0000000000000000	0000000000000000	0000000000000000	0000000000000000	0000000000000000
  100	0000000000000000	0000000000000000	0000000000000000	0000000000000000	0000000000000000
  101	0000000000000000	0000000000000000	0000000000000000	0000000000000000	0000000000000000
  102	0000000000000000	0000000000000000	0000000000000000	0000000000000000	0000000000000000
  103	0000000000000000	0000000000000000	0000000000000000	0000000000000000	0000000000000000
  104	0000000000000000	0000000000000000	0000000000000000	0000000000000000	0000000000000000
  105	0000000000000000	0000000000000000	0000000000000000	0000000000000000	0000000000000000
  106	0000000000000000	0000000000000000	0000000000000000	0000000000000000	0000000000000000
  107	0000000000000000	0000000000000000	0000000000000000	0000000000000000	0000000000000000
  108	0000000000000000	0000000000000000	0000000000000000	0000000000000000	0000000000000000
  109	0000000000000000	0000000000000000	0000000000000000	0000000000000000	0000000000000000
  110	0000000000000000	0000000000000000	0000000000000000	0000000000000000	0000000000000000
  111	0000000000000000	0000000000000000	0000000000000000	0000000000000000	0000000000000000
  112	0000000000000000	0000000000000000	0000000000000000	0000000000000000	0000000000000000
  113	0000000000000000	0000000000000000	0000000000000000	0000000000000000	0000000000000000
  114	0000000000000000	0000000000000000	0000000000000000	0000000000000000	0000000000000000
  115	0000000000000000	0000000000000000	0000000000000000	0000000000000000	0000000000000000
  116	0000000000000000	0000000000000000	0000000000000000	0000000000000000	0000000000000000
  117	0000000000000000	0000000000000000	0000000000000000	0000000000000000	0000000000000000
  118	0000000000000000	0000000000000000	0000000000000000	0000000000000000	0000000000000000
  119	0000000000000000	0000000000000000	0000000000000000	0000000000000000	0000000000000000
  120	0000000000000000	0000000000000000	0000000000000000	0000000000000000	0000000000000000
  121	0000000000000000	0000000000000000	0000000000000000	0000000000000000	0000000000000000
  122	0000000000000000	0000000000000000	0000000000000000	0000000000000000	0000000000000000
  123	0000000000000000	0000000000000000	0000000000000000	0000000000000000	0000000000000000
  124	0000000000000000	0000000000000000	0000000000000000	0000000000000000	0000000000000000
  125	0000000000000000	0000000000000000	0000000000000000	0000000000000000	0000000000000000
  126	0000000000000000	0000000000000000	0000000000000000	0000000000000000	0000000000000000
  127	0000000000000000	0000000000000000	0000000000000000	0000000000000000	0000000000000000
  128	0000000000000000	0000000000000000	0000000000000000	0000000000000000	0000000000000000
  129	0000000000000000	0000000000000000	0000000000000000	0000000000000000	0000000000000000
  130	0000000000000000	0000000000000000	0000000000000000	0000000000000000	0000000000000000
  131	0000000000000000	0000000000000000	0000000000000000	0000000000000000	0000000000000000
  132	0000000000000000	0000000000000000	0000000000000000	0000000000000000	0000000000000000
  133	0000000000000000	0000000000000000	0000000000000000	0000000000000000	0000000000000000
  134	0000000000000000	0000000000000000	0000000000000000	0000000000000000	0000000000000000
  135	0000000000000000	0000000000000000	0000000000000000	0000000000000000	0000000000000000
  136	0000000000000000	0000000000000000	0000000000000000	0000000000000000	0000000000000000
  137	0000000000000000	0000000000000000	0000000000000000	0000000000000000	0000000000000000
  138	0000000000000000	0000000000000000	0000000000000000	0000000000000000	0000000000000000
  139	0000000000000000	0000000000000000	0000000000000000	0000000000000000	0000000000000000
  140	0000000000000000	0000000000000000	0000000000000000	0000000000000000	0000000000000000
  141	0000000000000000	0000000000000000	0000000000000000	0000000000000000	0000000000000000
  142	0000000000000000	0000000000000000	0000000000000000	0000000000000000	0000000000000000
  143	0000000000000000	0000000000000000	0000000000000000	0000000000000000	0000000000000000
  144	0000000000000000	0000000000000000	0000000000000000	0000000000000000	0000000000000000
  145	0000000000000000	0000000000000000	0000000000000000	0000000000000000	0000000000000000
  146	0000000000000000	0000000000000000	0000000000000000	0000000000000000	0000000000000000
  147	0000000000000000	0000000000000000	0000000000000000	0000000000000000	0000000000000000
  148	0000000000000000	0000000000000000	0000000000000000	0000000000000000	0000000000000000
  149	0000000000000000	0000000000000000	0000000000000000	0000000000000000	0000000000000000
  150	0000000000000000	0000000000000000	0000000000000000	0000000000000000	0000000000000000
  151	0000000000000000	0000000000000000	0000000000000000	0000000000000000	0000000000000000
  152	0000000000000000	0000000000000000	0000000000000000	0000000000000000	0000000000000000
  153	0000000000000000	0000000000000000	0000000000000000	0000000000000000	0000000000000000
  154	0000000000000000	0000000000000000	0000000000000000	0000000000000000	0000000000000000
  155	0000000000000000	0000000000000000	0000000000000000	0000000000000000	0000000000000000
  156	0000000000000000	0000000000000000	0000000000000000	0000000000000000	0000000000000000
  157	0000000000000000	0000000000000000	0000000000000000	0000000000000000	0000000000000000
  158	0000000000000000	0000000000000000	0000000000000000	0000000000000000	0000000000000000
  159	0000000000000000	0000000000000000	0000000000000000	0000000000000000	0000000000000000
  160	0000000000000000	0000000000000000	0000000000000000	0000000000000000	0000000000000000
  161	0000000000000000	0000000000000000	0000000000000000	0000000000000000	0000000000000000
  162	0000000000000000	0000000000000000	0000000000000000	0000000000000000	0000000000000000
  163	0000000000000000	0000000000000000	0000000000000000	0000000000000000	0000000000000000
  164	0000000000000000	0000000000000000	0000000000000000	0000000000000000	0000000000000000
  165	0000000000000000	0000000000000000	0000000000000000	0000000000000000	0000000000000000
  166	0000000000000000	0000000000000000	0000000000000000	0000000000000000	0000000000000000
  167	0000000000000000	0000000000000000	0000000000000000	0000000000000000	0000000000000000
  168	0000000000000000	0000000000000000	0000000000000000	0000000000000000	0000000000000000
  169	0000000000000000	0000000000000000	0000000000000000	0000000000000000	0000000000000000
  170	0000000000000000	0000000000000000	0000000000000000	0000000000000000	0000000000000000
  171	0000000000000000	0000000000000000	0000000000000000	0000000000000000	0000000000000000
  172	0000000000000000	0000000000000000	0000000000000000	0000000000000000	0000000000000000
  173	0000000000000000	0000000000000000	0000000000000000	0000000000000000	0000000000000000
  174	0000000000000000	0000000000000000	0000000000000000	0000000000000000	0000000000000000
  175	0000000000000000	0000000000000000	0000000000000000	0000000000000000	0000000000000000
  176	0000000000000000	0000000000000000	0000000000000000	0000000000000000	0000000000000000
  177	0000000000000000	0000000000000000	0000000000000000	0000000000000000	0000000000000000
  178	0000000000000000	0000000000000000	0000000000000000	0000000000000000	0000000000000000
  179	0000000000000000	0000000000000000	0000000000000000	0000000000000000	0000000000000000
  180	0000000000000000	0000000000000000	0000000000000000	0000000000000000	0000000000000000
  181	0000000000000000	0000000000000000	0000000000000000	0000000000000000	0000000000000000
  182	0000000000000000	0000000000000000	0000000000000000	0000000000000000	0000000000000000
  183	0000000000000000	0000000000000000	0000000000000000	0000000000000000	0000000000000000
  184	0000000000000000	0000000000000000	0000000000000000	0000000000000000	0000000000000000
  185	0000000000000000	0000000000000000	0000000000000000	0000000000000000	0000000000000000
  186	0000000000000000	0000000000000000	0000000000000000	0000000000000000	0000000000000000
  187	0000000000000000	0000000000000000	0000000000000000	0000000000000000	0000000000000000
  188	0000000000000000	0000000000000000	0000000000000000	0000000000000000	0000000000000000
  189	0000000000000000	0000000000000000	0000000000000000	0000000000000000	0000000000000000
  190	0000000000000000	0000000000000000	0000000000000000	0000000000000000	0000000000000000
  191	0000000000000000	0000000000000000	0000000000000000	0000000000000000	0000000000000000
  192	0000000000000000	0000000000000000	0000000000000000	0000000000000000	0000000000000000
  193	0000000000000000	0000000000000000	0000000000000000	0000000000000000	0000000000000000
  194	0000000000000000	0000000000000000	0000000000000000	0000000000000000	0000000000000000
  195	0000000000000000	0000000000000000	0000000000000000	0000000000000000	0000000000000000
  196	0000000000000000	0000000000000000	0000000000000000	0000000000000000	0000000000000000
  197	0000000000000000	0000000000000000	0000000000000000	0000000000000000	0000000000000000
  198	0000000000000000	0000000000000000	0000000000000000	0000000000000000	0000000000000000
  199	0000000000000000	0000000000000000	0000000000000000	0000000000000000	0000000000000000
  200	0000000000000000	0000000000000000	0000000000000000	0000000000000000	0000000000000000
  201	0000000000000000	0000000000000000	0000000000000000	0000000000000000	0000000000000000
  202	0000000000000000	0000000000000000	0000000000000000	0000000000000000	0000000000000000
  203	0000000000000000	0000000000000000	0000000000000000	0000000000000000	0000000000000000
  204	0000000000000000	0000000000000000	0000000000000000	0000000000000000	0000000000000000
  205	0000000000000000	0000000000000000	0000000000000000	0000000000000000	0000000000000000
  206	0000000000000000	0000000000000000	0000000000000000	0000000000000000	0000000000000000
  207	0000000000000000	0000000000000000	0000000000000000	0000000000000000	0000000000000000
  208	0000000000000000	0000000000000000	0000000000000000	0000000000000000	0000000000000000
  209	0000000000000000	0000000000000000	0000000000000000	0000000000000000	0000000000000000
  210	0000000000000000	0000000000000000	0000000000000000	0000000000000000	0000000000000000
  211	0000000000000000	0000000000000000	0000000000000000	0000000000000000	0000000000000000
  212	0000000000000000	0000000000000000	0000000000000000	0000000000000000	0000000000000000
  213	0000000000000000	0000000000000000	0000000000000000	0000000000000000	0000000000000000
  214	0000000000000000	0000000000000000	0000000000000000	0000000000000000	0000000000000000
  215	0000000000000000	0000000000000000	0000000000000000	0000000000000000	0000000000000000
  216	0000000000000000	0000000000000000	0000000000000000	0000000000000000	0000000000000000
  217	0000000000000000	0000000000000000	0000000000000000	0000000000000000	0000000000000000
  218	0000000000000000	0000000000000000	0000000000000000	0000000000000000	0000000000000000
  219	0000000000000000	0000000000000000	0000000000000000	0000000000000000	0000000000000000
  220	0000000000000000	0000000000000000	0000000000000000	0000000000000000	0000000000000000
  221	0000000000000000	0000000000000000	0000000000000000	0000000000000000	0000000000000000
  222	0000000000000000	0000000000000000	0000000000000000	0000000000000000	0000000000000000
  223	0000000000000000	0000000000000000	0000000000000000	0000000000000000	0000000000000000
  224	0000000000000000	0000000000000000	0000000000000000	0000000000000000	0000000000000000
  225	0000000000000000	0000000000000000	0000000000000000	0000000000000000	0000000000000000
  226	0000000000000000	0000000000000000	0000000000000000	0000000000000000	0000000000000000
  227	0000000000000000	0000000000000000	0000000000000000	0000000000000000	0000000000000000
  228	0000000000000000	0000000000000000	0000000000000000	0000000000000000	0000000000000000
  229	0000000000000000	0000000000000000	0000000000000000	0000000000000000	0000000000000000
  230	0000000000000000	0000000000000000	0000000000000000	0000000000000000	0000000000000000
  231	0000000000000000	0000000000000000	0000000000000000	0000000000000000	0000000000000000
  232	0000000000000000	0000000000000000	0000000000000000	0000000000000000	0000000000000000
  233	0000000000000000	0000000000000000	0000000000000000	0000000000000000	0000000000000000
  234	0000000000000000	0000000000000000	0000000000000000	0000000000000000	0000000000000000
  235	0000000000000000	0000000000000000	0000000000000000	0000000000000000	0000000000000000
  236	0000000000000000	0000000000000000	0000000000000000	0000000000000000	0000000000000000
  237	0000000000000000	0000000000000000	0000000000000000	0000000000000000	0000000000000000
  238	0000000000000000	0000000000000000	0000000000000000	0000000000000000	0000000000000000
  239	0000000000000000	0000000000000000	0000000000000000	0000000000000000	0000000000000000
  240	0000000000000000	0000000000000000	0000000000000000	0000000000000000	0000000000000000
  241	0000000000000000	0000000000000000	0000000000000000	0000000000000000	0000000000000000
  242	0000000000000000	0000000000000000	0000000000000000	0000000000000000	0000000000000000
  243	0000000000000000	0000000000000000	0000000000000000	0000000000000000	0000000000000000
  244	0000000000000000	0000000000000000	0000000000000000	0000000000000000	0000000000000000
  245	0000000000000000	0000000000000000	0000000000000000	0000000000000000	0000000000000000
  246	0000000000000000	0000000000000000	0000000000000000	0000000000000000	0000000000000000
  247	0000000000000000	0000000000000000	0000000000000000	0000000000000000	0000000000000000
  248	0000000000000000	0000000000000000	0000000000000000	0000000000000000	0000000000000000
  249	0000000000000000	0000000000000000	0000000000000000	0000000000000000	0000000000000000
  250	0000000000000000	0000000000000000	0000000000000000	0000000000000000	0000000000000000
  251	0000000000000000	0000000000000000	0000000000000000	0000000000000000	0000000000000000
  252	0000000000000000	0000000000000000	0000000000000000	0000000000000000	0000000000000000
  253	0000000000000000	0000000000000000	0000000000000000	0000000000000000	0000000000000000
  254	0000000000000000	0000000000000000	0000000000000000	0000000000000000	0000000000000000
  255	0000000000000000	0000000000000000	0000000000000000	0000000000000000	0000000000000000

Invalidation queue on IOMMU: dmar8
 Base: 0x308004a000	Head: 14	Tail: 14
Index		qw0			qw1			qw2			qw3			status
    0	0000000000000004	0000000000000000	0000000000000000	0000000000000000	0000000000000000
    1	0000000200000025	0000000100056c04	0000000000000000	0000000000000000	0000000000000000
    2	0000000000000011	0000000000000000	0000000000000000	0000000000000000	0000000000000000
    3	0000000200000025	0000000100056c0c	0000000000000000	0000000000000000	0000000000000000
    4	00000000000000d2	0000000000000000	0000000000000000	0000000000000000	0000000000000000
    5	0000000200000025	0000000100056c14	0000000000000000	0000000000000000	0000000000000000
    6	0000000000000014	0000000000000000	0000000000000000	0000000000000000	0000000000000000
    7	0000000200000025	0000000100056c1c	0000000000000000	0000000000000000	0000000000000000
    8	0000000000000014	0000000000000000	0000000000000000	0000000000000000	0000000000000000
    9	0000000200000025	0000000100056c24	0000000000000000	0000000000000000	0000000000000000
   10	0000000000000014	0000000000000000	0000000000000000	0000000000000000	0000000000000000
   11	0000000200000025	0000000100056c2c	0000000000000000	0000000000000000	0000000000000000
   12	0000000000000014	0000000000000000	0000000000000000	0000000000000000	0000000000000000
   13	0000000200000025	0000000100056c34	0000000000000000	0000000000000000	0000000000000000
   14	0000000000000000	0000000000000000	0000000000000000	0000000000000000	0000000000000000
   15	0000000000000000	0000000000000000	0000000000000000	0000000000000000	0000000000000000
   16	0000000000000000	0000000000000000	0000000000000000	0000000000000000	0000000000000000
   17	0000000000000000	0000000000000000	0000000000000000	0000000000000000	0000000000000000
   18	0000000000000000	0000000000000000	0000000000000000	0000000000000000	0000000000000000
   19	0000000000000000	0000000000000000	0000000000000000	0000000000000000	0000000000000000
   20	0000000000000000	0000000000000000	0000000000000000	0000000000000000	0000000000000000
   21	0000000000000000	0000000000000000	0000000000000000	0000000000000000	0000000000000000
   22	0000000000000000	0000000000000000	0000000000000000	0000000000000000	0000000000000000
   23	0000000000000000	0000000000000000	0000000000000000	0000000000000000	0000000000000000
   24	0000000000000000	0000000000000000	0000000000000000	0000000000000000	0000000000000000
   25	0000000000000000	0000000000000000	0000000000000000	0000000000000000	0000000000000000
   26	0000000000000000	0000000000000000	0000000000000000	0000000000000000	0000000000000000
   27	0000000000000000	0000000000000000	0000000000000000	0000000000000000	0000000000000000
   28	0000000000000000	0000000000000000	0000000000000000	0000000000000000	0000000000000000
   29	0000000000000000	0000000000000000	0000000000000000	0000000000000000	0000000000000000
   30	0000000000000000	0000000000000000	0000000000000000	0000000000000000	0000000000000000
   31	0000000000000000	0000000000000000	0000000000000000	0000000000000000	0000000000000000
   32	0000000000000000	0000000000000000	0000000000000000	0000000000000000	0000000000000000
   33	0000000000000000	0000000000000000	0000000000000000	0000000000000000	0000000000000000
   34	0000000000000000	0000000000000000	0000000000000000	0000000000000000	0000000000000000
   35	0000000000000000	0000000000000000	0000000000000000	0000000000000000	0000000000000000
   36	0000000000000000	0000000000000000	0000000000000000	0000000000000000	0000000000000000
   37	0000000000000000	0000000000000000	0000000000000000	0000000000000000	0000000000000000
   38	0000000000000000	0000000000000000	0000000000000000	0000000000000000	0000000000000000
   39	0000000000000000	0000000000000000	0000000000000000	0000000000000000	0000000000000000
   40	0000000000000000	0000000000000000	0000000000000000	0000000000000000	0000000000000000
   41	0000000000000000	0000000000000000	0000000000000000	0000000000000000	0000000000000000
   42	0000000000000000	0000000000000000	0000000000000000	0000000000000000	0000000000000000
   43	0000000000000000	0000000000000000	0000000000000000	0000000000000000	0000000000000000
   44	0000000000000000	0000000000000000	0000000000000000	0000000000000000	0000000000000000
   45	0000000000000000	0000000000000000	0000000000000000	0000000000000000	0000000000000000
   46	0000000000000000	0000000000000000	0000000000000000	0000000000000000	0000000000000000
   47	0000000000000000	0000000000000000	0000000000000000	0000000000000000	0000000000000000
   48	0000000000000000	0000000000000000	0000000000000000	0000000000000000	0000000000000000
   49	0000000000000000	0000000000000000	0000000000000000	0000000000000000	0000000000000000
   50	0000000000000000	0000000000000000	0000000000000000	0000000000000000	0000000000000000
   51	0000000000000000	0000000000000000	0000000000000000	0000000000000000	0000000000000000
   52	0000000000000000	0000000000000000	0000000000000000	0000000000000000	0000000000000000
   53	0000000000000000	0000000000000000	0000000000000000	0000000000000000	0000000000000000
   54	0000000000000000	0000000000000000	0000000000000000	0000000000000000	0000000000000000
   55	0000000000000000	0000000000000000	0000000000000000	0000000000000000	0000000000000000
   56	0000000000000000	0000000000000000	0000000000000000	0000000000000000	0000000000000000
   57	0000000000000000	0000000000000000	0000000000000000	0000000000000000	0000000000000000
   58	0000000000000000	0000000000000000	0000000000000000	0000000000000000	0000000000000000
   59	0000000000000000	0000000000000000	0000000000000000	0000000000000000	0000000000000000
   60	0000000000000000	0000000000000000	0000000000000000	0000000000000000	0000000000000000
   61	0000000000000000	0000000000000000	0000000000000000	0000000000000000	0000000000000000
   62	0000000000000000	0000000000000000	0000000000000000	0000000000000000	0000000000000000
   63	0000000000000000	0000000000000000	0000000000000000	0000000000000000	0000000000000000
   64	0000000000000000	0000000000000000	0000000000000000	0000000000000000	0000000000000000
   65	0000000000000000	0000000000000000	0000000000000000	0000000000000000	0000000000000000
   66	0000000000000000	0000000000000000	0000000000000000	0000000000000000	0000000000000000
   67	0000000000000000	0000000000000000	0000000000000000	0000000000000000	0000000000000000
   68	0000000000000000	0000000000000000	0000000000000000	0000000000000000	0000000000000000
   69	0000000000000000	0000000000000000	0000000000000000	0000000000000000	0000000000000000
   70	0000000000000000	0000000000000000	0000000000000000	0000000000000000	0000000000000000
   71	0000000000000000	0000000000000000	0000000000000000	0000000000000000	0000000000000000
   72	0000000000000000	0000000000000000	0000000000000000	0000000000000000	0000000000000000
   73	0000000000000000	0000000000000000	0000000000000000	0000000000000000	0000000000000000
   74	0000000000000000	0000000000000000	0000000000000000	0000000000000000	0000000000000000
   75	0000000000000000	0000000000000000	0000000000000000	0000000000000000	0000000000000000
   76	0000000000000000	0000000000000000	0000000000000000	0000000000000000	0000000000000000
   77	0000000000000000	0000000000000000	0000000000000000	0000000000000000	0000000000000000
   78	0000000000000000	0000000000000000	0000000000000000	0000000000000000	0000000000000000
   79	0000000000000000	0000000000000000	0000000000000000	0000000000000000	0000000000000000
   80	0000000000000000	0000000000000000	0000000000000000	0000000000000000	0000000000000000
   81	0000000000000000	0000000000000000	0000000000000000	0000000000000000	0000000000000000
   82	0000000000000000	0000000000000000	0000000000000000	0000000000000000	0000000000000000
   83	0000000000000000	0000000000000000	0000000000000000	0000000000000000	0000000000000000
   84	0000000000000000	0000000000000000	0000000000000000	0000000000000000	0000000000000000
   85	0000000000000000	0000000000000000	0000000000000000	0000000000000000	0000000000000000
   86	0000000000000000	0000000000000000	0000000000000000	0000000000000000	0000000000000000
   87	0000000000000000	0000000000000000	0000000000000000	0000000000000000	0000000000000000
   88	0000000000000000	0000000000000000	0000000000000000	0000000000000000	0000000000000000
   89	0000000000000000	0000000000000000	0000000000000000	0000000000000000	0000000000000000
   90	0000000000000000	0000000000000000	0000000000000000	0000000000000000	0000000000000000
   91	0000000000000000	0000000000000000	0000000000000000	0000000000000000	0000000000000000
   92	0000000000000000	0000000000000000	0000000000000000	0000000000000000	0000000000000000
   93	0000000000000000	0000000000000000	0000000000000000	0000000000000000	0000000000000000
   94	0000000000000000	0000000000000000	0000000000000000	0000000000000000	0000000000000000
   95	0000000000000000	0000000000000000	0000000000000000	0000000000000000	0000000000000000
   96	0000000000000000	0000000000000000	0000000000000000	0000000000000000	0000000000000000
   97	0000000000000000	0000000000000000	0000000000000000	0000000000000000	0000000000000000
   98	0000000000000000	0000000000000000	0000000000000000	0000000000000000	0000000000000000
   99	0000000000000000	0000000000000000	0000000000000000	0000000000000000	0000000000000000
  100	0000000000000000	0000000000000000	0000000000000000	0000000000000000	0000000000000000
  101	0000000000000000	0000000000000000	0000000000000000	0000000000000000	0000000000000000
  102	0000000000000000	0000000000000000	0000000000000000	0000000000000000	0000000000000000
  103	0000000000000000	0000000000000000	0000000000000000	0000000000000000	0000000000000000
  104	0000000000000000	0000000000000000	0000000000000000	0000000000000000	0000000000000000
  105	0000000000000000	0000000000000000	0000000000000000	0000000000000000	0000000000000000
  106	0000000000000000	0000000000000000	0000000000000000	0000000000000000	0000000000000000
  107	0000000000000000	0000000000000000	0000000000000000	0000000000000000	0000000000000000
  108	0000000000000000	0000000000000000	0000000000000000	0000000000000000	0000000000000000
  109	0000000000000000	0000000000000000	0000000000000000	0000000000000000	0000000000000000
  110	0000000000000000	0000000000000000	0000000000000000	0000000000000000	0000000000000000
  111	0000000000000000	0000000000000000	0000000000000000	0000000000000000	0000000000000000
  112	0000000000000000	0000000000000000	0000000000000000	0000000000000000	0000000000000000
  113	0000000000000000	0000000000000000	0000000000000000	0000000000000000	0000000000000000
  114	0000000000000000	0000000000000000	0000000000000000	0000000000000000	0000000000000000
  115	0000000000000000	0000000000000000	0000000000000000	0000000000000000	0000000000000000
  116	0000000000000000	0000000000000000	0000000000000000	0000000000000000	0000000000000000
  117	0000000000000000	0000000000000000	0000000000000000	0000000000000000	0000000000000000
  118	0000000000000000	0000000000000000	0000000000000000	0000000000000000	0000000000000000
  119	0000000000000000	0000000000000000	0000000000000000	0000000000000000	0000000000000000
  120	0000000000000000	0000000000000000	0000000000000000	0000000000000000	0000000000000000
  121	0000000000000000	0000000000000000	0000000000000000	0000000000000000	0000000000000000
  122	0000000000000000	0000000000000000	0000000000000000	0000000000000000	0000000000000000
  123	0000000000000000	0000000000000000	0000000000000000	0000000000000000	0000000000000000
  124	0000000000000000	0000000000000000	0000000000000000	0000000000000000	0000000000000000
  125	0000000000000000	0000000000000000	0000000000000000	0000000000000000	0000000000000000
  126	0000000000000000	0000000000000000	0000000000000000	0000000000000000	0000000000000000
  127	0000000000000000	0000000000000000	0000000000000000	0000000000000000	0000000000000000
  128	0000000000000000	0000000000000000	0000000000000000	0000000000000000	0000000000000000
  129	0000000000000000	0000000000000000	0000000000000000	0000000000000000	0000000000000000
  130	0000000000000000	0000000000000000	0000000000000000	0000000000000000	0000000000000000
  131	0000000000000000	0000000000000000	0000000000000000	0000000000000000	0000000000000000
  132	0000000000000000	0000000000000000	0000000000000000	0000000000000000	0000000000000000
  133	0000000000000000	0000000000000000	0000000000000000	0000000000000000	0000000000000000
  134	0000000000000000	0000000000000000	0000000000000000	0000000000000000	0000000000000000
  135	0000000000000000	0000000000000000	0000000000000000	0000000000000000	0000000000000000
  136	0000000000000000	0000000000000000	0000000000000000	0000000000000000	0000000000000000
  137	0000000000000000	0000000000000000	0000000000000000	0000000000000000	0000000000000000
  138	0000000000000000	0000000000000000	0000000000000000	0000000000000000	0000000000000000
  139	0000000000000000	0000000000000000	0000000000000000	0000000000000000	0000000000000000
  140	0000000000000000	0000000000000000	0000000000000000	0000000000000000	0000000000000000
  141	0000000000000000	0000000000000000	0000000000000000	0000000000000000	0000000000000000
  142	0000000000000000	0000000000000000	0000000000000000	0000000000000000	0000000000000000
  143	0000000000000000	0000000000000000	0000000000000000	0000000000000000	0000000000000000
  144	0000000000000000	0000000000000000	0000000000000000	0000000000000000	0000000000000000
  145	0000000000000000	0000000000000000	0000000000000000	0000000000000000	0000000000000000
  146	0000000000000000	0000000000000000	0000000000000000	0000000000000000	0000000000000000
  147	0000000000000000	0000000000000000	0000000000000000	0000000000000000	0000000000000000
  148	0000000000000000	0000000000000000	0000000000000000	0000000000000000	0000000000000000
  149	0000000000000000	0000000000000000	0000000000000000	0000000000000000	0000000000000000
  150	0000000000000000	0000000000000000	0000000000000000	0000000000000000	0000000000000000
  151	0000000000000000	0000000000000000	0000000000000000	0000000000000000	0000000000000000
  152	0000000000000000	0000000000000000	0000000000000000	0000000000000000	0000000000000000
  153	0000000000000000	0000000000000000	0000000000000000	0000000000000000	0000000000000000
  154	0000000000000000	0000000000000000	0000000000000000	0000000000000000	0000000000000000
  155	0000000000000000	0000000000000000	0000000000000000	0000000000000000	0000000000000000
  156	0000000000000000	0000000000000000	0000000000000000	0000000000000000	0000000000000000
  157	0000000000000000	0000000000000000	0000000000000000	0000000000000000	0000000000000000
  158	0000000000000000	0000000000000000	0000000000000000	0000000000000000	0000000000000000
  159	0000000000000000	0000000000000000	0000000000000000	0000000000000000	0000000000000000
  160	0000000000000000	0000000000000000	0000000000000000	0000000000000000	0000000000000000
  161	0000000000000000	0000000000000000	0000000000000000	0000000000000000	0000000000000000
  162	0000000000000000	0000000000000000	0000000000000000	0000000000000000	0000000000000000
  163	0000000000000000	0000000000000000	0000000000000000	0000000000000000	0000000000000000
  164	0000000000000000	0000000000000000	0000000000000000	0000000000000000	0000000000000000
  165	0000000000000000	0000000000000000	0000000000000000	0000000000000000	0000000000000000
  166	0000000000000000	0000000000000000	0000000000000000	0000000000000000	0000000000000000
  167	0000000000000000	0000000000000000	0000000000000000	0000000000000000	0000000000000000
  168	0000000000000000	0000000000000000	0000000000000000	0000000000000000	0000000000000000
  169	0000000000000000	0000000000000000	0000000000000000	0000000000000000	0000000000000000
  170	0000000000000000	0000000000000000	0000000000000000	0000000000000000	0000000000000000
  171	0000000000000000	0000000000000000	0000000000000000	0000000000000000	0000000000000000
  172	0000000000000000	0000000000000000	0000000000000000	0000000000000000	0000000000000000
  173	0000000000000000	0000000000000000	0000000000000000	0000000000000000	0000000000000000
  174	0000000000000000	0000000000000000	0000000000000000	0000000000000000	0000000000000000
  175	0000000000000000	0000000000000000	0000000000000000	0000000000000000	0000000000000000
  176	0000000000000000	0000000000000000	0000000000000000	0000000000000000	0000000000000000
  177	0000000000000000	0000000000000000	0000000000000000	0000000000000000	0000000000000000
  178	0000000000000000	0000000000000000	0000000000000000	0000000000000000	0000000000000000
  179	0000000000000000	0000000000000000	0000000000000000	0000000000000000	0000000000000000
  180	0000000000000000	0000000000000000	0000000000000000	0000000000000000	0000000000000000
  181	0000000000000000	0000000000000000	0000000000000000	0000000000000000	0000000000000000
  182	0000000000000000	0000000000000000	0000000000000000	0000000000000000	0000000000000000
  183	0000000000000000	0000000000000000	0000000000000000	0000000000000000	0000000000000000
  184	0000000000000000	0000000000000000	0000000000000000	0000000000000000	0000000000000000
  185	0000000000000000	0000000000000000	0000000000000000	0000000000000000	0000000000000000
  186	0000000000000000	0000000000000000	0000000000000000	0000000000000000	0000000000000000
  187	0000000000000000	0000000000000000	0000000000000000	0000000000000000	0000000000000000
  188	0000000000000000	0000000000000000	0000000000000000	0000000000000000	0000000000000000
  189	0000000000000000	0000000000000000	0000000000000000	0000000000000000	0000000000000000
  190	0000000000000000	0000000000000000	0000000000000000	0000000000000000	0000000000000000
  191	0000000000000000	0000000000000000	0000000000000000	0000000000000000	0000000000000000
  192	0000000000000000	0000000000000000	0000000000000000	0000000000000000	0000000000000000
  193	0000000000000000	0000000000000000	0000000000000000	0000000000000000	0000000000000000
  194	0000000000000000	0000000000000000	0000000000000000	0000000000000000	0000000000000000
  195	0000000000000000	0000000000000000	0000000000000000	0000000000000000	0000000000000000
  196	0000000000000000	0000000000000000	0000000000000000	0000000000000000	0000000000000000
  197	0000000000000000	0000000000000000	0000000000000000	0000000000000000	0000000000000000
  198	0000000000000000	0000000000000000	0000000000000000	0000000000000000	0000000000000000
  199	0000000000000000	0000000000000000	0000000000000000	0000000000000000	0000000000000000
  200	0000000000000000	0000000000000000	0000000000000000	0000000000000000	0000000000000000
  201	0000000000000000	0000000000000000	0000000000000000	0000000000000000	0000000000000000
  202	0000000000000000	0000000000000000	0000000000000000	0000000000000000	0000000000000000
  203	0000000000000000	0000000000000000	0000000000000000	0000000000000000	0000000000000000
  204	0000000000000000	0000000000000000	0000000000000000	0000000000000000	0000000000000000
  205	0000000000000000	0000000000000000	0000000000000000	0000000000000000	0000000000000000
  206	0000000000000000	0000000000000000	0000000000000000	0000000000000000	0000000000000000
  207	0000000000000000	0000000000000000	0000000000000000	0000000000000000	0000000000000000
  208	0000000000000000	0000000000000000	0000000000000000	0000000000000000	0000000000000000
  209	0000000000000000	0000000000000000	0000000000000000	0000000000000000	0000000000000000
  210	0000000000000000	0000000000000000	0000000000000000	0000000000000000	0000000000000000
  211	0000000000000000	0000000000000000	0000000000000000	0000000000000000	0000000000000000
  212	0000000000000000	0000000000000000	0000000000000000	0000000000000000	0000000000000000
  213	0000000000000000	0000000000000000	0000000000000000	0000000000000000	0000000000000000
  214	0000000000000000	0000000000000000	0000000000000000	0000000000000000	0000000000000000
  215	0000000000000000	0000000000000000	0000000000000000	0000000000000000	0000000000000000
  216	0000000000000000	0000000000000000	0000000000000000	0000000000000000	0000000000000000
  217	0000000000000000	0000000000000000	0000000000000000	0000000000000000	0000000000000000
  218	0000000000000000	0000000000000000	0000000000000000	0000000000000000	0000000000000000
  219	0000000000000000	0000000000000000	0000000000000000	0000000000000000	0000000000000000
  220	0000000000000000	0000000000000000	0000000000000000	0000000000000000	0000000000000000
  221	0000000000000000	0000000000000000	0000000000000000	0000000000000000	0000000000000000
  222	0000000000000000	0000000000000000	0000000000000000	0000000000000000	0000000000000000
  223	0000000000000000	0000000000000000	0000000000000000	0000000000000000	0000000000000000
  224	0000000000000000	0000000000000000	0000000000000000	0000000000000000	0000000000000000
  225	0000000000000000	0000000000000000	0000000000000000	0000000000000000	0000000000000000
  226	0000000000000000	0000000000000000	0000000000000000	0000000000000000	0000000000000000
  227	0000000000000000	0000000000000000	0000000000000000	0000000000000000	0000000000000000
  228	0000000000000000	0000000000000000	0000000000000000	0000000000000000	0000000000000000
  229	0000000000000000	0000000000000000	0000000000000000	0000000000000000	0000000000000000
  230	0000000000000000	0000000000000000	0000000000000000	0000000000000000	0000000000000000
  231	0000000000000000	0000000000000000	0000000000000000	0000000000000000	0000000000000000
  232	0000000000000000	0000000000000000	0000000000000000	0000000000000000	0000000000000000
  233	0000000000000000	0000000000000000	0000000000000000	0000000000000000	0000000000000000
  234	0000000000000000	0000000000000000	0000000000000000	0000000000000000	0000000000000000
  235	0000000000000000	0000000000000000	0000000000000000	0000000000000000	0000000000000000
  236	0000000000000000	0000000000000000	0000000000000000	0000000000000000	0000000000000000
  237	0000000000000000	0000000000000000	0000000000000000	0000000000000000	0000000000000000
  238	0000000000000000	0000000000000000	0000000000000000	0000000000000000	0000000000000000
  239	0000000000000000	0000000000000000	0000000000000000	0000000000000000	0000000000000000
  240	0000000000000000	0000000000000000	0000000000000000	0000000000000000	0000000000000000
  241	0000000000000000	0000000000000000	0000000000000000	0000000000000000	0000000000000000
  242	0000000000000000	0000000000000000	0000000000000000	0000000000000000	0000000000000000
  243	0000000000000000	0000000000000000	0000000000000000	0000000000000000	0000000000000000
  244	0000000000000000	0000000000000000	0000000000000000	0000000000000000	0000000000000000
  245	0000000000000000	0000000000000000	0000000000000000	0000000000000000	0000000000000000
  246	0000000000000000	0000000000000000	0000000000000000	0000000000000000	0000000000000000
  247	0000000000000000	0000000000000000	0000000000000000	0000000000000000	0000000000000000
  248	0000000000000000	0000000000000000	0000000000000000	0000000000000000	0000000000000000
  249	0000000000000000	0000000000000000	0000000000000000	0000000000000000	0000000000000000
  250	0000000000000000	0000000000000000	0000000000000000	0000000000000000	0000000000000000
  251	0000000000000000	0000000000000000	0000000000000000	0000000000000000	0000000000000000
  252	0000000000000000	0000000000000000	0000000000000000	0000000000000000	0000000000000000
  253	0000000000000000	0000000000000000	0000000000000000	0000000000000000	0000000000000000
  254	0000000000000000	0000000000000000	0000000000000000	0000000000000000	0000000000000000
  255	0000000000000000	0000000000000000	0000000000000000	0000000000000000	0000000000000000

Invalidation queue on IOMMU: dmar7
 Base: 0x2080048000	Head: 12	Tail: 12
Index		qw0			qw1			qw2			qw3			status
    0	0000000000000004	0000000000000000	0000000000000000	0000000000000000	0000000000000000
    1	0000000200000025	0000000100057004	0000000000000000	0000000000000000	0000000000000000
    2	0000000000000011	0000000000000000	0000000000000000	0000000000000000	0000000000000000
    3	0000000200000025	000000010005700c	0000000000000000	0000000000000000	0000000000000000
    4	00000000000000d2	0000000000000000	0000000000000000	0000000000000000	0000000000000000
    5	0000000200000025	0000000100057014	0000000000000000	0000000000000000	0000000000000000
    6	0000000000000014	0000000000000000	0000000000000000	0000000000000000	0000000000000000
    7	0000000200000025	000000010005701c	0000000000000000	0000000000000000	0000000000000000
    8	0000000000000014	0000000000000000	0000000000000000	0000000000000000	0000000000000000
    9	0000000200000025	0000000100057024	0000000000000000	0000000000000000	0000000000000000
   10	0000000000000014	0000000000000000	0000000000000000	0000000000000000	0000000000000000
   11	0000000200000025	000000010005702c	0000000000000000	0000000000000000	0000000000000000
   12	0000000000000000	0000000000000000	0000000000000000	0000000000000000	0000000000000000
   13	0000000000000000	0000000000000000	0000000000000000	0000000000000000	0000000000000000
   14	0000000000000000	0000000000000000	0000000000000000	0000000000000000	0000000000000000
   15	0000000000000000	0000000000000000	0000000000000000	0000000000000000	0000000000000000
   16	0000000000000000	0000000000000000	0000000000000000	0000000000000000	0000000000000000
   17	0000000000000000	0000000000000000	0000000000000000	0000000000000000	0000000000000000
   18	0000000000000000	0000000000000000	0000000000000000	0000000000000000	0000000000000000
   19	0000000000000000	0000000000000000	0000000000000000	0000000000000000	0000000000000000
   20	0000000000000000	0000000000000000	0000000000000000	0000000000000000	0000000000000000
   21	0000000000000000	0000000000000000	0000000000000000	0000000000000000	0000000000000000
   22	0000000000000000	0000000000000000	0000000000000000	0000000000000000	0000000000000000
   23	0000000000000000	0000000000000000	0000000000000000	0000000000000000	0000000000000000
   24	0000000000000000	0000000000000000	0000000000000000	0000000000000000	0000000000000000
   25	0000000000000000	0000000000000000	0000000000000000	0000000000000000	0000000000000000
   26	0000000000000000	0000000000000000	0000000000000000	0000000000000000	0000000000000000
   27	0000000000000000	0000000000000000	0000000000000000	0000000000000000	0000000000000000
   28	0000000000000000	0000000000000000	0000000000000000	0000000000000000	0000000000000000
   29	0000000000000000	0000000000000000	0000000000000000	0000000000000000	0000000000000000
   30	0000000000000000	0000000000000000	0000000000000000	0000000000000000	0000000000000000
   31	0000000000000000	0000000000000000	0000000000000000	0000000000000000	0000000000000000
   32	0000000000000000	0000000000000000	0000000000000000	0000000000000000	0000000000000000
   33	0000000000000000	0000000000000000	0000000000000000	0000000000000000	0000000000000000
   34	0000000000000000	0000000000000000	0000000000000000	0000000000000000	0000000000000000
   35	0000000000000000	0000000000000000	0000000000000000	0000000000000000	0000000000000000
   36	0000000000000000	0000000000000000	0000000000000000	0000000000000000	0000000000000000
   37	0000000000000000	0000000000000000	0000000000000000	0000000000000000	0000000000000000
   38	0000000000000000	0000000000000000	0000000000000000	0000000000000000	0000000000000000
   39	0000000000000000	0000000000000000	0000000000000000	0000000000000000	0000000000000000
   40	0000000000000000	0000000000000000	0000000000000000	0000000000000000	0000000000000000
   41	0000000000000000	0000000000000000	0000000000000000	0000000000000000	0000000000000000
   42	0000000000000000	0000000000000000	0000000000000000	0000000000000000	0000000000000000
   43	0000000000000000	0000000000000000	0000000000000000	0000000000000000	0000000000000000
   44	0000000000000000	0000000000000000	0000000000000000	0000000000000000	0000000000000000
   45	0000000000000000	0000000000000000	0000000000000000	0000000000000000	0000000000000000
   46	0000000000000000	0000000000000000	0000000000000000	0000000000000000	0000000000000000
   47	0000000000000000	0000000000000000	0000000000000000	0000000000000000	0000000000000000
   48	0000000000000000	0000000000000000	0000000000000000	0000000000000000	0000000000000000
   49	0000000000000000	0000000000000000	0000000000000000	0000000000000000	0000000000000000
   50	0000000000000000	0000000000000000	0000000000000000	0000000000000000	0000000000000000
   51	0000000000000000	0000000000000000	0000000000000000	0000000000000000	0000000000000000
   52	0000000000000000	0000000000000000	0000000000000000	0000000000000000	0000000000000000
   53	0000000000000000	0000000000000000	0000000000000000	0000000000000000	0000000000000000
   54	0000000000000000	0000000000000000	0000000000000000	0000000000000000	0000000000000000
   55	0000000000000000	0000000000000000	0000000000000000	0000000000000000	0000000000000000
   56	0000000000000000	0000000000000000	0000000000000000	0000000000000000	0000000000000000
   57	0000000000000000	0000000000000000	0000000000000000	0000000000000000	0000000000000000
   58	0000000000000000	0000000000000000	0000000000000000	0000000000000000	0000000000000000
   59	0000000000000000	0000000000000000	0000000000000000	0000000000000000	0000000000000000
   60	0000000000000000	0000000000000000	0000000000000000	0000000000000000	0000000000000000
   61	0000000000000000	0000000000000000	0000000000000000	0000000000000000	0000000000000000
   62	0000000000000000	0000000000000000	0000000000000000	0000000000000000	0000000000000000
   63	0000000000000000	0000000000000000	0000000000000000	0000000000000000	0000000000000000
   64	0000000000000000	0000000000000000	0000000000000000	0000000000000000	0000000000000000
   65	0000000000000000	0000000000000000	0000000000000000	0000000000000000	0000000000000000
   66	0000000000000000	0000000000000000	0000000000000000	0000000000000000	0000000000000000
   67	0000000000000000	0000000000000000	0000000000000000	0000000000000000	0000000000000000
   68	0000000000000000	0000000000000000	0000000000000000	0000000000000000	0000000000000000
   69	0000000000000000	0000000000000000	0000000000000000	0000000000000000	0000000000000000
   70	0000000000000000	0000000000000000	0000000000000000	0000000000000000	0000000000000000
   71	0000000000000000	0000000000000000	0000000000000000	0000000000000000	0000000000000000
   72	0000000000000000	0000000000000000	0000000000000000	0000000000000000	0000000000000000
   73	0000000000000000	0000000000000000	0000000000000000	0000000000000000	0000000000000000
   74	0000000000000000	0000000000000000	0000000000000000	0000000000000000	0000000000000000
   75	0000000000000000	0000000000000000	0000000000000000	0000000000000000	0000000000000000
   76	0000000000000000	0000000000000000	0000000000000000	0000000000000000	0000000000000000
   77	0000000000000000	0000000000000000	0000000000000000	0000000000000000	0000000000000000
   78	0000000000000000	0000000000000000	0000000000000000	0000000000000000	0000000000000000
   79	0000000000000000	0000000000000000	0000000000000000	0000000000000000	0000000000000000
   80	0000000000000000	0000000000000000	0000000000000000	0000000000000000	0000000000000000
   81	0000000000000000	0000000000000000	0000000000000000	0000000000000000	0000000000000000
   82	0000000000000000	0000000000000000	0000000000000000	0000000000000000	0000000000000000
   83	0000000000000000	0000000000000000	0000000000000000	0000000000000000	0000000000000000
   84	0000000000000000	0000000000000000	0000000000000000	0000000000000000	0000000000000000
   85	0000000000000000	0000000000000000	0000000000000000	0000000000000000	0000000000000000
   86	0000000000000000	0000000000000000	0000000000000000	0000000000000000	0000000000000000
   87	0000000000000000	0000000000000000	0000000000000000	0000000000000000	0000000000000000
   88	0000000000000000	0000000000000000	0000000000000000	0000000000000000	0000000000000000
   89	0000000000000000	0000000000000000	0000000000000000	0000000000000000	0000000000000000
   90	0000000000000000	0000000000000000	0000000000000000	0000000000000000	0000000000000000
   91	0000000000000000	0000000000000000	0000000000000000	0000000000000000	0000000000000000
   92	0000000000000000	0000000000000000	0000000000000000	0000000000000000	0000000000000000
   93	0000000000000000	0000000000000000	0000000000000000	0000000000000000	0000000000000000
   94	0000000000000000	0000000000000000	0000000000000000	0000000000000000	0000000000000000
   95	0000000000000000	0000000000000000	0000000000000000	0000000000000000	0000000000000000
   96	0000000000000000	0000000000000000	0000000000000000	0000000000000000	0000000000000000
   97	0000000000000000	0000000000000000	0000000000000000	0000000000000000	0000000000000000
   98	0000000000000000	0000000000000000	0000000000000000	0000000000000000	0000000000000000
   99	0000000000000000	0000000000000000	0000000000000000	0000000000000000	0000000000000000
  100	0000000000000000	0000000000000000	0000000000000000	0000000000000000	0000000000000000
  101	0000000000000000	0000000000000000	0000000000000000	0000000000000000	0000000000000000
  102	0000000000000000	0000000000000000	0000000000000000	0000000000000000	0000000000000000
  103	0000000000000000	0000000000000000	0000000000000000	0000000000000000	0000000000000000
  104	0000000000000000	0000000000000000	0000000000000000	0000000000000000	0000000000000000
  105	0000000000000000	0000000000000000	0000000000000000	0000000000000000	0000000000000000
  106	0000000000000000	0000000000000000	0000000000000000	0000000000000000	0000000000000000
  107	0000000000000000	0000000000000000	0000000000000000	0000000000000000	0000000000000000
  108	0000000000000000	0000000000000000	0000000000000000	0000000000000000	0000000000000000
  109	0000000000000000	0000000000000000	0000000000000000	0000000000000000	0000000000000000
  110	0000000000000000	0000000000000000	0000000000000000	0000000000000000	0000000000000000
  111	0000000000000000	0000000000000000	0000000000000000	0000000000000000	0000000000000000
  112	0000000000000000	0000000000000000	0000000000000000	0000000000000000	0000000000000000
  113	0000000000000000	0000000000000000	0000000000000000	0000000000000000	0000000000000000
  114	0000000000000000	0000000000000000	0000000000000000	0000000000000000	0000000000000000
  115	0000000000000000	0000000000000000	0000000000000000	0000000000000000	0000000000000000
  116	0000000000000000	0000000000000000	0000000000000000	0000000000000000	0000000000000000
  117	0000000000000000	0000000000000000	0000000000000000	0000000000000000	0000000000000000
  118	0000000000000000	0000000000000000	0000000000000000	0000000000000000	0000000000000000
  119	0000000000000000	0000000000000000	0000000000000000	0000000000000000	0000000000000000
  120	0000000000000000	0000000000000000	0000000000000000	0000000000000000	0000000000000000
  121	0000000000000000	0000000000000000	0000000000000000	0000000000000000	0000000000000000
  122	0000000000000000	0000000000000000	0000000000000000	0000000000000000	0000000000000000
  123	0000000000000000	0000000000000000	0000000000000000	0000000000000000	0000000000000000
  124	0000000000000000	0000000000000000	0000000000000000	0000000000000000	0000000000000000
  125	0000000000000000	0000000000000000	0000000000000000	0000000000000000	0000000000000000
  126	0000000000000000	0000000000000000	0000000000000000	0000000000000000	0000000000000000
  127	0000000000000000	0000000000000000	0000000000000000	0000000000000000	0000000000000000
  128	0000000000000000	0000000000000000	0000000000000000	0000000000000000	0000000000000000
  129	0000000000000000	0000000000000000	0000000000000000	0000000000000000	0000000000000000
  130	0000000000000000	0000000000000000	0000000000000000	0000000000000000	0000000000000000
  131	0000000000000000	0000000000000000	0000000000000000	0000000000000000	0000000000000000
  132	0000000000000000	0000000000000000	0000000000000000	0000000000000000	0000000000000000
  133	0000000000000000	0000000000000000	0000000000000000	0000000000000000	0000000000000000
  134	0000000000000000	0000000000000000	0000000000000000	0000000000000000	0000000000000000
  135	0000000000000000	0000000000000000	0000000000000000	0000000000000000	0000000000000000
  136	0000000000000000	0000000000000000	0000000000000000	0000000000000000	0000000000000000
  137	0000000000000000	0000000000000000	0000000000000000	0000000000000000	0000000000000000
  138	0000000000000000	0000000000000000	0000000000000000	0000000000000000	0000000000000000
  139	0000000000000000	0000000000000000	0000000000000000	0000000000000000	0000000000000000
  140	0000000000000000	0000000000000000	0000000000000000	0000000000000000	0000000000000000
  141	0000000000000000	0000000000000000	0000000000000000	0000000000000000	0000000000000000
  142	0000000000000000	0000000000000000	0000000000000000	0000000000000000	0000000000000000
  143	0000000000000000	0000000000000000	0000000000000000	0000000000000000	0000000000000000
  144	0000000000000000	0000000000000000	0000000000000000	0000000000000000	0000000000000000
  145	0000000000000000	0000000000000000	0000000000000000	0000000000000000	0000000000000000
  146	0000000000000000	0000000000000000	0000000000000000	0000000000000000	0000000000000000
  147	0000000000000000	0000000000000000	0000000000000000	0000000000000000	0000000000000000
  148	0000000000000000	0000000000000000	0000000000000000	0000000000000000	0000000000000000
  149	0000000000000000	0000000000000000	0000000000000000	0000000000000000	0000000000000000
  150	0000000000000000	0000000000000000	0000000000000000	0000000000000000	0000000000000000
  151	0000000000000000	0000000000000000	0000000000000000	0000000000000000	0000000000000000
  152	0000000000000000	0000000000000000	0000000000000000	0000000000000000	0000000000000000
  153	0000000000000000	0000000000000000	0000000000000000	0000000000000000	0000000000000000
  154	0000000000000000	0000000000000000	0000000000000000	0000000000000000	0000000000000000
  155	0000000000000000	0000000000000000	0000000000000000	0000000000000000	0000000000000000
  156	0000000000000000	0000000000000000	0000000000000000	0000000000000000	0000000000000000
  157	0000000000000000	0000000000000000	0000000000000000	0000000000000000	0000000000000000
  158	0000000000000000	0000000000000000	0000000000000000	0000000000000000	0000000000000000
  159	0000000000000000	0000000000000000	0000000000000000	0000000000000000	0000000000000000
  160	0000000000000000	0000000000000000	0000000000000000	0000000000000000	0000000000000000
  161	0000000000000000	0000000000000000	0000000000000000	0000000000000000	0000000000000000
  162	0000000000000000	0000000000000000	0000000000000000	0000000000000000	0000000000000000
  163	0000000000000000	0000000000000000	0000000000000000	0000000000000000	0000000000000000
  164	0000000000000000	0000000000000000	0000000000000000	0000000000000000	0000000000000000
  165	0000000000000000	0000000000000000	0000000000000000	0000000000000000	0000000000000000
  166	0000000000000000	0000000000000000	0000000000000000	0000000000000000	0000000000000000
  167	0000000000000000	0000000000000000	0000000000000000	0000000000000000	0000000000000000
  168	0000000000000000	0000000000000000	0000000000000000	0000000000000000	0000000000000000
  169	0000000000000000	0000000000000000	0000000000000000	0000000000000000	0000000000000000
  170	0000000000000000	0000000000000000	0000000000000000	0000000000000000	0000000000000000
  171	0000000000000000	0000000000000000	0000000000000000	0000000000000000	0000000000000000
  172	0000000000000000	0000000000000000	0000000000000000	0000000000000000	0000000000000000
  173	0000000000000000	0000000000000000	0000000000000000	0000000000000000	0000000000000000
  174	0000000000000000	0000000000000000	0000000000000000	0000000000000000	0000000000000000
  175	0000000000000000	0000000000000000	0000000000000000	0000000000000000	0000000000000000
  176	0000000000000000	0000000000000000	0000000000000000	0000000000000000	0000000000000000
  177	0000000000000000	0000000000000000	0000000000000000	0000000000000000	0000000000000000
  178	0000000000000000	0000000000000000	0000000000000000	0000000000000000	0000000000000000
  179	0000000000000000	0000000000000000	0000000000000000	0000000000000000	0000000000000000
  180	0000000000000000	0000000000000000	0000000000000000	0000000000000000	0000000000000000
  181	0000000000000000	0000000000000000	0000000000000000	0000000000000000	0000000000000000
  182	0000000000000000	0000000000000000	0000000000000000	0000000000000000	0000000000000000
  183	0000000000000000	0000000000000000	0000000000000000	0000000000000000	0000000000000000
  184	0000000000000000	0000000000000000	0000000000000000	0000000000000000	0000000000000000
  185	0000000000000000	0000000000000000	0000000000000000	0000000000000000	0000000000000000
  186	0000000000000000	0000000000000000	0000000000000000	0000000000000000	0000000000000000
  187	0000000000000000	0000000000000000	0000000000000000	0000000000000000	0000000000000000
  188	0000000000000000	0000000000000000	0000000000000000	0000000000000000	0000000000000000
  189	0000000000000000	0000000000000000	0000000000000000	0000000000000000	0000000000000000
  190	0000000000000000	0000000000000000	0000000000000000	0000000000000000	0000000000000000
  191	0000000000000000	0000000000000000	0000000000000000	0000000000000000	0000000000000000
  192	0000000000000000	0000000000000000	0000000000000000	0000000000000000	0000000000000000
  193	0000000000000000	0000000000000000	0000000000000000	0000000000000000	0000000000000000
  194	0000000000000000	0000000000000000	0000000000000000	0000000000000000	0000000000000000
  195	0000000000000000	0000000000000000	0000000000000000	0000000000000000	0000000000000000
  196	0000000000000000	0000000000000000	0000000000000000	0000000000000000	0000000000000000
  197	0000000000000000	0000000000000000	0000000000000000	0000000000000000	0000000000000000
  198	0000000000000000	0000000000000000	0000000000000000	0000000000000000	0000000000000000
  199	0000000000000000	0000000000000000	0000000000000000	0000000000000000	0000000000000000
  200	0000000000000000	0000000000000000	0000000000000000	0000000000000000	0000000000000000
  201	0000000000000000	0000000000000000	0000000000000000	0000000000000000	0000000000000000
  202	0000000000000000	0000000000000000	0000000000000000	0000000000000000	0000000000000000
  203	0000000000000000	0000000000000000	0000000000000000	0000000000000000	0000000000000000
  204	0000000000000000	0000000000000000	0000000000000000	0000000000000000	0000000000000000
  205	0000000000000000	0000000000000000	0000000000000000	0000000000000000	0000000000000000
  206	0000000000000000	0000000000000000	0000000000000000	0000000000000000	0000000000000000
  207	0000000000000000	0000000000000000	0000000000000000	0000000000000000	0000000000000000
  208	0000000000000000	0000000000000000	0000000000000000	0000000000000000	0000000000000000
  209	0000000000000000	0000000000000000	0000000000000000	0000000000000000	0000000000000000
  210	0000000000000000	0000000000000000	0000000000000000	0000000000000000	0000000000000000
  211	0000000000000000	0000000000000000	0000000000000000	0000000000000000	0000000000000000
  212	0000000000000000	0000000000000000	0000000000000000	0000000000000000	0000000000000000
  213	0000000000000000	0000000000000000	0000000000000000	0000000000000000	0000000000000000
  214	0000000000000000	0000000000000000	0000000000000000	0000000000000000	0000000000000000
  215	0000000000000000	0000000000000000	0000000000000000	0000000000000000	0000000000000000
  216	0000000000000000	0000000000000000	0000000000000000	0000000000000000	0000000000000000
  217	0000000000000000	0000000000000000	0000000000000000	0000000000000000	0000000000000000
  218	0000000000000000	0000000000000000	0000000000000000	0000000000000000	0000000000000000
  219	0000000000000000	0000000000000000	0000000000000000	0000000000000000	0000000000000000
  220	0000000000000000	0000000000000000	0000000000000000	0000000000000000	0000000000000000
  221	0000000000000000	0000000000000000	0000000000000000	0000000000000000	0000000000000000
  222	0000000000000000	0000000000000000	0000000000000000	0000000000000000	0000000000000000
  223	0000000000000000	0000000000000000	0000000000000000	0000000000000000	0000000000000000
  224	0000000000000000	0000000000000000	0000000000000000	0000000000000000	0000000000000000
  225	0000000000000000	0000000000000000	0000000000000000	0000000000000000	0000000000000000
  226	0000000000000000	0000000000000000	0000000000000000	0000000000000000	0000000000000000
  227	0000000000000000	0000000000000000	0000000000000000	0000000000000000	0000000000000000
  228	0000000000000000	0000000000000000	0000000000000000	0000000000000000	0000000000000000
  229	0000000000000000	0000000000000000	0000000000000000	0000000000000000	0000000000000000
  230	0000000000000000	0000000000000000	0000000000000000	0000000000000000	0000000000000000
  231	0000000000000000	0000000000000000	0000000000000000	0000000000000000	0000000000000000
  232	0000000000000000	0000000000000000	0000000000000000	0000000000000000	0000000000000000
  233	0000000000000000	0000000000000000	0000000000000000	0000000000000000	0000000000000000
  234	0000000000000000	0000000000000000	0000000000000000	0000000000000000	0000000000000000
  235	0000000000000000	0000000000000000	0000000000000000	0000000000000000	0000000000000000
  236	0000000000000000	0000000000000000	0000000000000000	0000000000000000	0000000000000000
  237	0000000000000000	0000000000000000	0000000000000000	0000000000000000	0000000000000000
  238	0000000000000000	0000000000000000	0000000000000000	0000000000000000	0000000000000000
  239	0000000000000000	0000000000000000	0000000000000000	0000000000000000	0000000000000000
  240	0000000000000000	0000000000000000	0000000000000000	0000000000000000	0000000000000000
  241	0000000000000000	0000000000000000	0000000000000000	0000000000000000	0000000000000000
  242	0000000000000000	0000000000000000	0000000000000000	0000000000000000	0000000000000000
  243	0000000000000000	0000000000000000	0000000000000000	0000000000000000	0000000000000000
  244	0000000000000000	0000000000000000	0000000000000000	0000000000000000	0000000000000000
  245	0000000000000000	0000000000000000	0000000000000000	0000000000000000	0000000000000000
  246	0000000000000000	0000000000000000	0000000000000000	0000000000000000	0000000000000000
  247	0000000000000000	0000000000000000	0000000000000000	0000000000000000	0000000000000000
  248	0000000000000000	0000000000000000	0000000000000000	0000000000000000	0000000000000000
  249	0000000000000000	0000000000000000	0000000000000000	0000000000000000	0000000000000000
  250	0000000000000000	0000000000000000	0000000000000000	0000000000000000	0000000000000000
  251	0000000000000000	0000000000000000	0000000000000000	0000000000000000	0000000000000000
  252	0000000000000000	0000000000000000	0000000000000000	0000000000000000	0000000000000000
  253	0000000000000000	0000000000000000	0000000000000000	0000000000000000	0000000000000000
  254	0000000000000000	0000000000000000	0000000000000000	0000000000000000	0000000000000000
  255	0000000000000000	0000000000000000	0000000000000000	0000000000000000	0000000000000000

Invalidation queue on IOMMU: dmar6
 Base: 0x208004a000	Head: 34	Tail: 34
Index		qw0			qw1			qw2			qw3			status
    0	0000000000000004	0000000000000000	0000000000000000	0000000000000000	0000000000000000
    1	0000000200000025	0000000100057404	0000000000000000	0000000000000000	0000000000000000
    2	0000000000000011	0000000000000000	0000000000000000	0000000000000000	0000000000000000
    3	0000000200000025	000000010005740c	0000000000000000	0000000000000000	0000000000000000
    4	00000000000000d2	0000000000000000	0000000000000000	0000000000000000	0000000000000000
    5	0000000200000025	0000000100057414	0000000000000000	0000000000000000	0000000000000000
    6	0000000000000014	0000000000000000	0000000000000000	0000000000000000	0000000000000000
    7	0000000200000025	000000010005741c	0000000000000000	0000000000000000	0000000000000000
    8	0000000000000014	0000000000000000	0000000000000000	0000000000000000	0000000000000000
    9	0000000200000025	0000000100057424	0000000000000000	0000000000000000	0000000000000000
   10	0000000000000014	0000000000000000	0000000000000000	0000000000000000	0000000000000000
   11	0000000200000025	000000010005742c	0000000000000000	0000000000000000	0000000000000000
   12	0000000100000014	0000000000000000	0000000000000000	0000000000000000	0000000000000000
   13	0000000200000025	0000000100057434	0000000000000000	0000000000000000	0000000000000000
   14	0000000200000014	0000000000000000	0000000000000000	0000000000000000	0000000000000000
   15	0000000200000025	000000010005743c	0000000000000000	0000000000000000	0000000000000000
   16	0000000300000014	0000000000000000	0000000000000000	0000000000000000	0000000000000000
   17	0000000200000025	0000000100057444	0000000000000000	0000000000000000	0000000000000000
   18	0000000400000014	0000000000000000	0000000000000000	0000000000000000	0000000000000000
   19	0000000200000025	000000010005744c	0000000000000000	0000000000000000	0000000000000000
   20	0000000500000014	0000000000000000	0000000000000000	0000000000000000	0000000000000000
   21	0000000200000025	0000000100057454	0000000000000000	0000000000000000	0000000000000000
   22	0000000600000014	0000000000000000	0000000000000000	0000000000000000	0000000000000000
   23	0000000200000025	000000010005745c	0000000000000000	0000000000000000	0000000000000000
   24	0000000700000014	0000000000000000	0000000000000000	0000000000000000	0000000000000000
   25	0000000200000025	0000000100057464	0000000000000000	0000000000000000	0000000000000000
   26	0000000800000014	0000000000000000	0000000000000000	0000000000000000	0000000000000000
   27	0000000200000025	000000010005746c	0000000000000000	0000000000000000	0000000000000000
   28	0000000900000014	0000000000000000	0000000000000000	0000000000000000	0000000000000000
   29	0000000200000025	0000000100057474	0000000000000000	0000000000000000	0000000000000000
   30	0000000100000014	0000000000000000	0000000000000000	0000000000000000	0000000000000000
   31	0000000200000025	000000010005747c	0000000000000000	0000000000000000	0000000000000000
   32	0000000100000014	0000000000000000	0000000000000000	0000000000000000	0000000000000000
   33	0000000200000025	0000000100057484	0000000000000000	0000000000000000	0000000000000000
   34	0000000000000000	0000000000000000	0000000000000000	0000000000000000	0000000000000000
   35	0000000000000000	0000000000000000	0000000000000000	0000000000000000	0000000000000000
   36	0000000000000000	0000000000000000	0000000000000000	0000000000000000	0000000000000000
   37	0000000000000000	0000000000000000	0000000000000000	0000000000000000	0000000000000000
   38	0000000000000000	0000000000000000	0000000000000000	0000000000000000	0000000000000000
   39	0000000000000000	0000000000000000	0000000000000000	0000000000000000	0000000000000000
   40	0000000000000000	0000000000000000	0000000000000000	0000000000000000	0000000000000000
   41	0000000000000000	0000000000000000	0000000000000000	0000000000000000	0000000000000000
   42	0000000000000000	0000000000000000	0000000000000000	0000000000000000	0000000000000000
   43	0000000000000000	0000000000000000	0000000000000000	0000000000000000	0000000000000000
   44	0000000000000000	0000000000000000	0000000000000000	0000000000000000	0000000000000000
   45	0000000000000000	0000000000000000	0000000000000000	0000000000000000	0000000000000000
   46	0000000000000000	0000000000000000	0000000000000000	0000000000000000	0000000000000000
   47	0000000000000000	0000000000000000	0000000000000000	0000000000000000	0000000000000000
   48	0000000000000000	0000000000000000	0000000000000000	0000000000000000	0000000000000000
   49	0000000000000000	0000000000000000	0000000000000000	0000000000000000	0000000000000000
   50	0000000000000000	0000000000000000	0000000000000000	0000000000000000	0000000000000000
   51	0000000000000000	0000000000000000	0000000000000000	0000000000000000	0000000000000000
   52	0000000000000000	0000000000000000	0000000000000000	0000000000000000	0000000000000000
   53	0000000000000000	0000000000000000	0000000000000000	0000000000000000	0000000000000000
   54	0000000000000000	0000000000000000	0000000000000000	0000000000000000	0000000000000000
   55	0000000000000000	0000000000000000	0000000000000000	0000000000000000	0000000000000000
   56	0000000000000000	0000000000000000	0000000000000000	0000000000000000	0000000000000000
   57	0000000000000000	0000000000000000	0000000000000000	0000000000000000	0000000000000000
   58	0000000000000000	0000000000000000	0000000000000000	0000000000000000	0000000000000000
   59	0000000000000000	0000000000000000	0000000000000000	0000000000000000	0000000000000000
   60	0000000000000000	0000000000000000	0000000000000000	0000000000000000	0000000000000000
   61	0000000000000000	0000000000000000	0000000000000000	0000000000000000	0000000000000000
   62	0000000000000000	0000000000000000	0000000000000000	0000000000000000	0000000000000000
   63	0000000000000000	0000000000000000	0000000000000000	0000000000000000	0000000000000000
   64	0000000000000000	0000000000000000	0000000000000000	0000000000000000	0000000000000000
   65	0000000000000000	0000000000000000	0000000000000000	0000000000000000	0000000000000000
   66	0000000000000000	0000000000000000	0000000000000000	0000000000000000	0000000000000000
   67	0000000000000000	0000000000000000	0000000000000000	0000000000000000	0000000000000000
   68	0000000000000000	0000000000000000	0000000000000000	0000000000000000	0000000000000000
   69	0000000000000000	0000000000000000	0000000000000000	0000000000000000	0000000000000000
   70	0000000000000000	0000000000000000	0000000000000000	0000000000000000	0000000000000000
   71	0000000000000000	0000000000000000	0000000000000000	0000000000000000	0000000000000000
   72	0000000000000000	0000000000000000	0000000000000000	0000000000000000	0000000000000000
   73	0000000000000000	0000000000000000	0000000000000000	0000000000000000	0000000000000000
   74	0000000000000000	0000000000000000	0000000000000000	0000000000000000	0000000000000000
   75	0000000000000000	0000000000000000	0000000000000000	0000000000000000	0000000000000000
   76	0000000000000000	0000000000000000	0000000000000000	0000000000000000	0000000000000000
   77	0000000000000000	0000000000000000	0000000000000000	0000000000000000	0000000000000000
   78	0000000000000000	0000000000000000	0000000000000000	0000000000000000	0000000000000000
   79	0000000000000000	0000000000000000	0000000000000000	0000000000000000	0000000000000000
   80	0000000000000000	0000000000000000	0000000000000000	0000000000000000	0000000000000000
   81	0000000000000000	0000000000000000	0000000000000000	0000000000000000	0000000000000000
   82	0000000000000000	0000000000000000	0000000000000000	0000000000000000	0000000000000000
   83	0000000000000000	0000000000000000	0000000000000000	0000000000000000	0000000000000000
   84	0000000000000000	0000000000000000	0000000000000000	0000000000000000	0000000000000000
   85	0000000000000000	0000000000000000	0000000000000000	0000000000000000	0000000000000000
   86	0000000000000000	0000000000000000	0000000000000000	0000000000000000	0000000000000000
   87	0000000000000000	0000000000000000	0000000000000000	0000000000000000	0000000000000000
   88	0000000000000000	0000000000000000	0000000000000000	0000000000000000	0000000000000000
   89	0000000000000000	0000000000000000	0000000000000000	0000000000000000	0000000000000000
   90	0000000000000000	0000000000000000	0000000000000000	0000000000000000	0000000000000000
   91	0000000000000000	0000000000000000	0000000000000000	0000000000000000	0000000000000000
   92	0000000000000000	0000000000000000	0000000000000000	0000000000000000	0000000000000000
   93	0000000000000000	0000000000000000	0000000000000000	0000000000000000	0000000000000000
   94	0000000000000000	0000000000000000	0000000000000000	0000000000000000	0000000000000000
   95	0000000000000000	0000000000000000	0000000000000000	0000000000000000	0000000000000000
   96	0000000000000000	0000000000000000	0000000000000000	0000000000000000	0000000000000000
   97	0000000000000000	0000000000000000	0000000000000000	0000000000000000	0000000000000000
   98	0000000000000000	0000000000000000	0000000000000000	0000000000000000	0000000000000000
   99	0000000000000000	0000000000000000	0000000000000000	0000000000000000	0000000000000000
  100	0000000000000000	0000000000000000	0000000000000000	0000000000000000	0000000000000000
  101	0000000000000000	0000000000000000	0000000000000000	0000000000000000	0000000000000000
  102	0000000000000000	0000000000000000	0000000000000000	0000000000000000	0000000000000000
  103	0000000000000000	0000000000000000	0000000000000000	0000000000000000	0000000000000000
  104	0000000000000000	0000000000000000	0000000000000000	0000000000000000	0000000000000000
  105	0000000000000000	0000000000000000	0000000000000000	0000000000000000	0000000000000000
  106	0000000000000000	0000000000000000	0000000000000000	0000000000000000	0000000000000000
  107	0000000000000000	0000000000000000	0000000000000000	0000000000000000	0000000000000000
  108	0000000000000000	0000000000000000	0000000000000000	0000000000000000	0000000000000000
  109	0000000000000000	0000000000000000	0000000000000000	0000000000000000	0000000000000000
  110	0000000000000000	0000000000000000	0000000000000000	0000000000000000	0000000000000000
  111	0000000000000000	0000000000000000	0000000000000000	0000000000000000	0000000000000000
  112	0000000000000000	0000000000000000	0000000000000000	0000000000000000	0000000000000000
  113	0000000000000000	0000000000000000	0000000000000000	0000000000000000	0000000000000000
  114	0000000000000000	0000000000000000	0000000000000000	0000000000000000	0000000000000000
  115	0000000000000000	0000000000000000	0000000000000000	0000000000000000	0000000000000000
  116	0000000000000000	0000000000000000	0000000000000000	0000000000000000	0000000000000000
  117	0000000000000000	0000000000000000	0000000000000000	0000000000000000	0000000000000000
  118	0000000000000000	0000000000000000	0000000000000000	0000000000000000	0000000000000000
  119	0000000000000000	0000000000000000	0000000000000000	0000000000000000	0000000000000000
  120	0000000000000000	0000000000000000	0000000000000000	0000000000000000	0000000000000000
  121	0000000000000000	0000000000000000	0000000000000000	0000000000000000	0000000000000000
  122	0000000000000000	0000000000000000	0000000000000000	0000000000000000	0000000000000000
  123	0000000000000000	0000000000000000	0000000000000000	0000000000000000	0000000000000000
  124	0000000000000000	0000000000000000	0000000000000000	0000000000000000	0000000000000000
  125	0000000000000000	0000000000000000	0000000000000000	0000000000000000	0000000000000000
  126	0000000000000000	0000000000000000	0000000000000000	0000000000000000	0000000000000000
  127	0000000000000000	0000000000000000	0000000000000000	0000000000000000	0000000000000000
  128	0000000000000000	0000000000000000	0000000000000000	0000000000000000	0000000000000000
  129	0000000000000000	0000000000000000	0000000000000000	0000000000000000	0000000000000000
  130	0000000000000000	0000000000000000	0000000000000000	0000000000000000	0000000000000000
  131	0000000000000000	0000000000000000	0000000000000000	0000000000000000	0000000000000000
  132	0000000000000000	0000000000000000	0000000000000000	0000000000000000	0000000000000000
  133	0000000000000000	0000000000000000	0000000000000000	0000000000000000	0000000000000000
  134	0000000000000000	0000000000000000	0000000000000000	0000000000000000	0000000000000000
  135	0000000000000000	0000000000000000	0000000000000000	0000000000000000	0000000000000000
  136	0000000000000000	0000000000000000	0000000000000000	0000000000000000	0000000000000000
  137	0000000000000000	0000000000000000	0000000000000000	0000000000000000	0000000000000000
  138	0000000000000000	0000000000000000	0000000000000000	0000000000000000	0000000000000000
  139	0000000000000000	0000000000000000	0000000000000000	0000000000000000	0000000000000000
  140	0000000000000000	0000000000000000	0000000000000000	0000000000000000	0000000000000000
  141	0000000000000000	0000000000000000	0000000000000000	0000000000000000	0000000000000000
  142	0000000000000000	0000000000000000	0000000000000000	0000000000000000	0000000000000000
  143	0000000000000000	0000000000000000	0000000000000000	0000000000000000	0000000000000000
  144	0000000000000000	0000000000000000	0000000000000000	0000000000000000	0000000000000000
  145	0000000000000000	0000000000000000	0000000000000000	0000000000000000	0000000000000000
  146	0000000000000000	0000000000000000	0000000000000000	0000000000000000	0000000000000000
  147	0000000000000000	0000000000000000	0000000000000000	0000000000000000	0000000000000000
  148	0000000000000000	0000000000000000	0000000000000000	0000000000000000	0000000000000000
  149	0000000000000000	0000000000000000	0000000000000000	0000000000000000	0000000000000000
  150	0000000000000000	0000000000000000	0000000000000000	0000000000000000	0000000000000000
  151	0000000000000000	0000000000000000	0000000000000000	0000000000000000	0000000000000000
  152	0000000000000000	0000000000000000	0000000000000000	0000000000000000	0000000000000000
  153	0000000000000000	0000000000000000	0000000000000000	0000000000000000	0000000000000000
  154	0000000000000000	0000000000000000	0000000000000000	0000000000000000	0000000000000000
  155	0000000000000000	0000000000000000	0000000000000000	0000000000000000	0000000000000000
  156	0000000000000000	0000000000000000	0000000000000000	0000000000000000	0000000000000000
  157	0000000000000000	0000000000000000	0000000000000000	0000000000000000	0000000000000000
  158	0000000000000000	0000000000000000	0000000000000000	0000000000000000	0000000000000000
  159	0000000000000000	0000000000000000	0000000000000000	0000000000000000	0000000000000000
  160	0000000000000000	0000000000000000	0000000000000000	0000000000000000	0000000000000000
  161	0000000000000000	0000000000000000	0000000000000000	0000000000000000	0000000000000000
  162	0000000000000000	0000000000000000	0000000000000000	0000000000000000	0000000000000000
  163	0000000000000000	0000000000000000	0000000000000000	0000000000000000	0000000000000000
  164	0000000000000000	0000000000000000	0000000000000000	0000000000000000	0000000000000000
  165	0000000000000000	0000000000000000	0000000000000000	0000000000000000	0000000000000000
  166	0000000000000000	0000000000000000	0000000000000000	0000000000000000	0000000000000000
  167	0000000000000000	0000000000000000	0000000000000000	0000000000000000	0000000000000000
  168	0000000000000000	0000000000000000	0000000000000000	0000000000000000	0000000000000000
  169	0000000000000000	0000000000000000	0000000000000000	0000000000000000	0000000000000000
  170	0000000000000000	0000000000000000	0000000000000000	0000000000000000	0000000000000000
  171	0000000000000000	0000000000000000	0000000000000000	0000000000000000	0000000000000000
  172	0000000000000000	0000000000000000	0000000000000000	0000000000000000	0000000000000000
  173	0000000000000000	0000000000000000	0000000000000000	0000000000000000	0000000000000000
  174	0000000000000000	0000000000000000	0000000000000000	0000000000000000	0000000000000000
  175	0000000000000000	0000000000000000	0000000000000000	0000000000000000	0000000000000000
  176	0000000000000000	0000000000000000	0000000000000000	0000000000000000	0000000000000000
  177	0000000000000000	0000000000000000	0000000000000000	0000000000000000	0000000000000000
  178	0000000000000000	0000000000000000	0000000000000000	0000000000000000	0000000000000000
  179	0000000000000000	0000000000000000	0000000000000000	0000000000000000	0000000000000000
  180	0000000000000000	0000000000000000	0000000000000000	0000000000000000	0000000000000000
  181	0000000000000000	0000000000000000	0000000000000000	0000000000000000	0000000000000000
  182	0000000000000000	0000000000000000	0000000000000000	0000000000000000	0000000000000000
  183	0000000000000000	0000000000000000	0000000000000000	0000000000000000	0000000000000000
  184	0000000000000000	0000000000000000	0000000000000000	0000000000000000	0000000000000000
  185	0000000000000000	0000000000000000	0000000000000000	0000000000000000	0000000000000000
  186	0000000000000000	0000000000000000	0000000000000000	0000000000000000	0000000000000000
  187	0000000000000000	0000000000000000	0000000000000000	0000000000000000	0000000000000000
  188	0000000000000000	0000000000000000	0000000000000000	0000000000000000	0000000000000000
  189	0000000000000000	0000000000000000	0000000000000000	0000000000000000	0000000000000000
  190	0000000000000000	0000000000000000	0000000000000000	0000000000000000	0000000000000000
  191	0000000000000000	0000000000000000	0000000000000000	0000000000000000	0000000000000000
  192	0000000000000000	0000000000000000	0000000000000000	0000000000000000	0000000000000000
  193	0000000000000000	0000000000000000	0000000000000000	0000000000000000	0000000000000000
  194	0000000000000000	0000000000000000	0000000000000000	0000000000000000	0000000000000000
  195	0000000000000000	0000000000000000	0000000000000000	0000000000000000	0000000000000000
  196	0000000000000000	0000000000000000	0000000000000000	0000000000000000	0000000000000000
  197	0000000000000000	0000000000000000	0000000000000000	0000000000000000	0000000000000000
  198	0000000000000000	0000000000000000	0000000000000000	0000000000000000	0000000000000000
  199	0000000000000000	0000000000000000	0000000000000000	0000000000000000	0000000000000000
  200	0000000000000000	0000000000000000	0000000000000000	0000000000000000	0000000000000000
  201	0000000000000000	0000000000000000	0000000000000000	0000000000000000	0000000000000000
  202	0000000000000000	0000000000000000	0000000000000000	0000000000000000	0000000000000000
  203	0000000000000000	0000000000000000	0000000000000000	0000000000000000	0000000000000000
  204	0000000000000000	0000000000000000	0000000000000000	0000000000000000	0000000000000000
  205	0000000000000000	0000000000000000	0000000000000000	0000000000000000	0000000000000000
  206	0000000000000000	0000000000000000	0000000000000000	0000000000000000	0000000000000000
  207	0000000000000000	0000000000000000	0000000000000000	0000000000000000	0000000000000000
  208	0000000000000000	0000000000000000	0000000000000000	0000000000000000	0000000000000000
  209	0000000000000000	0000000000000000	0000000000000000	0000000000000000	0000000000000000
  210	0000000000000000	0000000000000000	0000000000000000	0000000000000000	0000000000000000
  211	0000000000000000	0000000000000000	0000000000000000	0000000000000000	0000000000000000
  212	0000000000000000	0000000000000000	0000000000000000	0000000000000000	0000000000000000
  213	0000000000000000	0000000000000000	0000000000000000	0000000000000000	0000000000000000
  214	0000000000000000	0000000000000000	0000000000000000	0000000000000000	0000000000000000
  215	0000000000000000	0000000000000000	0000000000000000	0000000000000000	0000000000000000
  216	0000000000000000	0000000000000000	0000000000000000	0000000000000000	0000000000000000
  217	0000000000000000	0000000000000000	0000000000000000	0000000000000000	0000000000000000
  218	0000000000000000	0000000000000000	0000000000000000	0000000000000000	0000000000000000
  219	0000000000000000	0000000000000000	0000000000000000	0000000000000000	0000000000000000
  220	0000000000000000	0000000000000000	0000000000000000	0000000000000000	0000000000000000
  221	0000000000000000	0000000000000000	0000000000000000	0000000000000000	0000000000000000
  222	0000000000000000	0000000000000000	0000000000000000	0000000000000000	0000000000000000
  223	0000000000000000	0000000000000000	0000000000000000	0000000000000000	0000000000000000
  224	0000000000000000	0000000000000000	0000000000000000	0000000000000000	0000000000000000
  225	0000000000000000	0000000000000000	0000000000000000	0000000000000000	0000000000000000
  226	0000000000000000	0000000000000000	0000000000000000	0000000000000000	0000000000000000
  227	0000000000000000	0000000000000000	0000000000000000	0000000000000000	0000000000000000
  228	0000000000000000	0000000000000000	0000000000000000	0000000000000000	0000000000000000
  229	0000000000000000	0000000000000000	0000000000000000	0000000000000000	0000000000000000
  230	0000000000000000	0000000000000000	0000000000000000	0000000000000000	0000000000000000
  231	0000000000000000	0000000000000000	0000000000000000	0000000000000000	0000000000000000
  232	0000000000000000	0000000000000000	0000000000000000	0000000000000000	0000000000000000
  233	0000000000000000	0000000000000000	0000000000000000	0000000000000000	0000000000000000
  234	0000000000000000	0000000000000000	0000000000000000	0000000000000000	0000000000000000
  235	0000000000000000	0000000000000000	0000000000000000	0000000000000000	0000000000000000
  236	0000000000000000	0000000000000000	0000000000000000	0000000000000000	0000000000000000
  237	0000000000000000	0000000000000000	0000000000000000	0000000000000000	0000000000000000
  238	0000000000000000	0000000000000000	0000000000000000	0000000000000000	0000000000000000
  239	0000000000000000	0000000000000000	0000000000000000	0000000000000000	0000000000000000
  240	0000000000000000	0000000000000000	0000000000000000	0000000000000000	0000000000000000
  241	0000000000000000	0000000000000000	0000000000000000	0000000000000000	0000000000000000
  242	0000000000000000	0000000000000000	0000000000000000	0000000000000000	0000000000000000
  243	0000000000000000	0000000000000000	0000000000000000	0000000000000000	0000000000000000
  244	0000000000000000	0000000000000000	0000000000000000	0000000000000000	0000000000000000
  245	0000000000000000	0000000000000000	0000000000000000	0000000000000000	0000000000000000
  246	0000000000000000	0000000000000000	0000000000000000	0000000000000000	0000000000000000
  247	0000000000000000	0000000000000000	0000000000000000	0000000000000000	0000000000000000
  248	0000000000000000	0000000000000000	0000000000000000	0000000000000000	0000000000000000
  249	0000000000000000	0000000000000000	0000000000000000	0000000000000000	0000000000000000
  250	0000000000000000	0000000000000000	0000000000000000	0000000000000000	0000000000000000
  251	0000000000000000	0000000000000000	0000000000000000	0000000000000000	0000000000000000
  252	0000000000000000	0000000000000000	0000000000000000	0000000000000000	0000000000000000
  253	0000000000000000	0000000000000000	0000000000000000	0000000000000000	0000000000000000
  254	0000000000000000	0000000000000000	0000000000000000	0000000000000000	0000000000000000
  255	0000000000000000	0000000000000000	0000000000000000	0000000000000000	0000000000000000

Invalidation queue on IOMMU: dmar5
 Base: 0x3080052000	Head: 44	Tail: 44
Index		qw0			qw1			qw2			qw3			status
    0	0000000000000004	0000000000000000	0000000000000000	0000000000000000	0000000000000000
    1	0000000200000025	0000000100057804	0000000000000000	0000000000000000	0000000000000000
    2	0000000000000011	0000000000000000	0000000000000000	0000000000000000	0000000000000000
    3	0000000200000025	000000010005780c	0000000000000000	0000000000000000	0000000000000000
    4	00000000000000d2	0000000000000000	0000000000000000	0000000000000000	0000000000000000
    5	0000000200000025	0000000100057814	0000000000000000	0000000000000000	0000000000000000
    6	0000000000000014	0000000000000000	0000000000000000	0000000000000000	0000000000000000
    7	0000000200000025	000000010005781c	0000000000000000	0000000000000000	0000000000000000
    8	0000000000000014	0000000000000000	0000000000000000	0000000000000000	0000000000000000
    9	0000000200000025	0000000100057824	0000000000000000	0000000000000000	0000000000000000
   10	0000000000000014	0000000000000000	0000000000000000	0000000000000000	0000000000000000
   11	0000000200000025	000000010005782c	0000000000000000	0000000000000000	0000000000000000
   12	0000000100000014	0000000000000000	0000000000000000	0000000000000000	0000000000000000
   13	0000000200000025	0000000100057834	0000000000000000	0000000000000000	0000000000000000
   14	0000000100000014	0000000000000000	0000000000000000	0000000000000000	0000000000000000
   15	0000000200000025	000000010005783c	0000000000000000	0000000000000000	0000000000000000
   16	0000000100000014	0000000000000000	0000000000000000	0000000000000000	0000000000000000
   17	0000000200000025	0000000100057844	0000000000000000	0000000000000000	0000000000000000
   18	0000000200000014	0000000000000000	0000000000000000	0000000000000000	0000000000000000
   19	0000000200000025	000000010005784c	0000000000000000	0000000000000000	0000000000000000
   20	0000000200000014	0000000000000000	0000000000000000	0000000000000000	0000000000000000
   21	0000000200000025	0000000100057854	0000000000000000	0000000000000000	0000000000000000
   22	0000000200000014	0000000000000000	0000000000000000	0000000000000000	0000000000000000
   23	0000000200000025	000000010005785c	0000000000000000	0000000000000000	0000000000000000
   24	0000000300000014	0000000000000000	0000000000000000	0000000000000000	0000000000000000
   25	0000000200000025	0000000100057864	0000000000000000	0000000000000000	0000000000000000
   26	0000000300000014	0000000000000000	0000000000000000	0000000000000000	0000000000000000
   27	0000000200000025	000000010005786c	0000000000000000	0000000000000000	0000000000000000
   28	0000000300000014	0000000000000000	0000000000000000	0000000000000000	0000000000000000
   29	0000000200000025	0000000100057874	0000000000000000	0000000000000000	0000000000000000
   30	0000000200000014	0000000000000000	0000000000000000	0000000000000000	0000000000000000
   31	0000000200000025	000000010005787c	0000000000000000	0000000000000000	0000000000000000
   32	0000000100000014	0000000000000000	0000000000000000	0000000000000000	0000000000000000
   33	0000000200000025	0000000100057884	0000000000000000	0000000000000000	0000000000000000
   34	0000000000000014	0000000000000000	0000000000000000	0000000000000000	0000000000000000
   35	0000000200000025	000000010005788c	0000000000000000	0000000000000000	0000000000000000
   36	0000000300000014	0000000000000000	0000000000000000	0000000000000000	0000000000000000
   37	0000000200000025	0000000100057894	0000000000000000	0000000000000000	0000000000000000
   38	0000000200000014	0000000000000000	0000000000000000	0000000000000000	0000000000000000
   39	0000000200000025	000000010005789c	0000000000000000	0000000000000000	0000000000000000
   40	0000000200000014	0000000000000000	0000000000000000	0000000000000000	0000000000000000
   41	0000000200000025	00000001000578a4	0000000000000000	0000000000000000	0000000000000000
   42	0000000300000014	0000000000000000	0000000000000000	0000000000000000	0000000000000000
   43	0000000200000025	00000001000578ac	0000000000000000	0000000000000000	0000000000000000
   44	0000000000000000	0000000000000000	0000000000000000	0000000000000000	0000000000000000
   45	0000000000000000	0000000000000000	0000000000000000	0000000000000000	0000000000000000
   46	0000000000000000	0000000000000000	0000000000000000	0000000000000000	0000000000000000
   47	0000000000000000	0000000000000000	0000000000000000	0000000000000000	0000000000000000
   48	0000000000000000	0000000000000000	0000000000000000	0000000000000000	0000000000000000
   49	0000000000000000	0000000000000000	0000000000000000	0000000000000000	0000000000000000
   50	0000000000000000	0000000000000000	0000000000000000	0000000000000000	0000000000000000
   51	0000000000000000	0000000000000000	0000000000000000	0000000000000000	0000000000000000
   52	0000000000000000	0000000000000000	0000000000000000	0000000000000000	0000000000000000
   53	0000000000000000	0000000000000000	0000000000000000	0000000000000000	0000000000000000
   54	0000000000000000	0000000000000000	0000000000000000	0000000000000000	0000000000000000
   55	0000000000000000	0000000000000000	0000000000000000	0000000000000000	0000000000000000
   56	0000000000000000	0000000000000000	0000000000000000	0000000000000000	0000000000000000
   57	0000000000000000	0000000000000000	0000000000000000	0000000000000000	0000000000000000
   58	0000000000000000	0000000000000000	0000000000000000	0000000000000000	0000000000000000
   59	0000000000000000	0000000000000000	0000000000000000	0000000000000000	0000000000000000
   60	0000000000000000	0000000000000000	0000000000000000	0000000000000000	0000000000000000
   61	0000000000000000	0000000000000000	0000000000000000	0000000000000000	0000000000000000
   62	0000000000000000	0000000000000000	0000000000000000	0000000000000000	0000000000000000
   63	0000000000000000	0000000000000000	0000000000000000	0000000000000000	0000000000000000
   64	0000000000000000	0000000000000000	0000000000000000	0000000000000000	0000000000000000
   65	0000000000000000	0000000000000000	0000000000000000	0000000000000000	0000000000000000
   66	0000000000000000	0000000000000000	0000000000000000	0000000000000000	0000000000000000
   67	0000000000000000	0000000000000000	0000000000000000	0000000000000000	0000000000000000
   68	0000000000000000	0000000000000000	0000000000000000	0000000000000000	0000000000000000
   69	0000000000000000	0000000000000000	0000000000000000	0000000000000000	0000000000000000
   70	0000000000000000	0000000000000000	0000000000000000	0000000000000000	0000000000000000
   71	0000000000000000	0000000000000000	0000000000000000	0000000000000000	0000000000000000
   72	0000000000000000	0000000000000000	0000000000000000	0000000000000000	0000000000000000
   73	0000000000000000	0000000000000000	0000000000000000	0000000000000000	0000000000000000
   74	0000000000000000	0000000000000000	0000000000000000	0000000000000000	0000000000000000
   75	0000000000000000	0000000000000000	0000000000000000	0000000000000000	0000000000000000
   76	0000000000000000	0000000000000000	0000000000000000	0000000000000000	0000000000000000
   77	0000000000000000	0000000000000000	0000000000000000	0000000000000000	0000000000000000
   78	0000000000000000	0000000000000000	0000000000000000	0000000000000000	0000000000000000
   79	0000000000000000	0000000000000000	0000000000000000	0000000000000000	0000000000000000
   80	0000000000000000	0000000000000000	0000000000000000	0000000000000000	0000000000000000
   81	0000000000000000	0000000000000000	0000000000000000	0000000000000000	0000000000000000
   82	0000000000000000	0000000000000000	0000000000000000	0000000000000000	0000000000000000
   83	0000000000000000	0000000000000000	0000000000000000	0000000000000000	0000000000000000
   84	0000000000000000	0000000000000000	0000000000000000	0000000000000000	0000000000000000
   85	0000000000000000	0000000000000000	0000000000000000	0000000000000000	0000000000000000
   86	0000000000000000	0000000000000000	0000000000000000	0000000000000000	0000000000000000
   87	0000000000000000	0000000000000000	0000000000000000	0000000000000000	0000000000000000
   88	0000000000000000	0000000000000000	0000000000000000	0000000000000000	0000000000000000
   89	0000000000000000	0000000000000000	0000000000000000	0000000000000000	0000000000000000
   90	0000000000000000	0000000000000000	0000000000000000	0000000000000000	0000000000000000
   91	0000000000000000	0000000000000000	0000000000000000	0000000000000000	0000000000000000
   92	0000000000000000	0000000000000000	0000000000000000	0000000000000000	0000000000000000
   93	0000000000000000	0000000000000000	0000000000000000	0000000000000000	0000000000000000
   94	0000000000000000	0000000000000000	0000000000000000	0000000000000000	0000000000000000
   95	0000000000000000	0000000000000000	0000000000000000	0000000000000000	0000000000000000
   96	0000000000000000	0000000000000000	0000000000000000	0000000000000000	0000000000000000
   97	0000000000000000	0000000000000000	0000000000000000	0000000000000000	0000000000000000
   98	0000000000000000	0000000000000000	0000000000000000	0000000000000000	0000000000000000
   99	0000000000000000	0000000000000000	0000000000000000	0000000000000000	0000000000000000
  100	0000000000000000	0000000000000000	0000000000000000	0000000000000000	0000000000000000
  101	0000000000000000	0000000000000000	0000000000000000	0000000000000000	0000000000000000
  102	0000000000000000	0000000000000000	0000000000000000	0000000000000000	0000000000000000
  103	0000000000000000	0000000000000000	0000000000000000	0000000000000000	0000000000000000
  104	0000000000000000	0000000000000000	0000000000000000	0000000000000000	0000000000000000
  105	0000000000000000	0000000000000000	0000000000000000	0000000000000000	0000000000000000
  106	0000000000000000	0000000000000000	0000000000000000	0000000000000000	0000000000000000
  107	0000000000000000	0000000000000000	0000000000000000	0000000000000000	0000000000000000
  108	0000000000000000	0000000000000000	0000000000000000	0000000000000000	0000000000000000
  109	0000000000000000	0000000000000000	0000000000000000	0000000000000000	0000000000000000
  110	0000000000000000	0000000000000000	0000000000000000	0000000000000000	0000000000000000
  111	0000000000000000	0000000000000000	0000000000000000	0000000000000000	0000000000000000
  112	0000000000000000	0000000000000000	0000000000000000	0000000000000000	0000000000000000
  113	0000000000000000	0000000000000000	0000000000000000	0000000000000000	0000000000000000
  114	0000000000000000	0000000000000000	0000000000000000	0000000000000000	0000000000000000
  115	0000000000000000	0000000000000000	0000000000000000	0000000000000000	0000000000000000
  116	0000000000000000	0000000000000000	0000000000000000	0000000000000000	0000000000000000
  117	0000000000000000	0000000000000000	0000000000000000	0000000000000000	0000000000000000
  118	0000000000000000	0000000000000000	0000000000000000	0000000000000000	0000000000000000
  119	0000000000000000	0000000000000000	0000000000000000	0000000000000000	0000000000000000
  120	0000000000000000	0000000000000000	0000000000000000	0000000000000000	0000000000000000
  121	0000000000000000	0000000000000000	0000000000000000	0000000000000000	0000000000000000
  122	0000000000000000	0000000000000000	0000000000000000	0000000000000000	0000000000000000
  123	0000000000000000	0000000000000000	0000000000000000	0000000000000000	0000000000000000
  124	0000000000000000	0000000000000000	0000000000000000	0000000000000000	0000000000000000
  125	0000000000000000	0000000000000000	0000000000000000	0000000000000000	0000000000000000
  126	0000000000000000	0000000000000000	0000000000000000	0000000000000000	0000000000000000
  127	0000000000000000	0000000000000000	0000000000000000	0000000000000000	0000000000000000
  128	0000000000000000	0000000000000000	0000000000000000	0000000000000000	0000000000000000
  129	0000000000000000	0000000000000000	0000000000000000	0000000000000000	0000000000000000
  130	0000000000000000	0000000000000000	0000000000000000	0000000000000000	0000000000000000
  131	0000000000000000	0000000000000000	0000000000000000	0000000000000000	0000000000000000
  132	0000000000000000	0000000000000000	0000000000000000	0000000000000000	0000000000000000
  133	0000000000000000	0000000000000000	0000000000000000	0000000000000000	0000000000000000
  134	0000000000000000	0000000000000000	0000000000000000	0000000000000000	0000000000000000
  135	0000000000000000	0000000000000000	0000000000000000	0000000000000000	0000000000000000
  136	0000000000000000	0000000000000000	0000000000000000	0000000000000000	0000000000000000
  137	0000000000000000	0000000000000000	0000000000000000	0000000000000000	0000000000000000
  138	0000000000000000	0000000000000000	0000000000000000	0000000000000000	0000000000000000
  139	0000000000000000	0000000000000000	0000000000000000	0000000000000000	0000000000000000
  140	0000000000000000	0000000000000000	0000000000000000	0000000000000000	0000000000000000
  141	0000000000000000	0000000000000000	0000000000000000	0000000000000000	0000000000000000
  142	0000000000000000	0000000000000000	0000000000000000	0000000000000000	0000000000000000
  143	0000000000000000	0000000000000000	0000000000000000	0000000000000000	0000000000000000
  144	0000000000000000	0000000000000000	0000000000000000	0000000000000000	0000000000000000
  145	0000000000000000	0000000000000000	0000000000000000	0000000000000000	0000000000000000
  146	0000000000000000	0000000000000000	0000000000000000	0000000000000000	0000000000000000
  147	0000000000000000	0000000000000000	0000000000000000	0000000000000000	0000000000000000
  148	0000000000000000	0000000000000000	0000000000000000	0000000000000000	0000000000000000
  149	0000000000000000	0000000000000000	0000000000000000	0000000000000000	0000000000000000
  150	0000000000000000	0000000000000000	0000000000000000	0000000000000000	0000000000000000
  151	0000000000000000	0000000000000000	0000000000000000	0000000000000000	0000000000000000
  152	0000000000000000	0000000000000000	0000000000000000	0000000000000000	0000000000000000
  153	0000000000000000	0000000000000000	0000000000000000	0000000000000000	0000000000000000
  154	0000000000000000	0000000000000000	0000000000000000	0000000000000000	0000000000000000
  155	0000000000000000	0000000000000000	0000000000000000	0000000000000000	0000000000000000
  156	0000000000000000	0000000000000000	0000000000000000	0000000000000000	0000000000000000
  157	0000000000000000	0000000000000000	0000000000000000	0000000000000000	0000000000000000
  158	0000000000000000	0000000000000000	0000000000000000	0000000000000000	0000000000000000
  159	0000000000000000	0000000000000000	0000000000000000	0000000000000000	0000000000000000
  160	0000000000000000	0000000000000000	0000000000000000	0000000000000000	0000000000000000
  161	0000000000000000	0000000000000000	0000000000000000	0000000000000000	0000000000000000
  162	0000000000000000	0000000000000000	0000000000000000	0000000000000000	0000000000000000
  163	0000000000000000	0000000000000000	0000000000000000	0000000000000000	0000000000000000
  164	0000000000000000	0000000000000000	0000000000000000	0000000000000000	0000000000000000
  165	0000000000000000	0000000000000000	0000000000000000	0000000000000000	0000000000000000
  166	0000000000000000	0000000000000000	0000000000000000	0000000000000000	0000000000000000
  167	0000000000000000	0000000000000000	0000000000000000	0000000000000000	0000000000000000
  168	0000000000000000	0000000000000000	0000000000000000	0000000000000000	0000000000000000
  169	0000000000000000	0000000000000000	0000000000000000	0000000000000000	0000000000000000
  170	0000000000000000	0000000000000000	0000000000000000	0000000000000000	0000000000000000
  171	0000000000000000	0000000000000000	0000000000000000	0000000000000000	0000000000000000
  172	0000000000000000	0000000000000000	0000000000000000	0000000000000000	0000000000000000
  173	0000000000000000	0000000000000000	0000000000000000	0000000000000000	0000000000000000
  174	0000000000000000	0000000000000000	0000000000000000	0000000000000000	0000000000000000
  175	0000000000000000	0000000000000000	0000000000000000	0000000000000000	0000000000000000
  176	0000000000000000	0000000000000000	0000000000000000	0000000000000000	0000000000000000
  177	0000000000000000	0000000000000000	0000000000000000	0000000000000000	0000000000000000
  178	0000000000000000	0000000000000000	0000000000000000	0000000000000000	0000000000000000
  179	0000000000000000	0000000000000000	0000000000000000	0000000000000000	0000000000000000
  180	0000000000000000	0000000000000000	0000000000000000	0000000000000000	0000000000000000
  181	0000000000000000	0000000000000000	0000000000000000	0000000000000000	0000000000000000
  182	0000000000000000	0000000000000000	0000000000000000	0000000000000000	0000000000000000
  183	0000000000000000	0000000000000000	0000000000000000	0000000000000000	0000000000000000
  184	0000000000000000	0000000000000000	0000000000000000	0000000000000000	0000000000000000
  185	0000000000000000	0000000000000000	0000000000000000	0000000000000000	0000000000000000
  186	0000000000000000	0000000000000000	0000000000000000	0000000000000000	0000000000000000
  187	0000000000000000	0000000000000000	0000000000000000	0000000000000000	0000000000000000
  188	0000000000000000	0000000000000000	0000000000000000	0000000000000000	0000000000000000
  189	0000000000000000	0000000000000000	0000000000000000	0000000000000000	0000000000000000
  190	0000000000000000	0000000000000000	0000000000000000	0000000000000000	0000000000000000
  191	0000000000000000	0000000000000000	0000000000000000	0000000000000000	0000000000000000
  192	0000000000000000	0000000000000000	0000000000000000	0000000000000000	0000000000000000
  193	0000000000000000	0000000000000000	0000000000000000	0000000000000000	0000000000000000
  194	0000000000000000	0000000000000000	0000000000000000	0000000000000000	0000000000000000
  195	0000000000000000	0000000000000000	0000000000000000	0000000000000000	0000000000000000
  196	0000000000000000	0000000000000000	0000000000000000	0000000000000000	0000000000000000
  197	0000000000000000	0000000000000000	0000000000000000	0000000000000000	0000000000000000
  198	0000000000000000	0000000000000000	0000000000000000	0000000000000000	0000000000000000
  199	0000000000000000	0000000000000000	0000000000000000	0000000000000000	0000000000000000
  200	0000000000000000	0000000000000000	0000000000000000	0000000000000000	0000000000000000
  201	0000000000000000	0000000000000000	0000000000000000	0000000000000000	0000000000000000
  202	0000000000000000	0000000000000000	0000000000000000	0000000000000000	0000000000000000
  203	0000000000000000	0000000000000000	0000000000000000	0000000000000000	0000000000000000
  204	0000000000000000	0000000000000000	0000000000000000	0000000000000000	0000000000000000
  205	0000000000000000	0000000000000000	0000000000000000	0000000000000000	0000000000000000
  206	0000000000000000	0000000000000000	0000000000000000	0000000000000000	0000000000000000
  207	0000000000000000	0000000000000000	0000000000000000	0000000000000000	0000000000000000
  208	0000000000000000	0000000000000000	0000000000000000	0000000000000000	0000000000000000
  209	0000000000000000	0000000000000000	0000000000000000	0000000000000000	0000000000000000
  210	0000000000000000	0000000000000000	0000000000000000	0000000000000000	0000000000000000
  211	0000000000000000	0000000000000000	0000000000000000	0000000000000000	0000000000000000
  212	0000000000000000	0000000000000000	0000000000000000	0000000000000000	0000000000000000
  213	0000000000000000	0000000000000000	0000000000000000	0000000000000000	0000000000000000
  214	0000000000000000	0000000000000000	0000000000000000	0000000000000000	0000000000000000
  215	0000000000000000	0000000000000000	0000000000000000	0000000000000000	0000000000000000
  216	0000000000000000	0000000000000000	0000000000000000	0000000000000000	0000000000000000
  217	0000000000000000	0000000000000000	0000000000000000	0000000000000000	0000000000000000
  218	0000000000000000	0000000000000000	0000000000000000	0000000000000000	0000000000000000
  219	0000000000000000	0000000000000000	0000000000000000	0000000000000000	0000000000000000
  220	0000000000000000	0000000000000000	0000000000000000	0000000000000000	0000000000000000
  221	0000000000000000	0000000000000000	0000000000000000	0000000000000000	0000000000000000
  222	0000000000000000	0000000000000000	0000000000000000	0000000000000000	0000000000000000
  223	0000000000000000	0000000000000000	0000000000000000	0000000000000000	0000000000000000
  224	0000000000000000	0000000000000000	0000000000000000	0000000000000000	0000000000000000
  225	0000000000000000	0000000000000000	0000000000000000	0000000000000000	0000000000000000
  226	0000000000000000	0000000000000000	0000000000000000	0000000000000000	0000000000000000
  227	0000000000000000	0000000000000000	0000000000000000	0000000000000000	0000000000000000
  228	0000000000000000	0000000000000000	0000000000000000	0000000000000000	0000000000000000
  229	0000000000000000	0000000000000000	0000000000000000	0000000000000000	0000000000000000
  230	0000000000000000	0000000000000000	0000000000000000	0000000000000000	0000000000000000
  231	0000000000000000	0000000000000000	0000000000000000	0000000000000000	0000000000000000
  232	0000000000000000	0000000000000000	0000000000000000	0000000000000000	0000000000000000
  233	0000000000000000	0000000000000000	0000000000000000	0000000000000000	0000000000000000
  234	0000000000000000	0000000000000000	0000000000000000	0000000000000000	0000000000000000
  235	0000000000000000	0000000000000000	0000000000000000	0000000000000000	0000000000000000
  236	0000000000000000	0000000000000000	0000000000000000	0000000000000000	0000000000000000
  237	0000000000000000	0000000000000000	0000000000000000	0000000000000000	0000000000000000
  238	0000000000000000	0000000000000000	0000000000000000	0000000000000000	0000000000000000
  239	0000000000000000	0000000000000000	0000000000000000	0000000000000000	0000000000000000
  240	0000000000000000	0000000000000000	0000000000000000	0000000000000000	0000000000000000
  241	0000000000000000	0000000000000000	0000000000000000	0000000000000000	0000000000000000
  242	0000000000000000	0000000000000000	0000000000000000	0000000000000000	0000000000000000
  243	0000000000000000	0000000000000000	0000000000000000	0000000000000000	0000000000000000
  244	0000000000000000	0000000000000000	0000000000000000	0000000000000000	0000000000000000
  245	0000000000000000	0000000000000000	0000000000000000	0000000000000000	0000000000000000
  246	0000000000000000	0000000000000000	0000000000000000	0000000000000000	0000000000000000
  247	0000000000000000	0000000000000000	0000000000000000	0000000000000000	0000000000000000
  248	0000000000000000	0000000000000000	0000000000000000	0000000000000000	0000000000000000
  249	0000000000000000	0000000000000000	0000000000000000	0000000000000000	0000000000000000
  250	0000000000000000	0000000000000000	0000000000000000	0000000000000000	0000000000000000
  251	0000000000000000	0000000000000000	0000000000000000	0000000000000000	0000000000000000
  252	0000000000000000	0000000000000000	0000000000000000	0000000000000000	0000000000000000
  253	0000000000000000	0000000000000000	0000000000000000	0000000000000000	0000000000000000
  254	0000000000000000	0000000000000000	0000000000000000	0000000000000000	0000000000000000
  255	0000000000000000	0000000000000000	0000000000000000	0000000000000000	0000000000000000

Invalidation queue on IOMMU: dmar4
 Base: 0x3080054000	Head: 22	Tail: 22
Index		qw0			qw1			qw2			qw3			status
    0	0000000000000004	0000000000000000	0000000000000000	0000000000000000	0000000000000000
    1	0000000200000025	0000000100057c04	0000000000000000	0000000000000000	0000000000000000
    2	0000000000000011	0000000000000000	0000000000000000	0000000000000000	0000000000000000
    3	0000000200000025	0000000100057c0c	0000000000000000	0000000000000000	0000000000000000
    4	00000000000000d2	0000000000000000	0000000000000000	0000000000000000	0000000000000000
    5	0000000200000025	0000000100057c14	0000000000000000	0000000000000000	0000000000000000
    6	0000000000000014	0000000000000000	0000000000000000	0000000000000000	0000000000000000
    7	0000000200000025	0000000100057c1c	0000000000000000	0000000000000000	0000000000000000
    8	0000000000000014	0000000000000000	0000000000000000	0000000000000000	0000000000000000
    9	0000000200000025	0000000100057c24	0000000000000000	0000000000000000	0000000000000000
   10	0000000000000014	0000000000000000	0000000000000000	0000000000000000	0000000000000000
   11	0000000200000025	0000000100057c2c	0000000000000000	0000000000000000	0000000000000000
   12	0000000100000014	0000000000000000	0000000000000000	0000000000000000	0000000000000000
   13	0000000200000025	0000000100057c34	0000000000000000	0000000000000000	0000000000000000
   14	0000000100000014	0000000000000000	0000000000000000	0000000000000000	0000000000000000
   15	0000000200000025	0000000100057c3c	0000000000000000	0000000000000000	0000000000000000
   16	0000000100000014	0000000000000000	0000000000000000	0000000000000000	0000000000000000
   17	0000000200000025	0000000100057c44	0000000000000000	0000000000000000	0000000000000000
   18	0000000100000014	0000000000000000	0000000000000000	0000000000000000	0000000000000000
   19	0000000200000025	0000000100057c4c	0000000000000000	0000000000000000	0000000000000000
   20	0000000000000014	0000000000000000	0000000000000000	0000000000000000	0000000000000000
   21	0000000200000025	0000000100057c54	0000000000000000	0000000000000000	0000000000000000
   22	0000000000000000	0000000000000000	0000000000000000	0000000000000000	0000000000000000
   23	0000000000000000	0000000000000000	0000000000000000	0000000000000000	0000000000000000
   24	0000000000000000	0000000000000000	0000000000000000	0000000000000000	0000000000000000
   25	0000000000000000	0000000000000000	0000000000000000	0000000000000000	0000000000000000
   26	0000000000000000	0000000000000000	0000000000000000	0000000000000000	0000000000000000
   27	0000000000000000	0000000000000000	0000000000000000	0000000000000000	0000000000000000
   28	0000000000000000	0000000000000000	0000000000000000	0000000000000000	0000000000000000
   29	0000000000000000	0000000000000000	0000000000000000	0000000000000000	0000000000000000
   30	0000000000000000	0000000000000000	0000000000000000	0000000000000000	0000000000000000
   31	0000000000000000	0000000000000000	0000000000000000	0000000000000000	0000000000000000
   32	0000000000000000	0000000000000000	0000000000000000	0000000000000000	0000000000000000
   33	0000000000000000	0000000000000000	0000000000000000	0000000000000000	0000000000000000
   34	0000000000000000	0000000000000000	0000000000000000	0000000000000000	0000000000000000
   35	0000000000000000	0000000000000000	0000000000000000	0000000000000000	0000000000000000
   36	0000000000000000	0000000000000000	0000000000000000	0000000000000000	0000000000000000
   37	0000000000000000	0000000000000000	0000000000000000	0000000000000000	0000000000000000
   38	0000000000000000	0000000000000000	0000000000000000	0000000000000000	0000000000000000
   39	0000000000000000	0000000000000000	0000000000000000	0000000000000000	0000000000000000
   40	0000000000000000	0000000000000000	0000000000000000	0000000000000000	0000000000000000
   41	0000000000000000	0000000000000000	0000000000000000	0000000000000000	0000000000000000
   42	0000000000000000	0000000000000000	0000000000000000	0000000000000000	0000000000000000
   43	0000000000000000	0000000000000000	0000000000000000	0000000000000000	0000000000000000
   44	0000000000000000	0000000000000000	0000000000000000	0000000000000000	0000000000000000
   45	0000000000000000	0000000000000000	0000000000000000	0000000000000000	0000000000000000
   46	0000000000000000	0000000000000000	0000000000000000	0000000000000000	0000000000000000
   47	0000000000000000	0000000000000000	0000000000000000	0000000000000000	0000000000000000
   48	0000000000000000	0000000000000000	0000000000000000	0000000000000000	0000000000000000
   49	0000000000000000	0000000000000000	0000000000000000	0000000000000000	0000000000000000
   50	0000000000000000	0000000000000000	0000000000000000	0000000000000000	0000000000000000
   51	0000000000000000	0000000000000000	0000000000000000	0000000000000000	0000000000000000
   52	0000000000000000	0000000000000000	0000000000000000	0000000000000000	0000000000000000
   53	0000000000000000	0000000000000000	0000000000000000	0000000000000000	0000000000000000
   54	0000000000000000	0000000000000000	0000000000000000	0000000000000000	0000000000000000
   55	0000000000000000	0000000000000000	0000000000000000	0000000000000000	0000000000000000
   56	0000000000000000	0000000000000000	0000000000000000	0000000000000000	0000000000000000
   57	0000000000000000	0000000000000000	0000000000000000	0000000000000000	0000000000000000
   58	0000000000000000	0000000000000000	0000000000000000	0000000000000000	0000000000000000
   59	0000000000000000	0000000000000000	0000000000000000	0000000000000000	0000000000000000
   60	0000000000000000	0000000000000000	0000000000000000	0000000000000000	0000000000000000
   61	0000000000000000	0000000000000000	0000000000000000	0000000000000000	0000000000000000
   62	0000000000000000	0000000000000000	0000000000000000	0000000000000000	0000000000000000
   63	0000000000000000	0000000000000000	0000000000000000	0000000000000000	0000000000000000
   64	0000000000000000	0000000000000000	0000000000000000	0000000000000000	0000000000000000
   65	0000000000000000	0000000000000000	0000000000000000	0000000000000000	0000000000000000
   66	0000000000000000	0000000000000000	0000000000000000	0000000000000000	0000000000000000
   67	0000000000000000	0000000000000000	0000000000000000	0000000000000000	0000000000000000
   68	0000000000000000	0000000000000000	0000000000000000	0000000000000000	0000000000000000
   69	0000000000000000	0000000000000000	0000000000000000	0000000000000000	0000000000000000
   70	0000000000000000	0000000000000000	0000000000000000	0000000000000000	0000000000000000
   71	0000000000000000	0000000000000000	0000000000000000	0000000000000000	0000000000000000
   72	0000000000000000	0000000000000000	0000000000000000	0000000000000000	0000000000000000
   73	0000000000000000	0000000000000000	0000000000000000	0000000000000000	0000000000000000
   74	0000000000000000	0000000000000000	0000000000000000	0000000000000000	0000000000000000
   75	0000000000000000	0000000000000000	0000000000000000	0000000000000000	0000000000000000
   76	0000000000000000	0000000000000000	0000000000000000	0000000000000000	0000000000000000
   77	0000000000000000	0000000000000000	0000000000000000	0000000000000000	0000000000000000
   78	0000000000000000	0000000000000000	0000000000000000	0000000000000000	0000000000000000
   79	0000000000000000	0000000000000000	0000000000000000	0000000000000000	0000000000000000
   80	0000000000000000	0000000000000000	0000000000000000	0000000000000000	0000000000000000
   81	0000000000000000	0000000000000000	0000000000000000	0000000000000000	0000000000000000
   82	0000000000000000	0000000000000000	0000000000000000	0000000000000000	0000000000000000
   83	0000000000000000	0000000000000000	0000000000000000	0000000000000000	0000000000000000
   84	0000000000000000	0000000000000000	0000000000000000	0000000000000000	0000000000000000
   85	0000000000000000	0000000000000000	0000000000000000	0000000000000000	0000000000000000
   86	0000000000000000	0000000000000000	0000000000000000	0000000000000000	0000000000000000
   87	0000000000000000	0000000000000000	0000000000000000	0000000000000000	0000000000000000
   88	0000000000000000	0000000000000000	0000000000000000	0000000000000000	0000000000000000
   89	0000000000000000	0000000000000000	0000000000000000	0000000000000000	0000000000000000
   90	0000000000000000	0000000000000000	0000000000000000	0000000000000000	0000000000000000
   91	0000000000000000	0000000000000000	0000000000000000	0000000000000000	0000000000000000
   92	0000000000000000	0000000000000000	0000000000000000	0000000000000000	0000000000000000
   93	0000000000000000	0000000000000000	0000000000000000	0000000000000000	0000000000000000
   94	0000000000000000	0000000000000000	0000000000000000	0000000000000000	0000000000000000
   95	0000000000000000	0000000000000000	0000000000000000	0000000000000000	0000000000000000
   96	0000000000000000	0000000000000000	0000000000000000	0000000000000000	0000000000000000
   97	0000000000000000	0000000000000000	0000000000000000	0000000000000000	0000000000000000
   98	0000000000000000	0000000000000000	0000000000000000	0000000000000000	0000000000000000
   99	0000000000000000	0000000000000000	0000000000000000	0000000000000000	0000000000000000
  100	0000000000000000	0000000000000000	0000000000000000	0000000000000000	0000000000000000
  101	0000000000000000	0000000000000000	0000000000000000	0000000000000000	0000000000000000
  102	0000000000000000	0000000000000000	0000000000000000	0000000000000000	0000000000000000
  103	0000000000000000	0000000000000000	0000000000000000	0000000000000000	0000000000000000
  104	0000000000000000	0000000000000000	0000000000000000	0000000000000000	0000000000000000
  105	0000000000000000	0000000000000000	0000000000000000	0000000000000000	0000000000000000
  106	0000000000000000	0000000000000000	0000000000000000	0000000000000000	0000000000000000
  107	0000000000000000	0000000000000000	0000000000000000	0000000000000000	0000000000000000
  108	0000000000000000	0000000000000000	0000000000000000	0000000000000000	0000000000000000
  109	0000000000000000	0000000000000000	0000000000000000	0000000000000000	0000000000000000
  110	0000000000000000	0000000000000000	0000000000000000	0000000000000000	0000000000000000
  111	0000000000000000	0000000000000000	0000000000000000	0000000000000000	0000000000000000
  112	0000000000000000	0000000000000000	0000000000000000	0000000000000000	0000000000000000
  113	0000000000000000	0000000000000000	0000000000000000	0000000000000000	0000000000000000
  114	0000000000000000	0000000000000000	0000000000000000	0000000000000000	0000000000000000
  115	0000000000000000	0000000000000000	0000000000000000	0000000000000000	0000000000000000
  116	0000000000000000	0000000000000000	0000000000000000	0000000000000000	0000000000000000
  117	0000000000000000	0000000000000000	0000000000000000	0000000000000000	0000000000000000
  118	0000000000000000	0000000000000000	0000000000000000	0000000000000000	0000000000000000
  119	0000000000000000	0000000000000000	0000000000000000	0000000000000000	0000000000000000
  120	0000000000000000	0000000000000000	0000000000000000	0000000000000000	0000000000000000
  121	0000000000000000	0000000000000000	0000000000000000	0000000000000000	0000000000000000
  122	0000000000000000	0000000000000000	0000000000000000	0000000000000000	0000000000000000
  123	0000000000000000	0000000000000000	0000000000000000	0000000000000000	0000000000000000
  124	0000000000000000	0000000000000000	0000000000000000	0000000000000000	0000000000000000
  125	0000000000000000	0000000000000000	0000000000000000	0000000000000000	0000000000000000
  126	0000000000000000	0000000000000000	0000000000000000	0000000000000000	0000000000000000
  127	0000000000000000	0000000000000000	0000000000000000	0000000000000000	0000000000000000
  128	0000000000000000	0000000000000000	0000000000000000	0000000000000000	0000000000000000
  129	0000000000000000	0000000000000000	0000000000000000	0000000000000000	0000000000000000
  130	0000000000000000	0000000000000000	0000000000000000	0000000000000000	0000000000000000
  131	0000000000000000	0000000000000000	0000000000000000	0000000000000000	0000000000000000
  132	0000000000000000	0000000000000000	0000000000000000	0000000000000000	0000000000000000
  133	0000000000000000	0000000000000000	0000000000000000	0000000000000000	0000000000000000
  134	0000000000000000	0000000000000000	0000000000000000	0000000000000000	0000000000000000
  135	0000000000000000	0000000000000000	0000000000000000	0000000000000000	0000000000000000
  136	0000000000000000	0000000000000000	0000000000000000	0000000000000000	0000000000000000
  137	0000000000000000	0000000000000000	0000000000000000	0000000000000000	0000000000000000
  138	0000000000000000	0000000000000000	0000000000000000	0000000000000000	0000000000000000
  139	0000000000000000	0000000000000000	0000000000000000	0000000000000000	0000000000000000
  140	0000000000000000	0000000000000000	0000000000000000	0000000000000000	0000000000000000
  141	0000000000000000	0000000000000000	0000000000000000	0000000000000000	0000000000000000
  142	0000000000000000	0000000000000000	0000000000000000	0000000000000000	0000000000000000
  143	0000000000000000	0000000000000000	0000000000000000	0000000000000000	0000000000000000
  144	0000000000000000	0000000000000000	0000000000000000	0000000000000000	0000000000000000
  145	0000000000000000	0000000000000000	0000000000000000	0000000000000000	0000000000000000
  146	0000000000000000	0000000000000000	0000000000000000	0000000000000000	0000000000000000
  147	0000000000000000	0000000000000000	0000000000000000	0000000000000000	0000000000000000
  148	0000000000000000	0000000000000000	0000000000000000	0000000000000000	0000000000000000
  149	0000000000000000	0000000000000000	0000000000000000	0000000000000000	0000000000000000
  150	0000000000000000	0000000000000000	0000000000000000	0000000000000000	0000000000000000
  151	0000000000000000	0000000000000000	0000000000000000	0000000000000000	0000000000000000
  152	0000000000000000	0000000000000000	0000000000000000	0000000000000000	0000000000000000
  153	0000000000000000	0000000000000000	0000000000000000	0000000000000000	0000000000000000
  154	0000000000000000	0000000000000000	0000000000000000	0000000000000000	0000000000000000
  155	0000000000000000	0000000000000000	0000000000000000	0000000000000000	0000000000000000
  156	0000000000000000	0000000000000000	0000000000000000	0000000000000000	0000000000000000
  157	0000000000000000	0000000000000000	0000000000000000	0000000000000000	0000000000000000
  158	0000000000000000	0000000000000000	0000000000000000	0000000000000000	0000000000000000
  159	0000000000000000	0000000000000000	0000000000000000	0000000000000000	0000000000000000
  160	0000000000000000	0000000000000000	0000000000000000	0000000000000000	0000000000000000
  161	0000000000000000	0000000000000000	0000000000000000	0000000000000000	0000000000000000
  162	0000000000000000	0000000000000000	0000000000000000	0000000000000000	0000000000000000
  163	0000000000000000	0000000000000000	0000000000000000	0000000000000000	0000000000000000
  164	0000000000000000	0000000000000000	0000000000000000	0000000000000000	0000000000000000
  165	0000000000000000	0000000000000000	0000000000000000	0000000000000000	0000000000000000
  166	0000000000000000	0000000000000000	0000000000000000	0000000000000000	0000000000000000
  167	0000000000000000	0000000000000000	0000000000000000	0000000000000000	0000000000000000
  168	0000000000000000	0000000000000000	0000000000000000	0000000000000000	0000000000000000
  169	0000000000000000	0000000000000000	0000000000000000	0000000000000000	0000000000000000
  170	0000000000000000	0000000000000000	0000000000000000	0000000000000000	0000000000000000
  171	0000000000000000	0000000000000000	0000000000000000	0000000000000000	0000000000000000
  172	0000000000000000	0000000000000000	0000000000000000	0000000000000000	0000000000000000
  173	0000000000000000	0000000000000000	0000000000000000	0000000000000000	0000000000000000
  174	0000000000000000	0000000000000000	0000000000000000	0000000000000000	0000000000000000
  175	0000000000000000	0000000000000000	0000000000000000	0000000000000000	0000000000000000
  176	0000000000000000	0000000000000000	0000000000000000	0000000000000000	0000000000000000
  177	0000000000000000	0000000000000000	0000000000000000	0000000000000000	0000000000000000
  178	0000000000000000	0000000000000000	0000000000000000	0000000000000000	0000000000000000
  179	0000000000000000	0000000000000000	0000000000000000	0000000000000000	0000000000000000
  180	0000000000000000	0000000000000000	0000000000000000	0000000000000000	0000000000000000
  181	0000000000000000	0000000000000000	0000000000000000	0000000000000000	0000000000000000
  182	0000000000000000	0000000000000000	0000000000000000	0000000000000000	0000000000000000
  183	0000000000000000	0000000000000000	0000000000000000	0000000000000000	0000000000000000
  184	0000000000000000	0000000000000000	0000000000000000	0000000000000000	0000000000000000
  185	0000000000000000	0000000000000000	0000000000000000	0000000000000000	0000000000000000
  186	0000000000000000	0000000000000000	0000000000000000	0000000000000000	0000000000000000
  187	0000000000000000	0000000000000000	0000000000000000	0000000000000000	0000000000000000
  188	0000000000000000	0000000000000000	0000000000000000	0000000000000000	0000000000000000
  189	0000000000000000	0000000000000000	0000000000000000	0000000000000000	0000000000000000
  190	0000000000000000	0000000000000000	0000000000000000	0000000000000000	0000000000000000
  191	0000000000000000	0000000000000000	0000000000000000	0000000000000000	0000000000000000
  192	0000000000000000	0000000000000000	0000000000000000	0000000000000000	0000000000000000
  193	0000000000000000	0000000000000000	0000000000000000	0000000000000000	0000000000000000
  194	0000000000000000	0000000000000000	0000000000000000	0000000000000000	0000000000000000
  195	0000000000000000	0000000000000000	0000000000000000	0000000000000000	0000000000000000
  196	0000000000000000	0000000000000000	0000000000000000	0000000000000000	0000000000000000
  197	0000000000000000	0000000000000000	0000000000000000	0000000000000000	0000000000000000
  198	0000000000000000	0000000000000000	0000000000000000	0000000000000000	0000000000000000
  199	0000000000000000	0000000000000000	0000000000000000	0000000000000000	0000000000000000
  200	0000000000000000	0000000000000000	0000000000000000	0000000000000000	0000000000000000
  201	0000000000000000	0000000000000000	0000000000000000	0000000000000000	0000000000000000
  202	0000000000000000	0000000000000000	0000000000000000	0000000000000000	0000000000000000
  203	0000000000000000	0000000000000000	0000000000000000	0000000000000000	0000000000000000
  204	0000000000000000	0000000000000000	0000000000000000	0000000000000000	0000000000000000
  205	0000000000000000	0000000000000000	0000000000000000	0000000000000000	0000000000000000
  206	0000000000000000	0000000000000000	0000000000000000	0000000000000000	0000000000000000
  207	0000000000000000	0000000000000000	0000000000000000	0000000000000000	0000000000000000
  208	0000000000000000	0000000000000000	0000000000000000	0000000000000000	0000000000000000
  209	0000000000000000	0000000000000000	0000000000000000	0000000000000000	0000000000000000
  210	0000000000000000	0000000000000000	0000000000000000	0000000000000000	0000000000000000
  211	0000000000000000	0000000000000000	0000000000000000	0000000000000000	0000000000000000
  212	0000000000000000	0000000000000000	0000000000000000	0000000000000000	0000000000000000
  213	0000000000000000	0000000000000000	0000000000000000	0000000000000000	0000000000000000
  214	0000000000000000	0000000000000000	0000000000000000	0000000000000000	0000000000000000
  215	0000000000000000	0000000000000000	0000000000000000	0000000000000000	0000000000000000
  216	0000000000000000	0000000000000000	0000000000000000	0000000000000000	0000000000000000
  217	0000000000000000	0000000000000000	0000000000000000	0000000000000000	0000000000000000
  218	0000000000000000	0000000000000000	0000000000000000	0000000000000000	0000000000000000
  219	0000000000000000	0000000000000000	0000000000000000	0000000000000000	0000000000000000
  220	0000000000000000	0000000000000000	0000000000000000	0000000000000000	0000000000000000
  221	0000000000000000	0000000000000000	0000000000000000	0000000000000000	0000000000000000
  222	0000000000000000	0000000000000000	0000000000000000	0000000000000000	0000000000000000
  223	0000000000000000	0000000000000000	0000000000000000	0000000000000000	0000000000000000
  224	0000000000000000	0000000000000000	0000000000000000	0000000000000000	0000000000000000
  225	0000000000000000	0000000000000000	0000000000000000	0000000000000000	0000000000000000
  226	0000000000000000	0000000000000000	0000000000000000	0000000000000000	0000000000000000
  227	0000000000000000	0000000000000000	0000000000000000	0000000000000000	0000000000000000
  228	0000000000000000	0000000000000000	0000000000000000	0000000000000000	0000000000000000
  229	0000000000000000	0000000000000000	0000000000000000	0000000000000000	0000000000000000
  230	0000000000000000	0000000000000000	0000000000000000	0000000000000000	0000000000000000
  231	0000000000000000	0000000000000000	0000000000000000	0000000000000000	0000000000000000
  232	0000000000000000	0000000000000000	0000000000000000	0000000000000000	0000000000000000
  233	0000000000000000	0000000000000000	0000000000000000	0000000000000000	0000000000000000
  234	0000000000000000	0000000000000000	0000000000000000	0000000000000000	0000000000000000
  235	0000000000000000	0000000000000000	0000000000000000	0000000000000000	0000000000000000
  236	0000000000000000	0000000000000000	0000000000000000	0000000000000000	0000000000000000
  237	0000000000000000	0000000000000000	0000000000000000	0000000000000000	0000000000000000
  238	0000000000000000	0000000000000000	0000000000000000	0000000000000000	0000000000000000
  239	0000000000000000	0000000000000000	0000000000000000	0000000000000000	0000000000000000
  240	0000000000000000	0000000000000000	0000000000000000	0000000000000000	0000000000000000
  241	0000000000000000	0000000000000000	0000000000000000	0000000000000000	0000000000000000
  242	0000000000000000	0000000000000000	0000000000000000	0000000000000000	0000000000000000
  243	0000000000000000	0000000000000000	0000000000000000	0000000000000000	0000000000000000
  244	0000000000000000	0000000000000000	0000000000000000	0000000000000000	0000000000000000
  245	0000000000000000	0000000000000000	0000000000000000	0000000000000000	0000000000000000
  246	0000000000000000	0000000000000000	0000000000000000	0000000000000000	0000000000000000
  247	0000000000000000	0000000000000000	0000000000000000	0000000000000000	0000000000000000
  248	0000000000000000	0000000000000000	0000000000000000	0000000000000000	0000000000000000
  249	0000000000000000	0000000000000000	0000000000000000	0000000000000000	0000000000000000
  250	0000000000000000	0000000000000000	0000000000000000	0000000000000000	0000000000000000
  251	0000000000000000	0000000000000000	0000000000000000	0000000000000000	0000000000000000
  252	0000000000000000	0000000000000000	0000000000000000	0000000000000000	0000000000000000
  253	0000000000000000	0000000000000000	0000000000000000	0000000000000000	0000000000000000
  254	0000000000000000	0000000000000000	0000000000000000	0000000000000000	0000000000000000
  255	0000000000000000	0000000000000000	0000000000000000	0000000000000000	0000000000000000

Invalidation queue on IOMMU: dmar3
 Base: 0x3080056000	Head: 24	Tail: 24
Index		qw0			qw1			qw2			qw3			status
    0	0000007b00000014	0000000000000000	0000000000000000	0000000000000000	0000000000000000
    1	0000000200000025	000000108006dc04	0000000000000000	0000000000000000	0000000000000000
    2	0000000500000014	0000000000000000	0000000000000000	0000000000000000	0000000000000000
    3	0000000200000025	000000108006dc0c	0000000000000000	0000000000000000	0000000000000000
    4	0000000100000014	0000000000000000	0000000000000000	0000000000000000	0000000000000000
    5	0000000200000025	000000108006dc14	0000000000000000	0000000000000000	0000000000000000
    6	0000000000000014	0000000000000000	0000000000000000	0000000000000000	0000000000000000
    7	0000000200000025	000000108006dc1c	0000000000000000	0000000000000000	0000000000000000
    8	0000000400000014	0000000000000000	0000000000000000	0000000000000000	0000000000000000
    9	0000000200000025	000000108006dc24	0000000000000000	0000000000000000	0000000000000000
   10	0000000200000014	0000000000000000	0000000000000000	0000000000000000	0000000000000000
   11	0000000200000025	000000108006dc2c	0000000000000000	0000000000000000	0000000000000000
   12	0000000300000014	0000000000000000	0000000000000000	0000000000000000	0000000000000000
   13	0000000200000025	000000108006dc34	0000000000000000	0000000000000000	0000000000000000
   14	0000000500000014	0000000000000000	0000000000000000	0000000000000000	0000000000000000
   15	0000000200000025	000000108006dc3c	0000000000000000	0000000000000000	0000000000000000
   16	0000000100000014	0000000000000000	0000000000000000	0000000000000000	0000000000000000
   17	0000000200000025	000000108006dc44	0000000000000000	0000000000000000	0000000000000000
   18	0000000400000014	0000000000000000	0000000000000000	0000000000000000	0000000000000000
   19	0000000200000025	000000108006dc4c	0000000000000000	0000000000000000	0000000000000000
   20	0000000500000014	0000000000000000	0000000000000000	0000000000000000	0000000000000000
   21	0000000200000025	000000108006dc54	0000000000000000	0000000000000000	0000000000000000
   22	0000000400000014	0000000000000000	0000000000000000	0000000000000000	0000000000000000
   23	0000000200000025	000000108006dc5c	0000000000000000	0000000000000000	0000000000000000
   24	0000005e00000014	0000000000000000	0000000000000000	0000000000000000	0000000000000000
   25	0000000200000025	000000108006dc64	0000000000000000	0000000000000000	0000000000000000
   26	0000002400000014	0000000000000000	0000000000000000	0000000000000000	0000000000000000
   27	0000000200000025	000000108006dc6c	0000000000000000	0000000000000000	0000000000000000
   28	0000002400000014	0000000000000000	0000000000000000	0000000000000000	0000000000000000
   29	0000000200000025	000000108006dc74	0000000000000000	0000000000000000	0000000000000000
   30	0000005f00000014	0000000000000000	0000000000000000	0000000000000000	0000000000000000
   31	0000000200000025	000000108006dc7c	0000000000000000	0000000000000000	0000000000000000
   32	0000005f00000014	0000000000000000	0000000000000000	0000000000000000	0000000000000000
   33	0000000200000025	000000108006dc84	0000000000000000	0000000000000000	0000000000000000
   34	0000002500000014	0000000000000000	0000000000000000	0000000000000000	0000000000000000
   35	0000000200000025	000000108006dc8c	0000000000000000	0000000000000000	0000000000000000
   36	0000002500000014	0000000000000000	0000000000000000	0000000000000000	0000000000000000
   37	0000000200000025	000000108006dc94	0000000000000000	0000000000000000	0000000000000000
   38	0000006000000014	0000000000000000	0000000000000000	0000000000000000	0000000000000000
   39	0000000200000025	000000108006dc9c	0000000000000000	0000000000000000	0000000000000000
   40	0000006000000014	0000000000000000	0000000000000000	0000000000000000	0000000000000000
   41	0000000200000025	000000108006dca4	0000000000000000	0000000000000000	0000000000000000
   42	0000002600000014	0000000000000000	0000000000000000	0000000000000000	0000000000000000
   43	0000000200000025	000000108006dcac	0000000000000000	0000000000000000	0000000000000000
   44	0000002600000014	0000000000000000	0000000000000000	0000000000000000	0000000000000000
   45	0000000200000025	000000108006dcb4	0000000000000000	0000000000000000	0000000000000000
   46	0000006100000014	0000000000000000	0000000000000000	0000000000000000	0000000000000000
   47	0000000200000025	000000108006dcbc	0000000000000000	0000000000000000	0000000000000000
   48	0000006100000014	0000000000000000	0000000000000000	0000000000000000	0000000000000000
   49	0000000200000025	000000108006dcc4	0000000000000000	0000000000000000	0000000000000000
   50	0000002700000014	0000000000000000	0000000000000000	0000000000000000	0000000000000000
   51	0000000200000025	000000108006dccc	0000000000000000	0000000000000000	0000000000000000
   52	0000002700000014	0000000000000000	0000000000000000	0000000000000000	0000000000000000
   53	0000000200000025	000000108006dcd4	0000000000000000	0000000000000000	0000000000000000
   54	0000006200000014	0000000000000000	0000000000000000	0000000000000000	0000000000000000
   55	0000000200000025	000000108006dcdc	0000000000000000	0000000000000000	0000000000000000
   56	0000006200000014	0000000000000000	0000000000000000	0000000000000000	0000000000000000
   57	0000000200000025	000000108006dce4	0000000000000000	0000000000000000	0000000000000000
   58	0000002800000014	0000000000000000	0000000000000000	0000000000000000	0000000000000000
   59	0000000200000025	000000108006dcec	0000000000000000	0000000000000000	0000000000000000
   60	0000002800000014	0000000000000000	0000000000000000	0000000000000000	0000000000000000
   61	0000000200000025	000000108006dcf4	0000000000000000	0000000000000000	0000000000000000
   62	0000006300000014	0000000000000000	0000000000000000	0000000000000000	0000000000000000
   63	0000000200000025	000000108006dcfc	0000000000000000	0000000000000000	0000000000000000
   64	0000006300000014	0000000000000000	0000000000000000	0000000000000000	0000000000000000
   65	0000000200000025	000000108006dd04	0000000000000000	0000000000000000	0000000000000000
   66	0000002900000014	0000000000000000	0000000000000000	0000000000000000	0000000000000000
   67	0000000200000025	000000108006dd0c	0000000000000000	0000000000000000	0000000000000000
   68	0000002900000014	0000000000000000	0000000000000000	0000000000000000	0000000000000000
   69	0000000200000025	000000108006dd14	0000000000000000	0000000000000000	0000000000000000
   70	0000006400000014	0000000000000000	0000000000000000	0000000000000000	0000000000000000
   71	0000000200000025	000000108006dd1c	0000000000000000	0000000000000000	0000000000000000
   72	0000006400000014	0000000000000000	0000000000000000	0000000000000000	0000000000000000
   73	0000000200000025	000000108006dd24	0000000000000000	0000000000000000	0000000000000000
   74	0000006500000014	0000000000000000	0000000000000000	0000000000000000	0000000000000000
   75	0000000200000025	000000108006dd2c	0000000000000000	0000000000000000	0000000000000000
   76	0000006500000014	0000000000000000	0000000000000000	0000000000000000	0000000000000000
   77	0000000200000025	000000108006dd34	0000000000000000	0000000000000000	0000000000000000
   78	0000002a00000014	0000000000000000	0000000000000000	0000000000000000	0000000000000000
   79	0000000200000025	000000108006dd3c	0000000000000000	0000000000000000	0000000000000000
   80	0000002a00000014	0000000000000000	0000000000000000	0000000000000000	0000000000000000
   81	0000000200000025	000000108006dd44	0000000000000000	0000000000000000	0000000000000000
   82	0000002b00000014	0000000000000000	0000000000000000	0000000000000000	0000000000000000
   83	0000000200000025	000000108006dd4c	0000000000000000	0000000000000000	0000000000000000
   84	0000002b00000014	0000000000000000	0000000000000000	0000000000000000	0000000000000000
   85	0000000200000025	000000108006dd54	0000000000000000	0000000000000000	0000000000000000
   86	0000006600000014	0000000000000000	0000000000000000	0000000000000000	0000000000000000
   87	0000000200000025	000000108006dd5c	0000000000000000	0000000000000000	0000000000000000
   88	0000006600000014	0000000000000000	0000000000000000	0000000000000000	0000000000000000
   89	0000000200000025	000000108006dd64	0000000000000000	0000000000000000	0000000000000000
   90	0000002c00000014	0000000000000000	0000000000000000	0000000000000000	0000000000000000
   91	0000000200000025	000000108006dd6c	0000000000000000	0000000000000000	0000000000000000
   92	0000002c00000014	0000000000000000	0000000000000000	0000000000000000	0000000000000000
   93	0000000200000025	000000108006dd74	0000000000000000	0000000000000000	0000000000000000
   94	0000006700000014	0000000000000000	0000000000000000	0000000000000000	0000000000000000
   95	0000000200000025	000000108006dd7c	0000000000000000	0000000000000000	0000000000000000
   96	0000006700000014	0000000000000000	0000000000000000	0000000000000000	0000000000000000
   97	0000000200000025	000000108006dd84	0000000000000000	0000000000000000	0000000000000000
   98	0000002d00000014	0000000000000000	0000000000000000	0000000000000000	0000000000000000
   99	0000000200000025	000000108006dd8c	0000000000000000	0000000000000000	0000000000000000
  100	0000002d00000014	0000000000000000	0000000000000000	0000000000000000	0000000000000000
  101	0000000200000025	000000108006dd94	0000000000000000	0000000000000000	0000000000000000
  102	0000006800000014	0000000000000000	0000000000000000	0000000000000000	0000000000000000
  103	0000000200000025	000000108006dd9c	0000000000000000	0000000000000000	0000000000000000
  104	0000006800000014	0000000000000000	0000000000000000	0000000000000000	0000000000000000
  105	0000000200000025	000000108006dda4	0000000000000000	0000000000000000	0000000000000000
  106	0000006900000014	0000000000000000	0000000000000000	0000000000000000	0000000000000000
  107	0000000200000025	000000108006ddac	0000000000000000	0000000000000000	0000000000000000
  108	0000006900000014	0000000000000000	0000000000000000	0000000000000000	0000000000000000
  109	0000000200000025	000000108006ddb4	0000000000000000	0000000000000000	0000000000000000
  110	0000002e00000014	0000000000000000	0000000000000000	0000000000000000	0000000000000000
  111	0000000200000025	000000108006ddbc	0000000000000000	0000000000000000	0000000000000000
  112	0000002e00000014	0000000000000000	0000000000000000	0000000000000000	0000000000000000
  113	0000000200000025	000000108006ddc4	0000000000000000	0000000000000000	0000000000000000
  114	0000002f00000014	0000000000000000	0000000000000000	0000000000000000	0000000000000000
  115	0000000200000025	000000108006ddcc	0000000000000000	0000000000000000	0000000000000000
  116	0000002f00000014	0000000000000000	0000000000000000	0000000000000000	0000000000000000
  117	0000000200000025	000000108006ddd4	0000000000000000	0000000000000000	0000000000000000
  118	0000006a00000014	0000000000000000	0000000000000000	0000000000000000	0000000000000000
  119	0000000200000025	000000108006dddc	0000000000000000	0000000000000000	0000000000000000
  120	0000006a00000014	0000000000000000	0000000000000000	0000000000000000	0000000000000000
  121	0000000200000025	000000108006dde4	0000000000000000	0000000000000000	0000000000000000
  122	0000003000000014	0000000000000000	0000000000000000	0000000000000000	0000000000000000
  123	0000000200000025	000000108006ddec	0000000000000000	0000000000000000	0000000000000000
  124	0000003000000014	0000000000000000	0000000000000000	0000000000000000	0000000000000000
  125	0000000200000025	000000108006ddf4	0000000000000000	0000000000000000	0000000000000000
  126	0000006b00000014	0000000000000000	0000000000000000	0000000000000000	0000000000000000
  127	0000000200000025	000000108006ddfc	0000000000000000	0000000000000000	0000000000000000
  128	0000006b00000014	0000000000000000	0000000000000000	0000000000000000	0000000000000000
  129	0000000200000025	000000108006de04	0000000000000000	0000000000000000	0000000000000000
  130	0000006c00000014	0000000000000000	0000000000000000	0000000000000000	0000000000000000
  131	0000000200000025	000000108006de0c	0000000000000000	0000000000000000	0000000000000000
  132	0000006c00000014	0000000000000000	0000000000000000	0000000000000000	0000000000000000
  133	0000000200000025	000000108006de14	0000000000000000	0000000000000000	0000000000000000
  134	0000003100000014	0000000000000000	0000000000000000	0000000000000000	0000000000000000
  135	0000000200000025	000000108006de1c	0000000000000000	0000000000000000	0000000000000000
  136	0000003100000014	0000000000000000	0000000000000000	0000000000000000	0000000000000000
  137	0000000200000025	000000108006de24	0000000000000000	0000000000000000	0000000000000000
  138	0000003200000014	0000000000000000	0000000000000000	0000000000000000	0000000000000000
  139	0000000200000025	000000108006de2c	0000000000000000	0000000000000000	0000000000000000
  140	0000003200000014	0000000000000000	0000000000000000	0000000000000000	0000000000000000
  141	0000000200000025	000000108006de34	0000000000000000	0000000000000000	0000000000000000
  142	0000006d00000014	0000000000000000	0000000000000000	0000000000000000	0000000000000000
  143	0000000200000025	000000108006de3c	0000000000000000	0000000000000000	0000000000000000
  144	0000006d00000014	0000000000000000	0000000000000000	0000000000000000	0000000000000000
  145	0000000200000025	000000108006de44	0000000000000000	0000000000000000	0000000000000000
  146	0000003300000014	0000000000000000	0000000000000000	0000000000000000	0000000000000000
  147	0000000200000025	000000108006de4c	0000000000000000	0000000000000000	0000000000000000
  148	0000003300000014	0000000000000000	0000000000000000	0000000000000000	0000000000000000
  149	0000000200000025	000000108006de54	0000000000000000	0000000000000000	0000000000000000
  150	0000006e00000014	0000000000000000	0000000000000000	0000000000000000	0000000000000000
  151	0000000200000025	000000108006de5c	0000000000000000	0000000000000000	0000000000000000
  152	0000006e00000014	0000000000000000	0000000000000000	0000000000000000	0000000000000000
  153	0000000200000025	000000108006de64	0000000000000000	0000000000000000	0000000000000000
  154	0000003400000014	0000000000000000	0000000000000000	0000000000000000	0000000000000000
  155	0000000200000025	000000108006de6c	0000000000000000	0000000000000000	0000000000000000
  156	0000003400000014	0000000000000000	0000000000000000	0000000000000000	0000000000000000
  157	0000000200000025	000000108006de74	0000000000000000	0000000000000000	0000000000000000
  158	0000006f00000014	0000000000000000	0000000000000000	0000000000000000	0000000000000000
  159	0000000200000025	000000108006de7c	0000000000000000	0000000000000000	0000000000000000
  160	0000006f00000014	0000000000000000	0000000000000000	0000000000000000	0000000000000000
  161	0000000200000025	000000108006de84	0000000000000000	0000000000000000	0000000000000000
  162	0000007000000014	0000000000000000	0000000000000000	0000000000000000	0000000000000000
  163	0000000200000025	000000108006de8c	0000000000000000	0000000000000000	0000000000000000
  164	0000007000000014	0000000000000000	0000000000000000	0000000000000000	0000000000000000
  165	0000000200000025	000000108006de94	0000000000000000	0000000000000000	0000000000000000
  166	0000003500000014	0000000000000000	0000000000000000	0000000000000000	0000000000000000
  167	0000000200000025	000000108006de9c	0000000000000000	0000000000000000	0000000000000000
  168	0000003500000014	0000000000000000	0000000000000000	0000000000000000	0000000000000000
  169	0000000200000025	000000108006dea4	0000000000000000	0000000000000000	0000000000000000
  170	0000003600000014	0000000000000000	0000000000000000	0000000000000000	0000000000000000
  171	0000000200000025	000000108006deac	0000000000000000	0000000000000000	0000000000000000
  172	0000003600000014	0000000000000000	0000000000000000	0000000000000000	0000000000000000
  173	0000000200000025	000000108006deb4	0000000000000000	0000000000000000	0000000000000000
  174	0000007100000014	0000000000000000	0000000000000000	0000000000000000	0000000000000000
  175	0000000200000025	000000108006debc	0000000000000000	0000000000000000	0000000000000000
  176	0000007100000014	0000000000000000	0000000000000000	0000000000000000	0000000000000000
  177	0000000200000025	000000108006dec4	0000000000000000	0000000000000000	0000000000000000
  178	0000003700000014	0000000000000000	0000000000000000	0000000000000000	0000000000000000
  179	0000000200000025	000000108006decc	0000000000000000	0000000000000000	0000000000000000
  180	0000003700000014	0000000000000000	0000000000000000	0000000000000000	0000000000000000
  181	0000000200000025	000000108006ded4	0000000000000000	0000000000000000	0000000000000000
  182	0000007200000014	0000000000000000	0000000000000000	0000000000000000	0000000000000000
  183	0000000200000025	000000108006dedc	0000000000000000	0000000000000000	0000000000000000
  184	0000007200000014	0000000000000000	0000000000000000	0000000000000000	0000000000000000
  185	0000000200000025	000000108006dee4	0000000000000000	0000000000000000	0000000000000000
  186	0000003800000014	0000000000000000	0000000000000000	0000000000000000	0000000000000000
  187	0000000200000025	000000108006deec	0000000000000000	0000000000000000	0000000000000000
  188	0000003800000014	0000000000000000	0000000000000000	0000000000000000	0000000000000000
  189	0000000200000025	000000108006def4	0000000000000000	0000000000000000	0000000000000000
  190	0000007300000014	0000000000000000	0000000000000000	0000000000000000	0000000000000000
  191	0000000200000025	000000108006defc	0000000000000000	0000000000000000	0000000000000000
  192	0000007300000014	0000000000000000	0000000000000000	0000000000000000	0000000000000000
  193	0000000200000025	000000108006df04	0000000000000000	0000000000000000	0000000000000000
  194	0000003900000014	0000000000000000	0000000000000000	0000000000000000	0000000000000000
  195	0000000200000025	000000108006df0c	0000000000000000	0000000000000000	0000000000000000
  196	0000003900000014	0000000000000000	0000000000000000	0000000000000000	0000000000000000
  197	0000000200000025	000000108006df14	0000000000000000	0000000000000000	0000000000000000
  198	0000007400000014	0000000000000000	0000000000000000	0000000000000000	0000000000000000
  199	0000000200000025	000000108006df1c	0000000000000000	0000000000000000	0000000000000000
  200	0000007400000014	0000000000000000	0000000000000000	0000000000000000	0000000000000000
  201	0000000200000025	000000108006df24	0000000000000000	0000000000000000	0000000000000000
  202	0000003a00000014	0000000000000000	0000000000000000	0000000000000000	0000000000000000
  203	0000000200000025	000000108006df2c	0000000000000000	0000000000000000	0000000000000000
  204	0000003a00000014	0000000000000000	0000000000000000	0000000000000000	0000000000000000
  205	0000000200000025	000000108006df34	0000000000000000	0000000000000000	0000000000000000
  206	0000007500000014	0000000000000000	0000000000000000	0000000000000000	0000000000000000
  207	0000000200000025	000000108006df3c	0000000000000000	0000000000000000	0000000000000000
  208	0000007500000014	0000000000000000	0000000000000000	0000000000000000	0000000000000000
  209	0000000200000025	000000108006df44	0000000000000000	0000000000000000	0000000000000000
  210	0000003b00000014	0000000000000000	0000000000000000	0000000000000000	0000000000000000
  211	0000000200000025	000000108006df4c	0000000000000000	0000000000000000	0000000000000000
  212	0000003b00000014	0000000000000000	0000000000000000	0000000000000000	0000000000000000
  213	0000000200000025	000000108006df54	0000000000000000	0000000000000000	0000000000000000
  214	0000007600000014	0000000000000000	0000000000000000	0000000000000000	0000000000000000
  215	0000000200000025	000000108006df5c	0000000000000000	0000000000000000	0000000000000000
  216	0000007600000014	0000000000000000	0000000000000000	0000000000000000	0000000000000000
  217	0000000200000025	000000108006df64	0000000000000000	0000000000000000	0000000000000000
  218	0000003c00000014	0000000000000000	0000000000000000	0000000000000000	0000000000000000
  219	0000000200000025	000000108006df6c	0000000000000000	0000000000000000	0000000000000000
  220	0000003c00000014	0000000000000000	0000000000000000	0000000000000000	0000000000000000
  221	0000000200000025	000000108006df74	0000000000000000	0000000000000000	0000000000000000
  222	0000007700000014	0000000000000000	0000000000000000	0000000000000000	0000000000000000
  223	0000000200000025	000000108006df7c	0000000000000000	0000000000000000	0000000000000000
  224	0000007700000014	0000000000000000	0000000000000000	0000000000000000	0000000000000000
  225	0000000200000025	000000108006df84	0000000000000000	0000000000000000	0000000000000000
  226	0000003d00000014	0000000000000000	0000000000000000	0000000000000000	0000000000000000
  227	0000000200000025	000000108006df8c	0000000000000000	0000000000000000	0000000000000000
  228	0000003d00000014	0000000000000000	0000000000000000	0000000000000000	0000000000000000
  229	0000000200000025	000000108006df94	0000000000000000	0000000000000000	0000000000000000
  230	0000007800000014	0000000000000000	0000000000000000	0000000000000000	0000000000000000
  231	0000000200000025	000000108006df9c	0000000000000000	0000000000000000	0000000000000000
  232	0000007800000014	0000000000000000	0000000000000000	0000000000000000	0000000000000000
  233	0000000200000025	000000108006dfa4	0000000000000000	0000000000000000	0000000000000000
  234	0000003e00000014	0000000000000000	0000000000000000	0000000000000000	0000000000000000
  235	0000000200000025	000000108006dfac	0000000000000000	0000000000000000	0000000000000000
  236	0000003e00000014	0000000000000000	0000000000000000	0000000000000000	0000000000000000
  237	0000000200000025	000000108006dfb4	0000000000000000	0000000000000000	0000000000000000
  238	0000007900000014	0000000000000000	0000000000000000	0000000000000000	0000000000000000
  239	0000000200000025	000000108006dfbc	0000000000000000	0000000000000000	0000000000000000
  240	0000007900000014	0000000000000000	0000000000000000	0000000000000000	0000000000000000
  241	0000000200000025	000000108006dfc4	0000000000000000	0000000000000000	0000000000000000
  242	0000003f00000014	0000000000000000	0000000000000000	0000000000000000	0000000000000000
  243	0000000200000025	000000108006dfcc	0000000000000000	0000000000000000	0000000000000000
  244	0000003f00000014	0000000000000000	0000000000000000	0000000000000000	0000000000000000
  245	0000000200000025	000000108006dfd4	0000000000000000	0000000000000000	0000000000000000
  246	0000007a00000014	0000000000000000	0000000000000000	0000000000000000	0000000000000000
  247	0000000200000025	000000108006dfdc	0000000000000000	0000000000000000	0000000000000000
  248	0000007a00000014	0000000000000000	0000000000000000	0000000000000000	0000000000000000
  249	0000000200000025	000000108006dfe4	0000000000000000	0000000000000000	0000000000000000
  250	0000004000000014	0000000000000000	0000000000000000	0000000000000000	0000000000000000
  251	0000000200000025	000000108006dfec	0000000000000000	0000000000000000	0000000000000000
  252	0000004000000014	0000000000000000	0000000000000000	0000000000000000	0000000000000000
  253	0000000200000025	000000108006dff4	0000000000000000	0000000000000000	0000000000000000
  254	0000007b00000014	0000000000000000	0000000000000000	0000000000000000	0000000000000000
  255	0000000200000025	000000108006dffc	0000000000000000	0000000000000000	0000000000000000

Invalidation queue on IOMMU: dmar2
 Base: 0x2080052000	Head: 24	Tail: 24
Index		qw0			qw1			qw2			qw3			status
    0	0000000000000004	0000000000000000	0000000000000000	0000000000000000	0000000000000000
    1	0000000200000025	0000001080069004	0000000000000000	0000000000000000	0000000000000000
    2	0000000000000011	0000000000000000	0000000000000000	0000000000000000	0000000000000000
    3	0000000200000025	000000108006900c	0000000000000000	0000000000000000	0000000000000000
    4	00000000000000d2	0000000000000000	0000000000000000	0000000000000000	0000000000000000
    5	0000000200000025	0000001080069014	0000000000000000	0000000000000000	0000000000000000
    6	0000000000000014	0000000000000000	0000000000000000	0000000000000000	0000000000000000
    7	0000000200000025	000000108006901c	0000000000000000	0000000000000000	0000000000000000
    8	0000000000000014	0000000000000000	0000000000000000	0000000000000000	0000000000000000
    9	0000000200000025	0000001080069024	0000000000000000	0000000000000000	0000000000000000
   10	0000000000000014	0000000000000000	0000000000000000	0000000000000000	0000000000000000
   11	0000000200000025	000000108006902c	0000000000000000	0000000000000000	0000000000000000
   12	0000000100000014	0000000000000000	0000000000000000	0000000000000000	0000000000000000
   13	0000000200000025	0000001080069034	0000000000000000	0000000000000000	0000000000000000
   14	0000000100000014	0000000000000000	0000000000000000	0000000000000000	0000000000000000
   15	0000000200000025	000000108006903c	0000000000000000	0000000000000000	0000000000000000
   16	0000000100000014	0000000000000000	0000000000000000	0000000000000000	0000000000000000
   17	0000000200000025	0000001080069044	0000000000000000	0000000000000000	0000000000000000
   18	0000000100000014	0000000000000000	0000000000000000	0000000000000000	0000000000000000
   19	0000000200000025	000000108006904c	0000000000000000	0000000000000000	0000000000000000
   20	0000000100000014	0000000000000000	0000000000000000	0000000000000000	0000000000000000
   21	0000000200000025	0000001080069054	0000000000000000	0000000000000000	0000000000000000
   22	0000000100000014	0000000000000000	0000000000000000	0000000000000000	0000000000000000
   23	0000000200000025	000000108006905c	0000000000000000	0000000000000000	0000000000000000
   24	0000000000000000	0000000000000000	0000000000000000	0000000000000000	0000000000000000
   25	0000000000000000	0000000000000000	0000000000000000	0000000000000000	0000000000000000
   26	0000000000000000	0000000000000000	0000000000000000	0000000000000000	0000000000000000
   27	0000000000000000	0000000000000000	0000000000000000	0000000000000000	0000000000000000
   28	0000000000000000	0000000000000000	0000000000000000	0000000000000000	0000000000000000
   29	0000000000000000	0000000000000000	0000000000000000	0000000000000000	0000000000000000
   30	0000000000000000	0000000000000000	0000000000000000	0000000000000000	0000000000000000
   31	0000000000000000	0000000000000000	0000000000000000	0000000000000000	0000000000000000
   32	0000000000000000	0000000000000000	0000000000000000	0000000000000000	0000000000000000
   33	0000000000000000	0000000000000000	0000000000000000	0000000000000000	0000000000000000
   34	0000000000000000	0000000000000000	0000000000000000	0000000000000000	0000000000000000
   35	0000000000000000	0000000000000000	0000000000000000	0000000000000000	0000000000000000
   36	0000000000000000	0000000000000000	0000000000000000	0000000000000000	0000000000000000
   37	0000000000000000	0000000000000000	0000000000000000	0000000000000000	0000000000000000
   38	0000000000000000	0000000000000000	0000000000000000	0000000000000000	0000000000000000
   39	0000000000000000	0000000000000000	0000000000000000	0000000000000000	0000000000000000
   40	0000000000000000	0000000000000000	0000000000000000	0000000000000000	0000000000000000
   41	0000000000000000	0000000000000000	0000000000000000	0000000000000000	0000000000000000
   42	0000000000000000	0000000000000000	0000000000000000	0000000000000000	0000000000000000
   43	0000000000000000	0000000000000000	0000000000000000	0000000000000000	0000000000000000
   44	0000000000000000	0000000000000000	0000000000000000	0000000000000000	0000000000000000
   45	0000000000000000	0000000000000000	0000000000000000	0000000000000000	0000000000000000
   46	0000000000000000	0000000000000000	0000000000000000	0000000000000000	0000000000000000
   47	0000000000000000	0000000000000000	0000000000000000	0000000000000000	0000000000000000
   48	0000000000000000	0000000000000000	0000000000000000	0000000000000000	0000000000000000
   49	0000000000000000	0000000000000000	0000000000000000	0000000000000000	0000000000000000
   50	0000000000000000	0000000000000000	0000000000000000	0000000000000000	0000000000000000
   51	0000000000000000	0000000000000000	0000000000000000	0000000000000000	0000000000000000
   52	0000000000000000	0000000000000000	0000000000000000	0000000000000000	0000000000000000
   53	0000000000000000	0000000000000000	0000000000000000	0000000000000000	0000000000000000
   54	0000000000000000	0000000000000000	0000000000000000	0000000000000000	0000000000000000
   55	0000000000000000	0000000000000000	0000000000000000	0000000000000000	0000000000000000
   56	0000000000000000	0000000000000000	0000000000000000	0000000000000000	0000000000000000
   57	0000000000000000	0000000000000000	0000000000000000	0000000000000000	0000000000000000
   58	0000000000000000	0000000000000000	0000000000000000	0000000000000000	0000000000000000
   59	0000000000000000	0000000000000000	0000000000000000	0000000000000000	0000000000000000
   60	0000000000000000	0000000000000000	0000000000000000	0000000000000000	0000000000000000
   61	0000000000000000	0000000000000000	0000000000000000	0000000000000000	0000000000000000
   62	0000000000000000	0000000000000000	0000000000000000	0000000000000000	0000000000000000
   63	0000000000000000	0000000000000000	0000000000000000	0000000000000000	0000000000000000
   64	0000000000000000	0000000000000000	0000000000000000	0000000000000000	0000000000000000
   65	0000000000000000	0000000000000000	0000000000000000	0000000000000000	0000000000000000
   66	0000000000000000	0000000000000000	0000000000000000	0000000000000000	0000000000000000
   67	0000000000000000	0000000000000000	0000000000000000	0000000000000000	0000000000000000
   68	0000000000000000	0000000000000000	0000000000000000	0000000000000000	0000000000000000
   69	0000000000000000	0000000000000000	0000000000000000	0000000000000000	0000000000000000
   70	0000000000000000	0000000000000000	0000000000000000	0000000000000000	0000000000000000
   71	0000000000000000	0000000000000000	0000000000000000	0000000000000000	0000000000000000
   72	0000000000000000	0000000000000000	0000000000000000	0000000000000000	0000000000000000
   73	0000000000000000	0000000000000000	0000000000000000	0000000000000000	0000000000000000
   74	0000000000000000	0000000000000000	0000000000000000	0000000000000000	0000000000000000
   75	0000000000000000	0000000000000000	0000000000000000	0000000000000000	0000000000000000
   76	0000000000000000	0000000000000000	0000000000000000	0000000000000000	0000000000000000
   77	0000000000000000	0000000000000000	0000000000000000	0000000000000000	0000000000000000
   78	0000000000000000	0000000000000000	0000000000000000	0000000000000000	0000000000000000
   79	0000000000000000	0000000000000000	0000000000000000	0000000000000000	0000000000000000
   80	0000000000000000	0000000000000000	0000000000000000	0000000000000000	0000000000000000
   81	0000000000000000	0000000000000000	0000000000000000	0000000000000000	0000000000000000
   82	0000000000000000	0000000000000000	0000000000000000	0000000000000000	0000000000000000
   83	0000000000000000	0000000000000000	0000000000000000	0000000000000000	0000000000000000
   84	0000000000000000	0000000000000000	0000000000000000	0000000000000000	0000000000000000
   85	0000000000000000	0000000000000000	0000000000000000	0000000000000000	0000000000000000
   86	0000000000000000	0000000000000000	0000000000000000	0000000000000000	0000000000000000
   87	0000000000000000	0000000000000000	0000000000000000	0000000000000000	0000000000000000
   88	0000000000000000	0000000000000000	0000000000000000	0000000000000000	0000000000000000
   89	0000000000000000	0000000000000000	0000000000000000	0000000000000000	0000000000000000
   90	0000000000000000	0000000000000000	0000000000000000	0000000000000000	0000000000000000
   91	0000000000000000	0000000000000000	0000000000000000	0000000000000000	0000000000000000
   92	0000000000000000	0000000000000000	0000000000000000	0000000000000000	0000000000000000
   93	0000000000000000	0000000000000000	0000000000000000	0000000000000000	0000000000000000
   94	0000000000000000	0000000000000000	0000000000000000	0000000000000000	0000000000000000
   95	0000000000000000	0000000000000000	0000000000000000	0000000000000000	0000000000000000
   96	0000000000000000	0000000000000000	0000000000000000	0000000000000000	0000000000000000
   97	0000000000000000	0000000000000000	0000000000000000	0000000000000000	0000000000000000
   98	0000000000000000	0000000000000000	0000000000000000	0000000000000000	0000000000000000
   99	0000000000000000	0000000000000000	0000000000000000	0000000000000000	0000000000000000
  100	0000000000000000	0000000000000000	0000000000000000	0000000000000000	0000000000000000
  101	0000000000000000	0000000000000000	0000000000000000	0000000000000000	0000000000000000
  102	0000000000000000	0000000000000000	0000000000000000	0000000000000000	0000000000000000
  103	0000000000000000	0000000000000000	0000000000000000	0000000000000000	0000000000000000
  104	0000000000000000	0000000000000000	0000000000000000	0000000000000000	0000000000000000
  105	0000000000000000	0000000000000000	0000000000000000	0000000000000000	0000000000000000
  106	0000000000000000	0000000000000000	0000000000000000	0000000000000000	0000000000000000
  107	0000000000000000	0000000000000000	0000000000000000	0000000000000000	0000000000000000
  108	0000000000000000	0000000000000000	0000000000000000	0000000000000000	0000000000000000
  109	0000000000000000	0000000000000000	0000000000000000	0000000000000000	0000000000000000
  110	0000000000000000	0000000000000000	0000000000000000	0000000000000000	0000000000000000
  111	0000000000000000	0000000000000000	0000000000000000	0000000000000000	0000000000000000
  112	0000000000000000	0000000000000000	0000000000000000	0000000000000000	0000000000000000
  113	0000000000000000	0000000000000000	0000000000000000	0000000000000000	0000000000000000
  114	0000000000000000	0000000000000000	0000000000000000	0000000000000000	0000000000000000
  115	0000000000000000	0000000000000000	0000000000000000	0000000000000000	0000000000000000
  116	0000000000000000	0000000000000000	0000000000000000	0000000000000000	0000000000000000
  117	0000000000000000	0000000000000000	0000000000000000	0000000000000000	0000000000000000
  118	0000000000000000	0000000000000000	0000000000000000	0000000000000000	0000000000000000
  119	0000000000000000	0000000000000000	0000000000000000	0000000000000000	0000000000000000
  120	0000000000000000	0000000000000000	0000000000000000	0000000000000000	0000000000000000
  121	0000000000000000	0000000000000000	0000000000000000	0000000000000000	0000000000000000
  122	0000000000000000	0000000000000000	0000000000000000	0000000000000000	0000000000000000
  123	0000000000000000	0000000000000000	0000000000000000	0000000000000000	0000000000000000
  124	0000000000000000	0000000000000000	0000000000000000	0000000000000000	0000000000000000
  125	0000000000000000	0000000000000000	0000000000000000	0000000000000000	0000000000000000
  126	0000000000000000	0000000000000000	0000000000000000	0000000000000000	0000000000000000
  127	0000000000000000	0000000000000000	0000000000000000	0000000000000000	0000000000000000
  128	0000000000000000	0000000000000000	0000000000000000	0000000000000000	0000000000000000
  129	0000000000000000	0000000000000000	0000000000000000	0000000000000000	0000000000000000
  130	0000000000000000	0000000000000000	0000000000000000	0000000000000000	0000000000000000
  131	0000000000000000	0000000000000000	0000000000000000	0000000000000000	0000000000000000
  132	0000000000000000	0000000000000000	0000000000000000	0000000000000000	0000000000000000
  133	0000000000000000	0000000000000000	0000000000000000	0000000000000000	0000000000000000
  134	0000000000000000	0000000000000000	0000000000000000	0000000000000000	0000000000000000
  135	0000000000000000	0000000000000000	0000000000000000	0000000000000000	0000000000000000
  136	0000000000000000	0000000000000000	0000000000000000	0000000000000000	0000000000000000
  137	0000000000000000	0000000000000000	0000000000000000	0000000000000000	0000000000000000
  138	0000000000000000	0000000000000000	0000000000000000	0000000000000000	0000000000000000
  139	0000000000000000	0000000000000000	0000000000000000	0000000000000000	0000000000000000
  140	0000000000000000	0000000000000000	0000000000000000	0000000000000000	0000000000000000
  141	0000000000000000	0000000000000000	0000000000000000	0000000000000000	0000000000000000
  142	0000000000000000	0000000000000000	0000000000000000	0000000000000000	0000000000000000
  143	0000000000000000	0000000000000000	0000000000000000	0000000000000000	0000000000000000
  144	0000000000000000	0000000000000000	0000000000000000	0000000000000000	0000000000000000
  145	0000000000000000	0000000000000000	0000000000000000	0000000000000000	0000000000000000
  146	0000000000000000	0000000000000000	0000000000000000	0000000000000000	0000000000000000
  147	0000000000000000	0000000000000000	0000000000000000	0000000000000000	0000000000000000
  148	0000000000000000	0000000000000000	0000000000000000	0000000000000000	0000000000000000
  149	0000000000000000	0000000000000000	0000000000000000	0000000000000000	0000000000000000
  150	0000000000000000	0000000000000000	0000000000000000	0000000000000000	0000000000000000
  151	0000000000000000	0000000000000000	0000000000000000	0000000000000000	0000000000000000
  152	0000000000000000	0000000000000000	0000000000000000	0000000000000000	0000000000000000
  153	0000000000000000	0000000000000000	0000000000000000	0000000000000000	0000000000000000
  154	0000000000000000	0000000000000000	0000000000000000	0000000000000000	0000000000000000
  155	0000000000000000	0000000000000000	0000000000000000	0000000000000000	0000000000000000
  156	0000000000000000	0000000000000000	0000000000000000	0000000000000000	0000000000000000
  157	0000000000000000	0000000000000000	0000000000000000	0000000000000000	0000000000000000
  158	0000000000000000	0000000000000000	0000000000000000	0000000000000000	0000000000000000
  159	0000000000000000	0000000000000000	0000000000000000	0000000000000000	0000000000000000
  160	0000000000000000	0000000000000000	0000000000000000	0000000000000000	0000000000000000
  161	0000000000000000	0000000000000000	0000000000000000	0000000000000000	0000000000000000
  162	0000000000000000	0000000000000000	0000000000000000	0000000000000000	0000000000000000
  163	0000000000000000	0000000000000000	0000000000000000	0000000000000000	0000000000000000
  164	0000000000000000	0000000000000000	0000000000000000	0000000000000000	0000000000000000
  165	0000000000000000	0000000000000000	0000000000000000	0000000000000000	0000000000000000
  166	0000000000000000	0000000000000000	0000000000000000	0000000000000000	0000000000000000
  167	0000000000000000	0000000000000000	0000000000000000	0000000000000000	0000000000000000
  168	0000000000000000	0000000000000000	0000000000000000	0000000000000000	0000000000000000
  169	0000000000000000	0000000000000000	0000000000000000	0000000000000000	0000000000000000
  170	0000000000000000	0000000000000000	0000000000000000	0000000000000000	0000000000000000
  171	0000000000000000	0000000000000000	0000000000000000	0000000000000000	0000000000000000
  172	0000000000000000	0000000000000000	0000000000000000	0000000000000000	0000000000000000
  173	0000000000000000	0000000000000000	0000000000000000	0000000000000000	0000000000000000
  174	0000000000000000	0000000000000000	0000000000000000	0000000000000000	0000000000000000
  175	0000000000000000	0000000000000000	0000000000000000	0000000000000000	0000000000000000
  176	0000000000000000	0000000000000000	0000000000000000	0000000000000000	0000000000000000
  177	0000000000000000	0000000000000000	0000000000000000	0000000000000000	0000000000000000
  178	0000000000000000	0000000000000000	0000000000000000	0000000000000000	0000000000000000
  179	0000000000000000	0000000000000000	0000000000000000	0000000000000000	0000000000000000
  180	0000000000000000	0000000000000000	0000000000000000	0000000000000000	0000000000000000
  181	0000000000000000	0000000000000000	0000000000000000	0000000000000000	0000000000000000
  182	0000000000000000	0000000000000000	0000000000000000	0000000000000000	0000000000000000
  183	0000000000000000	0000000000000000	0000000000000000	0000000000000000	0000000000000000
  184	0000000000000000	0000000000000000	0000000000000000	0000000000000000	0000000000000000
  185	0000000000000000	0000000000000000	0000000000000000	0000000000000000	0000000000000000
  186	0000000000000000	0000000000000000	0000000000000000	0000000000000000	0000000000000000
  187	0000000000000000	0000000000000000	0000000000000000	0000000000000000	0000000000000000
  188	0000000000000000	0000000000000000	0000000000000000	0000000000000000	0000000000000000
  189	0000000000000000	0000000000000000	0000000000000000	0000000000000000	0000000000000000
  190	0000000000000000	0000000000000000	0000000000000000	0000000000000000	0000000000000000
  191	0000000000000000	0000000000000000	0000000000000000	0000000000000000	0000000000000000
  192	0000000000000000	0000000000000000	0000000000000000	0000000000000000	0000000000000000
  193	0000000000000000	0000000000000000	0000000000000000	0000000000000000	0000000000000000
  194	0000000000000000	0000000000000000	0000000000000000	0000000000000000	0000000000000000
  195	0000000000000000	0000000000000000	0000000000000000	0000000000000000	0000000000000000
  196	0000000000000000	0000000000000000	0000000000000000	0000000000000000	0000000000000000
  197	0000000000000000	0000000000000000	0000000000000000	0000000000000000	0000000000000000
  198	0000000000000000	0000000000000000	0000000000000000	0000000000000000	0000000000000000
  199	0000000000000000	0000000000000000	0000000000000000	0000000000000000	0000000000000000
  200	0000000000000000	0000000000000000	0000000000000000	0000000000000000	0000000000000000
  201	0000000000000000	0000000000000000	0000000000000000	0000000000000000	0000000000000000
  202	0000000000000000	0000000000000000	0000000000000000	0000000000000000	0000000000000000
  203	0000000000000000	0000000000000000	0000000000000000	0000000000000000	0000000000000000
  204	0000000000000000	0000000000000000	0000000000000000	0000000000000000	0000000000000000
  205	0000000000000000	0000000000000000	0000000000000000	0000000000000000	0000000000000000
  206	0000000000000000	0000000000000000	0000000000000000	0000000000000000	0000000000000000
  207	0000000000000000	0000000000000000	0000000000000000	0000000000000000	0000000000000000
  208	0000000000000000	0000000000000000	0000000000000000	0000000000000000	0000000000000000
  209	0000000000000000	0000000000000000	0000000000000000	0000000000000000	0000000000000000
  210	0000000000000000	0000000000000000	0000000000000000	0000000000000000	0000000000000000
  211	0000000000000000	0000000000000000	0000000000000000	0000000000000000	0000000000000000
  212	0000000000000000	0000000000000000	0000000000000000	0000000000000000	0000000000000000
  213	0000000000000000	0000000000000000	0000000000000000	0000000000000000	0000000000000000
  214	0000000000000000	0000000000000000	0000000000000000	0000000000000000	0000000000000000
  215	0000000000000000	0000000000000000	0000000000000000	0000000000000000	0000000000000000
  216	0000000000000000	0000000000000000	0000000000000000	0000000000000000	0000000000000000
  217	0000000000000000	0000000000000000	0000000000000000	0000000000000000	0000000000000000
  218	0000000000000000	0000000000000000	0000000000000000	0000000000000000	0000000000000000
  219	0000000000000000	0000000000000000	0000000000000000	0000000000000000	0000000000000000
  220	0000000000000000	0000000000000000	0000000000000000	0000000000000000	0000000000000000
  221	0000000000000000	0000000000000000	0000000000000000	0000000000000000	0000000000000000
  222	0000000000000000	0000000000000000	0000000000000000	0000000000000000	0000000000000000
  223	0000000000000000	0000000000000000	0000000000000000	0000000000000000	0000000000000000
  224	0000000000000000	0000000000000000	0000000000000000	0000000000000000	0000000000000000
  225	0000000000000000	0000000000000000	0000000000000000	0000000000000000	0000000000000000
  226	0000000000000000	0000000000000000	0000000000000000	0000000000000000	0000000000000000
  227	0000000000000000	0000000000000000	0000000000000000	0000000000000000	0000000000000000
  228	0000000000000000	0000000000000000	0000000000000000	0000000000000000	0000000000000000
  229	0000000000000000	0000000000000000	0000000000000000	0000000000000000	0000000000000000
  230	0000000000000000	0000000000000000	0000000000000000	0000000000000000	0000000000000000
  231	0000000000000000	0000000000000000	0000000000000000	0000000000000000	0000000000000000
  232	0000000000000000	0000000000000000	0000000000000000	0000000000000000	0000000000000000
  233	0000000000000000	0000000000000000	0000000000000000	0000000000000000	0000000000000000
  234	0000000000000000	0000000000000000	0000000000000000	0000000000000000	0000000000000000
  235	0000000000000000	0000000000000000	0000000000000000	0000000000000000	0000000000000000
  236	0000000000000000	0000000000000000	0000000000000000	0000000000000000	0000000000000000
  237	0000000000000000	0000000000000000	0000000000000000	0000000000000000	0000000000000000
  238	0000000000000000	0000000000000000	0000000000000000	0000000000000000	0000000000000000
  239	0000000000000000	0000000000000000	0000000000000000	0000000000000000	0000000000000000
  240	0000000000000000	0000000000000000	0000000000000000	0000000000000000	0000000000000000
  241	0000000000000000	0000000000000000	0000000000000000	0000000000000000	0000000000000000
  242	0000000000000000	0000000000000000	0000000000000000	0000000000000000	0000000000000000
  243	0000000000000000	0000000000000000	0000000000000000	0000000000000000	0000000000000000
  244	0000000000000000	0000000000000000	0000000000000000	0000000000000000	0000000000000000
  245	0000000000000000	0000000000000000	0000000000000000	0000000000000000	0000000000000000
  246	0000000000000000	0000000000000000	0000000000000000	0000000000000000	0000000000000000
  247	0000000000000000	0000000000000000	0000000000000000	0000000000000000	0000000000000000
  248	0000000000000000	0000000000000000	0000000000000000	0000000000000000	0000000000000000
  249	0000000000000000	0000000000000000	0000000000000000	0000000000000000	0000000000000000
  250	0000000000000000	0000000000000000	0000000000000000	0000000000000000	0000000000000000
  251	0000000000000000	0000000000000000	0000000000000000	0000000000000000	0000000000000000
  252	0000000000000000	0000000000000000	0000000000000000	0000000000000000	0000000000000000
  253	0000000000000000	0000000000000000	0000000000000000	0000000000000000	0000000000000000
  254	0000000000000000	0000000000000000	0000000000000000	0000000000000000	0000000000000000
  255	0000000000000000	0000000000000000	0000000000000000	0000000000000000	0000000000000000

Invalidation queue on IOMMU: dmar1
 Base: 0x2080054000	Head: 22	Tail: 22
Index		qw0			qw1			qw2			qw3			status
    0	0000000000000004	0000000000000000	0000000000000000	0000000000000000	0000000000000000
    1	0000000200000025	000000108006b004	0000000000000000	0000000000000000	0000000000000000
    2	0000000000000011	0000000000000000	0000000000000000	0000000000000000	0000000000000000
    3	0000000200000025	000000108006b00c	0000000000000000	0000000000000000	0000000000000000
    4	00000000000000d2	0000000000000000	0000000000000000	0000000000000000	0000000000000000
    5	0000000200000025	000000108006b014	0000000000000000	0000000000000000	0000000000000000
    6	0000000000000014	0000000000000000	0000000000000000	0000000000000000	0000000000000000
    7	0000000200000025	000000108006b01c	0000000000000000	0000000000000000	0000000000000000
    8	0000000000000014	0000000000000000	0000000000000000	0000000000000000	0000000000000000
    9	0000000200000025	000000108006b024	0000000000000000	0000000000000000	0000000000000000
   10	0000000000000014	0000000000000000	0000000000000000	0000000000000000	0000000000000000
   11	0000000200000025	000000108006b02c	0000000000000000	0000000000000000	0000000000000000
   12	0000000100000014	0000000000000000	0000000000000000	0000000000000000	0000000000000000
   13	0000000200000025	000000108006b034	0000000000000000	0000000000000000	0000000000000000
   14	0000000100000014	0000000000000000	0000000000000000	0000000000000000	0000000000000000
   15	0000000200000025	000000108006b03c	0000000000000000	0000000000000000	0000000000000000
   16	0000000100000014	0000000000000000	0000000000000000	0000000000000000	0000000000000000
   17	0000000200000025	000000108006b044	0000000000000000	0000000000000000	0000000000000000
   18	0000000100000014	0000000000000000	0000000000000000	0000000000000000	0000000000000000
   19	0000000200000025	000000108006b04c	0000000000000000	0000000000000000	0000000000000000
   20	0000000100000014	0000000000000000	0000000000000000	0000000000000000	0000000000000000
   21	0000000200000025	000000108006b054	0000000000000000	0000000000000000	0000000000000000
   22	0000000000000000	0000000000000000	0000000000000000	0000000000000000	0000000000000000
   23	0000000000000000	0000000000000000	0000000000000000	0000000000000000	0000000000000000
   24	0000000000000000	0000000000000000	0000000000000000	0000000000000000	0000000000000000
   25	0000000000000000	0000000000000000	0000000000000000	0000000000000000	0000000000000000
   26	0000000000000000	0000000000000000	0000000000000000	0000000000000000	0000000000000000
   27	0000000000000000	0000000000000000	0000000000000000	0000000000000000	0000000000000000
   28	0000000000000000	0000000000000000	0000000000000000	0000000000000000	0000000000000000
   29	0000000000000000	0000000000000000	0000000000000000	0000000000000000	0000000000000000
   30	0000000000000000	0000000000000000	0000000000000000	0000000000000000	0000000000000000
   31	0000000000000000	0000000000000000	0000000000000000	0000000000000000	0000000000000000
   32	0000000000000000	0000000000000000	0000000000000000	0000000000000000	0000000000000000
   33	0000000000000000	0000000000000000	0000000000000000	0000000000000000	0000000000000000
   34	0000000000000000	0000000000000000	0000000000000000	0000000000000000	0000000000000000
   35	0000000000000000	0000000000000000	0000000000000000	0000000000000000	0000000000000000
   36	0000000000000000	0000000000000000	0000000000000000	0000000000000000	0000000000000000
   37	0000000000000000	0000000000000000	0000000000000000	0000000000000000	0000000000000000
   38	0000000000000000	0000000000000000	0000000000000000	0000000000000000	0000000000000000
   39	0000000000000000	0000000000000000	0000000000000000	0000000000000000	0000000000000000
   40	0000000000000000	0000000000000000	0000000000000000	0000000000000000	0000000000000000
   41	0000000000000000	0000000000000000	0000000000000000	0000000000000000	0000000000000000
   42	0000000000000000	0000000000000000	0000000000000000	0000000000000000	0000000000000000
   43	0000000000000000	0000000000000000	0000000000000000	0000000000000000	0000000000000000
   44	0000000000000000	0000000000000000	0000000000000000	0000000000000000	0000000000000000
   45	0000000000000000	0000000000000000	0000000000000000	0000000000000000	0000000000000000
   46	0000000000000000	0000000000000000	0000000000000000	0000000000000000	0000000000000000
   47	0000000000000000	0000000000000000	0000000000000000	0000000000000000	0000000000000000
   48	0000000000000000	0000000000000000	0000000000000000	0000000000000000	0000000000000000
   49	0000000000000000	0000000000000000	0000000000000000	0000000000000000	0000000000000000
   50	0000000000000000	0000000000000000	0000000000000000	0000000000000000	0000000000000000
   51	0000000000000000	0000000000000000	0000000000000000	0000000000000000	0000000000000000
   52	0000000000000000	0000000000000000	0000000000000000	0000000000000000	0000000000000000
   53	0000000000000000	0000000000000000	0000000000000000	0000000000000000	0000000000000000
   54	0000000000000000	0000000000000000	0000000000000000	0000000000000000	0000000000000000
   55	0000000000000000	0000000000000000	0000000000000000	0000000000000000	0000000000000000
   56	0000000000000000	0000000000000000	0000000000000000	0000000000000000	0000000000000000
   57	0000000000000000	0000000000000000	0000000000000000	0000000000000000	0000000000000000
   58	0000000000000000	0000000000000000	0000000000000000	0000000000000000	0000000000000000
   59	0000000000000000	0000000000000000	0000000000000000	0000000000000000	0000000000000000
   60	0000000000000000	0000000000000000	0000000000000000	0000000000000000	0000000000000000
   61	0000000000000000	0000000000000000	0000000000000000	0000000000000000	0000000000000000
   62	0000000000000000	0000000000000000	0000000000000000	0000000000000000	0000000000000000
   63	0000000000000000	0000000000000000	0000000000000000	0000000000000000	0000000000000000
   64	0000000000000000	0000000000000000	0000000000000000	0000000000000000	0000000000000000
   65	0000000000000000	0000000000000000	0000000000000000	0000000000000000	0000000000000000
   66	0000000000000000	0000000000000000	0000000000000000	0000000000000000	0000000000000000
   67	0000000000000000	0000000000000000	0000000000000000	0000000000000000	0000000000000000
   68	0000000000000000	0000000000000000	0000000000000000	0000000000000000	0000000000000000
   69	0000000000000000	0000000000000000	0000000000000000	0000000000000000	0000000000000000
   70	0000000000000000	0000000000000000	0000000000000000	0000000000000000	0000000000000000
   71	0000000000000000	0000000000000000	0000000000000000	0000000000000000	0000000000000000
   72	0000000000000000	0000000000000000	0000000000000000	0000000000000000	0000000000000000
   73	0000000000000000	0000000000000000	0000000000000000	0000000000000000	0000000000000000
   74	0000000000000000	0000000000000000	0000000000000000	0000000000000000	0000000000000000
   75	0000000000000000	0000000000000000	0000000000000000	0000000000000000	0000000000000000
   76	0000000000000000	0000000000000000	0000000000000000	0000000000000000	0000000000000000
   77	0000000000000000	0000000000000000	0000000000000000	0000000000000000	0000000000000000
   78	0000000000000000	0000000000000000	0000000000000000	0000000000000000	0000000000000000
   79	0000000000000000	0000000000000000	0000000000000000	0000000000000000	0000000000000000
   80	0000000000000000	0000000000000000	0000000000000000	0000000000000000	0000000000000000
   81	0000000000000000	0000000000000000	0000000000000000	0000000000000000	0000000000000000
   82	0000000000000000	0000000000000000	0000000000000000	0000000000000000	0000000000000000
   83	0000000000000000	0000000000000000	0000000000000000	0000000000000000	0000000000000000
   84	0000000000000000	0000000000000000	0000000000000000	0000000000000000	0000000000000000
   85	0000000000000000	0000000000000000	0000000000000000	0000000000000000	0000000000000000
   86	0000000000000000	0000000000000000	0000000000000000	0000000000000000	0000000000000000
   87	0000000000000000	0000000000000000	0000000000000000	0000000000000000	0000000000000000
   88	0000000000000000	0000000000000000	0000000000000000	0000000000000000	0000000000000000
   89	0000000000000000	0000000000000000	0000000000000000	0000000000000000	0000000000000000
   90	0000000000000000	0000000000000000	0000000000000000	0000000000000000	0000000000000000
   91	0000000000000000	0000000000000000	0000000000000000	0000000000000000	0000000000000000
   92	0000000000000000	0000000000000000	0000000000000000	0000000000000000	0000000000000000
   93	0000000000000000	0000000000000000	0000000000000000	0000000000000000	0000000000000000
   94	0000000000000000	0000000000000000	0000000000000000	0000000000000000	0000000000000000
   95	0000000000000000	0000000000000000	0000000000000000	0000000000000000	0000000000000000
   96	0000000000000000	0000000000000000	0000000000000000	0000000000000000	0000000000000000
   97	0000000000000000	0000000000000000	0000000000000000	0000000000000000	0000000000000000
   98	0000000000000000	0000000000000000	0000000000000000	0000000000000000	0000000000000000
   99	0000000000000000	0000000000000000	0000000000000000	0000000000000000	0000000000000000
  100	0000000000000000	0000000000000000	0000000000000000	0000000000000000	0000000000000000
  101	0000000000000000	0000000000000000	0000000000000000	0000000000000000	0000000000000000
  102	0000000000000000	0000000000000000	0000000000000000	0000000000000000	0000000000000000
  103	0000000000000000	0000000000000000	0000000000000000	0000000000000000	0000000000000000
  104	0000000000000000	0000000000000000	0000000000000000	0000000000000000	0000000000000000
  105	0000000000000000	0000000000000000	0000000000000000	0000000000000000	0000000000000000
  106	0000000000000000	0000000000000000	0000000000000000	0000000000000000	0000000000000000
  107	0000000000000000	0000000000000000	0000000000000000	0000000000000000	0000000000000000
  108	0000000000000000	0000000000000000	0000000000000000	0000000000000000	0000000000000000
  109	0000000000000000	0000000000000000	0000000000000000	0000000000000000	0000000000000000
  110	0000000000000000	0000000000000000	0000000000000000	0000000000000000	0000000000000000
  111	0000000000000000	0000000000000000	0000000000000000	0000000000000000	0000000000000000
  112	0000000000000000	0000000000000000	0000000000000000	0000000000000000	0000000000000000
  113	0000000000000000	0000000000000000	0000000000000000	0000000000000000	0000000000000000
  114	0000000000000000	0000000000000000	0000000000000000	0000000000000000	0000000000000000
  115	0000000000000000	0000000000000000	0000000000000000	0000000000000000	0000000000000000
  116	0000000000000000	0000000000000000	0000000000000000	0000000000000000	0000000000000000
  117	0000000000000000	0000000000000000	0000000000000000	0000000000000000	0000000000000000
  118	0000000000000000	0000000000000000	0000000000000000	0000000000000000	0000000000000000
  119	0000000000000000	0000000000000000	0000000000000000	0000000000000000	0000000000000000
  120	0000000000000000	0000000000000000	0000000000000000	0000000000000000	0000000000000000
  121	0000000000000000	0000000000000000	0000000000000000	0000000000000000	0000000000000000
  122	0000000000000000	0000000000000000	0000000000000000	0000000000000000	0000000000000000
  123	0000000000000000	0000000000000000	0000000000000000	0000000000000000	0000000000000000
  124	0000000000000000	0000000000000000	0000000000000000	0000000000000000	0000000000000000
  125	0000000000000000	0000000000000000	0000000000000000	0000000000000000	0000000000000000
  126	0000000000000000	0000000000000000	0000000000000000	0000000000000000	0000000000000000
  127	0000000000000000	0000000000000000	0000000000000000	0000000000000000	0000000000000000
  128	0000000000000000	0000000000000000	0000000000000000	0000000000000000	0000000000000000
  129	0000000000000000	0000000000000000	0000000000000000	0000000000000000	0000000000000000
  130	0000000000000000	0000000000000000	0000000000000000	0000000000000000	0000000000000000
  131	0000000000000000	0000000000000000	0000000000000000	0000000000000000	0000000000000000
  132	0000000000000000	0000000000000000	0000000000000000	0000000000000000	0000000000000000
  133	0000000000000000	0000000000000000	0000000000000000	0000000000000000	0000000000000000
  134	0000000000000000	0000000000000000	0000000000000000	0000000000000000	0000000000000000
  135	0000000000000000	0000000000000000	0000000000000000	0000000000000000	0000000000000000
  136	0000000000000000	0000000000000000	0000000000000000	0000000000000000	0000000000000000
  137	0000000000000000	0000000000000000	0000000000000000	0000000000000000	0000000000000000
  138	0000000000000000	0000000000000000	0000000000000000	0000000000000000	0000000000000000
  139	0000000000000000	0000000000000000	0000000000000000	0000000000000000	0000000000000000
  140	0000000000000000	0000000000000000	0000000000000000	0000000000000000	0000000000000000
  141	0000000000000000	0000000000000000	0000000000000000	0000000000000000	0000000000000000
  142	0000000000000000	0000000000000000	0000000000000000	0000000000000000	0000000000000000
  143	0000000000000000	0000000000000000	0000000000000000	0000000000000000	0000000000000000
  144	0000000000000000	0000000000000000	0000000000000000	0000000000000000	0000000000000000
  145	0000000000000000	0000000000000000	0000000000000000	0000000000000000	0000000000000000
  146	0000000000000000	0000000000000000	0000000000000000	0000000000000000	0000000000000000
  147	0000000000000000	0000000000000000	0000000000000000	0000000000000000	0000000000000000
  148	0000000000000000	0000000000000000	0000000000000000	0000000000000000	0000000000000000
  149	0000000000000000	0000000000000000	0000000000000000	0000000000000000	0000000000000000
  150	0000000000000000	0000000000000000	0000000000000000	0000000000000000	0000000000000000
  151	0000000000000000	0000000000000000	0000000000000000	0000000000000000	0000000000000000
  152	0000000000000000	0000000000000000	0000000000000000	0000000000000000	0000000000000000
  153	0000000000000000	0000000000000000	0000000000000000	0000000000000000	0000000000000000
  154	0000000000000000	0000000000000000	0000000000000000	0000000000000000	0000000000000000
  155	0000000000000000	0000000000000000	0000000000000000	0000000000000000	0000000000000000
  156	0000000000000000	0000000000000000	0000000000000000	0000000000000000	0000000000000000
  157	0000000000000000	0000000000000000	0000000000000000	0000000000000000	0000000000000000
  158	0000000000000000	0000000000000000	0000000000000000	0000000000000000	0000000000000000
  159	0000000000000000	0000000000000000	0000000000000000	0000000000000000	0000000000000000
  160	0000000000000000	0000000000000000	0000000000000000	0000000000000000	0000000000000000
  161	0000000000000000	0000000000000000	0000000000000000	0000000000000000	0000000000000000
  162	0000000000000000	0000000000000000	0000000000000000	0000000000000000	0000000000000000
  163	0000000000000000	0000000000000000	0000000000000000	0000000000000000	0000000000000000
  164	0000000000000000	0000000000000000	0000000000000000	0000000000000000	0000000000000000
  165	0000000000000000	0000000000000000	0000000000000000	0000000000000000	0000000000000000
  166	0000000000000000	0000000000000000	0000000000000000	0000000000000000	0000000000000000
  167	0000000000000000	0000000000000000	0000000000000000	0000000000000000	0000000000000000
  168	0000000000000000	0000000000000000	0000000000000000	0000000000000000	0000000000000000
  169	0000000000000000	0000000000000000	0000000000000000	0000000000000000	0000000000000000
  170	0000000000000000	0000000000000000	0000000000000000	0000000000000000	0000000000000000
  171	0000000000000000	0000000000000000	0000000000000000	0000000000000000	0000000000000000
  172	0000000000000000	0000000000000000	0000000000000000	0000000000000000	0000000000000000
  173	0000000000000000	0000000000000000	0000000000000000	0000000000000000	0000000000000000
  174	0000000000000000	0000000000000000	0000000000000000	0000000000000000	0000000000000000
  175	0000000000000000	0000000000000000	0000000000000000	0000000000000000	0000000000000000
  176	0000000000000000	0000000000000000	0000000000000000	0000000000000000	0000000000000000
  177	0000000000000000	0000000000000000	0000000000000000	0000000000000000	0000000000000000
  178	0000000000000000	0000000000000000	0000000000000000	0000000000000000	0000000000000000
  179	0000000000000000	0000000000000000	0000000000000000	0000000000000000	0000000000000000
  180	0000000000000000	0000000000000000	0000000000000000	0000000000000000	0000000000000000
  181	0000000000000000	0000000000000000	0000000000000000	0000000000000000	0000000000000000
  182	0000000000000000	0000000000000000	0000000000000000	0000000000000000	0000000000000000
  183	0000000000000000	0000000000000000	0000000000000000	0000000000000000	0000000000000000
  184	0000000000000000	0000000000000000	0000000000000000	0000000000000000	0000000000000000
  185	0000000000000000	0000000000000000	0000000000000000	0000000000000000	0000000000000000
  186	0000000000000000	0000000000000000	0000000000000000	0000000000000000	0000000000000000
  187	0000000000000000	0000000000000000	0000000000000000	0000000000000000	0000000000000000
  188	0000000000000000	0000000000000000	0000000000000000	0000000000000000	0000000000000000
  189	0000000000000000	0000000000000000	0000000000000000	0000000000000000	0000000000000000
  190	0000000000000000	0000000000000000	0000000000000000	0000000000000000	0000000000000000
  191	0000000000000000	0000000000000000	0000000000000000	0000000000000000	0000000000000000
  192	0000000000000000	0000000000000000	0000000000000000	0000000000000000	0000000000000000
  193	0000000000000000	0000000000000000	0000000000000000	0000000000000000	0000000000000000
  194	0000000000000000	0000000000000000	0000000000000000	0000000000000000	0000000000000000
  195	0000000000000000	0000000000000000	0000000000000000	0000000000000000	0000000000000000
  196	0000000000000000	0000000000000000	0000000000000000	0000000000000000	0000000000000000
  197	0000000000000000	0000000000000000	0000000000000000	0000000000000000	0000000000000000
  198	0000000000000000	0000000000000000	0000000000000000	0000000000000000	0000000000000000
  199	0000000000000000	0000000000000000	0000000000000000	0000000000000000	0000000000000000
  200	0000000000000000	0000000000000000	0000000000000000	0000000000000000	0000000000000000
  201	0000000000000000	0000000000000000	0000000000000000	0000000000000000	0000000000000000
  202	0000000000000000	0000000000000000	0000000000000000	0000000000000000	0000000000000000
  203	0000000000000000	0000000000000000	0000000000000000	0000000000000000	0000000000000000
  204	0000000000000000	0000000000000000	0000000000000000	0000000000000000	0000000000000000
  205	0000000000000000	0000000000000000	0000000000000000	0000000000000000	0000000000000000
  206	0000000000000000	0000000000000000	0000000000000000	0000000000000000	0000000000000000
  207	0000000000000000	0000000000000000	0000000000000000	0000000000000000	0000000000000000
  208	0000000000000000	0000000000000000	0000000000000000	0000000000000000	0000000000000000
  209	0000000000000000	0000000000000000	0000000000000000	0000000000000000	0000000000000000
  210	0000000000000000	0000000000000000	0000000000000000	0000000000000000	0000000000000000
  211	0000000000000000	0000000000000000	0000000000000000	0000000000000000	0000000000000000
  212	0000000000000000	0000000000000000	0000000000000000	0000000000000000	0000000000000000
  213	0000000000000000	0000000000000000	0000000000000000	0000000000000000	0000000000000000
  214	0000000000000000	0000000000000000	0000000000000000	0000000000000000	0000000000000000
  215	0000000000000000	0000000000000000	0000000000000000	0000000000000000	0000000000000000
  216	0000000000000000	0000000000000000	0000000000000000	0000000000000000	0000000000000000
  217	0000000000000000	0000000000000000	0000000000000000	0000000000000000	0000000000000000
  218	0000000000000000	0000000000000000	0000000000000000	0000000000000000	0000000000000000
  219	0000000000000000	0000000000000000	0000000000000000	0000000000000000	0000000000000000
  220	0000000000000000	0000000000000000	0000000000000000	0000000000000000	0000000000000000
  221	0000000000000000	0000000000000000	0000000000000000	0000000000000000	0000000000000000
  222	0000000000000000	0000000000000000	0000000000000000	0000000000000000	0000000000000000
  223	0000000000000000	0000000000000000	0000000000000000	0000000000000000	0000000000000000
  224	0000000000000000	0000000000000000	0000000000000000	0000000000000000	0000000000000000
  225	0000000000000000	0000000000000000	0000000000000000	0000000000000000	0000000000000000
  226	0000000000000000	0000000000000000	0000000000000000	0000000000000000	0000000000000000
  227	0000000000000000	0000000000000000	0000000000000000	0000000000000000	0000000000000000
  228	0000000000000000	0000000000000000	0000000000000000	0000000000000000	0000000000000000
  229	0000000000000000	0000000000000000	0000000000000000	0000000000000000	0000000000000000
  230	0000000000000000	0000000000000000	0000000000000000	0000000000000000	0000000000000000
  231	0000000000000000	0000000000000000	0000000000000000	0000000000000000	0000000000000000
  232	0000000000000000	0000000000000000	0000000000000000	0000000000000000	0000000000000000
  233	0000000000000000	0000000000000000	0000000000000000	0000000000000000	0000000000000000
  234	0000000000000000	0000000000000000	0000000000000000	0000000000000000	0000000000000000
  235	0000000000000000	0000000000000000	0000000000000000	0000000000000000	0000000000000000
  236	0000000000000000	0000000000000000	0000000000000000	0000000000000000	0000000000000000
  237	0000000000000000	0000000000000000	0000000000000000	0000000000000000	0000000000000000
  238	0000000000000000	0000000000000000	0000000000000000	0000000000000000	0000000000000000
  239	0000000000000000	0000000000000000	0000000000000000	0000000000000000	0000000000000000
  240	0000000000000000	0000000000000000	0000000000000000	0000000000000000	0000000000000000
  241	0000000000000000	0000000000000000	0000000000000000	0000000000000000	0000000000000000
  242	0000000000000000	0000000000000000	0000000000000000	0000000000000000	0000000000000000
  243	0000000000000000	0000000000000000	0000000000000000	0000000000000000	0000000000000000
  244	0000000000000000	0000000000000000	0000000000000000	0000000000000000	0000000000000000
  245	0000000000000000	0000000000000000	0000000000000000	0000000000000000	0000000000000000
  246	0000000000000000	0000000000000000	0000000000000000	0000000000000000	0000000000000000
  247	0000000000000000	0000000000000000	0000000000000000	0000000000000000	0000000000000000
  248	0000000000000000	0000000000000000	0000000000000000	0000000000000000	0000000000000000
  249	0000000000000000	0000000000000000	0000000000000000	0000000000000000	0000000000000000
  250	0000000000000000	0000000000000000	0000000000000000	0000000000000000	0000000000000000
  251	0000000000000000	0000000000000000	0000000000000000	0000000000000000	0000000000000000
  252	0000000000000000	0000000000000000	0000000000000000	0000000000000000	0000000000000000
  253	0000000000000000	0000000000000000	0000000000000000	0000000000000000	0000000000000000
  254	0000000000000000	0000000000000000	0000000000000000	0000000000000000	0000000000000000
  255	0000000000000000	0000000000000000	0000000000000000	0000000000000000	0000000000000000

Invalidation queue on IOMMU: dmar0
 Base: 0x2080056000	Head: 72	Tail: 72
Index		qw0			qw1			qw2			qw3			status
    0	0000007d00000014	0000000000000000	0000000000000000	0000000000000000	0000000000000000
    1	0000000200000025	0000001080069c04	0000000000000000	0000000000000000	0000000000000000
    2	0000007d00000014	0000000000000000	0000000000000000	0000000000000000	0000000000000000
    3	0000000200000025	0000001080069c0c	0000000000000000	0000000000000000	0000000000000000
    4	0000007e00000014	0000000000000000	0000000000000000	0000000000000000	0000000000000000
    5	0000000200000025	0000001080069c14	0000000000000000	0000000000000000	0000000000000000
    6	0000007e00000014	0000000000000000	0000000000000000	0000000000000000	0000000000000000
    7	0000000200000025	0000001080069c1c	0000000000000000	0000000000000000	0000000000000000
    8	0000007f00000014	0000000000000000	0000000000000000	0000000000000000	0000000000000000
    9	0000000200000025	0000001080069c24	0000000000000000	0000000000000000	0000000000000000
   10	0000007f00000014	0000000000000000	0000000000000000	0000000000000000	0000000000000000
   11	0000000200000025	0000001080069c2c	0000000000000000	0000000000000000	0000000000000000
   12	0000008000000014	0000000000000000	0000000000000000	0000000000000000	0000000000000000
   13	0000000200000025	0000001080069c34	0000000000000000	0000000000000000	0000000000000000
   14	0000008000000014	0000000000000000	0000000000000000	0000000000000000	0000000000000000
   15	0000000200000025	0000001080069c3c	0000000000000000	0000000000000000	0000000000000000
   16	0000008100000014	0000000000000000	0000000000000000	0000000000000000	0000000000000000
   17	0000000200000025	0000001080069c44	0000000000000000	0000000000000000	0000000000000000
   18	0000008100000014	0000000000000000	0000000000000000	0000000000000000	0000000000000000
   19	0000000200000025	0000001080069c4c	0000000000000000	0000000000000000	0000000000000000
   20	0000008200000014	0000000000000000	0000000000000000	0000000000000000	0000000000000000
   21	0000000200000025	0000001080069c54	0000000000000000	0000000000000000	0000000000000000
   22	0000008200000014	0000000000000000	0000000000000000	0000000000000000	0000000000000000
   23	0000000200000025	0000001080069c5c	0000000000000000	0000000000000000	0000000000000000
   24	0000000300000014	0000000000000000	0000000000000000	0000000000000000	0000000000000000
   25	0000000200000025	0000001080069c64	0000000000000000	0000000000000000	0000000000000000
   26	0000000400000014	0000000000000000	0000000000000000	0000000000000000	0000000000000000
   27	0000000200000025	0000001080069c6c	0000000000000000	0000000000000000	0000000000000000
   28	0000000500000014	0000000000000000	0000000000000000	0000000000000000	0000000000000000
   29	0000000200000025	0000001080069c74	0000000000000000	0000000000000000	0000000000000000
   30	0000000600000014	0000000000000000	0000000000000000	0000000000000000	0000000000000000
   31	0000000200000025	0000001080069c7c	0000000000000000	0000000000000000	0000000000000000
   32	0000000700000014	0000000000000000	0000000000000000	0000000000000000	0000000000000000
   33	0000000200000025	0000001080069c84	0000000000000000	0000000000000000	0000000000000000
   34	0000000800000014	0000000000000000	0000000000000000	0000000000000000	0000000000000000
   35	0000000200000025	0000001080069c8c	0000000000000000	0000000000000000	0000000000000000
   36	0000000900000014	0000000000000000	0000000000000000	0000000000000000	0000000000000000
   37	0000000200000025	0000001080069c94	0000000000000000	0000000000000000	0000000000000000
   38	0000000a00000014	0000000000000000	0000000000000000	0000000000000000	0000000000000000
   39	0000000200000025	0000001080069c9c	0000000000000000	0000000000000000	0000000000000000
   40	0000008300000014	0000000000000000	0000000000000000	0000000000000000	0000000000000000
   41	0000000200000025	0000001080069ca4	0000000000000000	0000000000000000	0000000000000000
   42	0000008300000014	0000000000000000	0000000000000000	0000000000000000	0000000000000000
   43	0000000200000025	0000001080069cac	0000000000000000	0000000000000000	0000000000000000
   44	0000000200000014	0000000000000000	0000000000000000	0000000000000000	0000000000000000
   45	0000000200000025	0000001080069cb4	0000000000000000	0000000000000000	0000000000000000
   46	0000008300000014	0000000000000000	0000000000000000	0000000000000000	0000000000000000
   47	0000000200000025	0000001080069cbc	0000000000000000	0000000000000000	0000000000000000
   48	0000000100000014	0000000000000000	0000000000000000	0000000000000000	0000000000000000
   49	0000000200000025	0000001080069cc4	0000000000000000	0000000000000000	0000000000000000
   50	0000000900000014	0000000000000000	0000000000000000	0000000000000000	0000000000000000
   51	0000000200000025	0000001080069ccc	0000000000000000	0000000000000000	0000000000000000
   52	0000000700000014	0000000000000000	0000000000000000	0000000000000000	0000000000000000
   53	0000000200000025	0000001080069cd4	0000000000000000	0000000000000000	0000000000000000
   54	0000000500000014	0000000000000000	0000000000000000	0000000000000000	0000000000000000
   55	0000000200000025	0000001080069cdc	0000000000000000	0000000000000000	0000000000000000
   56	0000000300000014	0000000000000000	0000000000000000	0000000000000000	0000000000000000
   57	0000000200000025	0000001080069ce4	0000000000000000	0000000000000000	0000000000000000
   58	0000000a00000014	0000000000000000	0000000000000000	0000000000000000	0000000000000000
   59	0000000200000025	0000001080069cec	0000000000000000	0000000000000000	0000000000000000
   60	0000000800000014	0000000000000000	0000000000000000	0000000000000000	0000000000000000
   61	0000000200000025	0000001080069cf4	0000000000000000	0000000000000000	0000000000000000
   62	0000000600000014	0000000000000000	0000000000000000	0000000000000000	0000000000000000
   63	0000000200000025	0000001080069cfc	0000000000000000	0000000000000000	0000000000000000
   64	0000000400000014	0000000000000000	0000000000000000	0000000000000000	0000000000000000
   65	0000000200000025	0000001080069d04	0000000000000000	0000000000000000	0000000000000000
   66	0000000200000014	0000000000000000	0000000000000000	0000000000000000	0000000000000000
   67	0000000200000025	0000001080069d0c	0000000000000000	0000000000000000	0000000000000000
   68	0000000200000014	0000000000000000	0000000000000000	0000000000000000	0000000000000000
   69	0000000200000025	0000001080069d14	0000000000000000	0000000000000000	0000000000000000
   70	0000000100000014	0000000000000000	0000000000000000	0000000000000000	0000000000000000
   71	0000000200000025	0000001080069d1c	0000000000000000	0000000000000000	0000000000000000
   72	0000004f00000014	0000000000000000	0000000000000000	0000000000000000	0000000000000000
   73	0000000200000025	0000001080069d24	0000000000000000	0000000000000000	0000000000000000
   74	0000004f00000014	0000000000000000	0000000000000000	0000000000000000	0000000000000000
   75	0000000200000025	0000001080069d2c	0000000000000000	0000000000000000	0000000000000000
   76	0000005000000014	0000000000000000	0000000000000000	0000000000000000	0000000000000000
   77	0000000200000025	0000001080069d34	0000000000000000	0000000000000000	0000000000000000
   78	0000005000000014	0000000000000000	0000000000000000	0000000000000000	0000000000000000
   79	0000000200000025	0000001080069d3c	0000000000000000	0000000000000000	0000000000000000
   80	0000005100000014	0000000000000000	0000000000000000	0000000000000000	0000000000000000
   81	0000000200000025	0000001080069d44	0000000000000000	0000000000000000	0000000000000000
   82	0000005100000014	0000000000000000	0000000000000000	0000000000000000	0000000000000000
   83	0000000200000025	0000001080069d4c	0000000000000000	0000000000000000	0000000000000000
   84	0000005200000014	0000000000000000	0000000000000000	0000000000000000	0000000000000000
   85	0000000200000025	0000001080069d54	0000000000000000	0000000000000000	0000000000000000
   86	0000005200000014	0000000000000000	0000000000000000	0000000000000000	0000000000000000
   87	0000000200000025	0000001080069d5c	0000000000000000	0000000000000000	0000000000000000
   88	0000005300000014	0000000000000000	0000000000000000	0000000000000000	0000000000000000
   89	0000000200000025	0000001080069d64	0000000000000000	0000000000000000	0000000000000000
   90	0000005300000014	0000000000000000	0000000000000000	0000000000000000	0000000000000000
   91	0000000200000025	0000001080069d6c	0000000000000000	0000000000000000	0000000000000000
   92	0000005400000014	0000000000000000	0000000000000000	0000000000000000	0000000000000000
   93	0000000200000025	0000001080069d74	0000000000000000	0000000000000000	0000000000000000
   94	0000005400000014	0000000000000000	0000000000000000	0000000000000000	0000000000000000
   95	0000000200000025	0000001080069d7c	0000000000000000	0000000000000000	0000000000000000
   96	0000005500000014	0000000000000000	0000000000000000	0000000000000000	0000000000000000
   97	0000000200000025	0000001080069d84	0000000000000000	0000000000000000	0000000000000000
   98	0000005500000014	0000000000000000	0000000000000000	0000000000000000	0000000000000000
   99	0000000200000025	0000001080069d8c	0000000000000000	0000000000000000	0000000000000000
  100	0000005600000014	0000000000000000	0000000000000000	0000000000000000	0000000000000000
  101	0000000200000025	0000001080069d94	0000000000000000	0000000000000000	0000000000000000
  102	0000005600000014	0000000000000000	0000000000000000	0000000000000000	0000000000000000
  103	0000000200000025	0000001080069d9c	0000000000000000	0000000000000000	0000000000000000
  104	0000005700000014	0000000000000000	0000000000000000	0000000000000000	0000000000000000
  105	0000000200000025	0000001080069da4	0000000000000000	0000000000000000	0000000000000000
  106	0000005700000014	0000000000000000	0000000000000000	0000000000000000	0000000000000000
  107	0000000200000025	0000001080069dac	0000000000000000	0000000000000000	0000000000000000
  108	0000005800000014	0000000000000000	0000000000000000	0000000000000000	0000000000000000
  109	0000000200000025	0000001080069db4	0000000000000000	0000000000000000	0000000000000000
  110	0000005800000014	0000000000000000	0000000000000000	0000000000000000	0000000000000000
  111	0000000200000025	0000001080069dbc	0000000000000000	0000000000000000	0000000000000000
  112	0000005900000014	0000000000000000	0000000000000000	0000000000000000	0000000000000000
  113	0000000200000025	0000001080069dc4	0000000000000000	0000000000000000	0000000000000000
  114	0000005900000014	0000000000000000	0000000000000000	0000000000000000	0000000000000000
  115	0000000200000025	0000001080069dcc	0000000000000000	0000000000000000	0000000000000000
  116	0000005a00000014	0000000000000000	0000000000000000	0000000000000000	0000000000000000
  117	0000000200000025	0000001080069dd4	0000000000000000	0000000000000000	0000000000000000
  118	0000005a00000014	0000000000000000	0000000000000000	0000000000000000	0000000000000000
  119	0000000200000025	0000001080069ddc	0000000000000000	0000000000000000	0000000000000000
  120	0000005b00000014	0000000000000000	0000000000000000	0000000000000000	0000000000000000
  121	0000000200000025	0000001080069de4	0000000000000000	0000000000000000	0000000000000000
  122	0000005b00000014	0000000000000000	0000000000000000	0000000000000000	0000000000000000
  123	0000000200000025	0000001080069dec	0000000000000000	0000000000000000	0000000000000000
  124	0000005c00000014	0000000000000000	0000000000000000	0000000000000000	0000000000000000
  125	0000000200000025	0000001080069df4	0000000000000000	0000000000000000	0000000000000000
  126	0000005c00000014	0000000000000000	0000000000000000	0000000000000000	0000000000000000
  127	0000000200000025	0000001080069dfc	0000000000000000	0000000000000000	0000000000000000
  128	0000005d00000014	0000000000000000	0000000000000000	0000000000000000	0000000000000000
  129	0000000200000025	0000001080069e04	0000000000000000	0000000000000000	0000000000000000
  130	0000005d00000014	0000000000000000	0000000000000000	0000000000000000	0000000000000000
  131	0000000200000025	0000001080069e0c	0000000000000000	0000000000000000	0000000000000000
  132	0000005e00000014	0000000000000000	0000000000000000	0000000000000000	0000000000000000
  133	0000000200000025	0000001080069e14	0000000000000000	0000000000000000	0000000000000000
  134	0000005e00000014	0000000000000000	0000000000000000	0000000000000000	0000000000000000
  135	0000000200000025	0000001080069e1c	0000000000000000	0000000000000000	0000000000000000
  136	0000005f00000014	0000000000000000	0000000000000000	0000000000000000	0000000000000000
  137	0000000200000025	0000001080069e24	0000000000000000	0000000000000000	0000000000000000
  138	0000005f00000014	0000000000000000	0000000000000000	0000000000000000	0000000000000000
  139	0000000200000025	0000001080069e2c	0000000000000000	0000000000000000	0000000000000000
  140	0000006000000014	0000000000000000	0000000000000000	0000000000000000	0000000000000000
  141	0000000200000025	0000001080069e34	0000000000000000	0000000000000000	0000000000000000
  142	0000006000000014	0000000000000000	0000000000000000	0000000000000000	0000000000000000
  143	0000000200000025	0000001080069e3c	0000000000000000	0000000000000000	0000000000000000
  144	0000006100000014	0000000000000000	0000000000000000	0000000000000000	0000000000000000
  145	0000000200000025	0000001080069e44	0000000000000000	0000000000000000	0000000000000000
  146	0000006100000014	0000000000000000	0000000000000000	0000000000000000	0000000000000000
  147	0000000200000025	0000001080069e4c	0000000000000000	0000000000000000	0000000000000000
  148	0000006200000014	0000000000000000	0000000000000000	0000000000000000	0000000000000000
  149	0000000200000025	0000001080069e54	0000000000000000	0000000000000000	0000000000000000
  150	0000006200000014	0000000000000000	0000000000000000	0000000000000000	0000000000000000
  151	0000000200000025	0000001080069e5c	0000000000000000	0000000000000000	0000000000000000
  152	0000006300000014	0000000000000000	0000000000000000	0000000000000000	0000000000000000
  153	0000000200000025	0000001080069e64	0000000000000000	0000000000000000	0000000000000000
  154	0000006300000014	0000000000000000	0000000000000000	0000000000000000	0000000000000000
  155	0000000200000025	0000001080069e6c	0000000000000000	0000000000000000	0000000000000000
  156	0000006400000014	0000000000000000	0000000000000000	0000000000000000	0000000000000000
  157	0000000200000025	0000001080069e74	0000000000000000	0000000000000000	0000000000000000
  158	0000006400000014	0000000000000000	0000000000000000	0000000000000000	0000000000000000
  159	0000000200000025	0000001080069e7c	0000000000000000	0000000000000000	0000000000000000
  160	0000006500000014	0000000000000000	0000000000000000	0000000000000000	0000000000000000
  161	0000000200000025	0000001080069e84	0000000000000000	0000000000000000	0000000000000000
  162	0000006500000014	0000000000000000	0000000000000000	0000000000000000	0000000000000000
  163	0000000200000025	0000001080069e8c	0000000000000000	0000000000000000	0000000000000000
  164	0000006600000014	0000000000000000	0000000000000000	0000000000000000	0000000000000000
  165	0000000200000025	0000001080069e94	0000000000000000	0000000000000000	0000000000000000
  166	0000006600000014	0000000000000000	0000000000000000	0000000000000000	0000000000000000
  167	0000000200000025	0000001080069e9c	0000000000000000	0000000000000000	0000000000000000
  168	0000006700000014	0000000000000000	0000000000000000	0000000000000000	0000000000000000
  169	0000000200000025	0000001080069ea4	0000000000000000	0000000000000000	0000000000000000
  170	0000006700000014	0000000000000000	0000000000000000	0000000000000000	0000000000000000
  171	0000000200000025	0000001080069eac	0000000000000000	0000000000000000	0000000000000000
  172	0000006800000014	0000000000000000	0000000000000000	0000000000000000	0000000000000000
  173	0000000200000025	0000001080069eb4	0000000000000000	0000000000000000	0000000000000000
  174	0000006800000014	0000000000000000	0000000000000000	0000000000000000	0000000000000000
  175	0000000200000025	0000001080069ebc	0000000000000000	0000000000000000	0000000000000000
  176	0000006900000014	0000000000000000	0000000000000000	0000000000000000	0000000000000000
  177	0000000200000025	0000001080069ec4	0000000000000000	0000000000000000	0000000000000000
  178	0000006900000014	0000000000000000	0000000000000000	0000000000000000	0000000000000000
  179	0000000200000025	0000001080069ecc	0000000000000000	0000000000000000	0000000000000000
  180	0000006a00000014	0000000000000000	0000000000000000	0000000000000000	0000000000000000
  181	0000000200000025	0000001080069ed4	0000000000000000	0000000000000000	0000000000000000
  182	0000006a00000014	0000000000000000	0000000000000000	0000000000000000	0000000000000000
  183	0000000200000025	0000001080069edc	0000000000000000	0000000000000000	0000000000000000
  184	0000006b00000014	0000000000000000	0000000000000000	0000000000000000	0000000000000000
  185	0000000200000025	0000001080069ee4	0000000000000000	0000000000000000	0000000000000000
  186	0000006b00000014	0000000000000000	0000000000000000	0000000000000000	0000000000000000
  187	0000000200000025	0000001080069eec	0000000000000000	0000000000000000	0000000000000000
  188	0000006c00000014	0000000000000000	0000000000000000	0000000000000000	0000000000000000
  189	0000000200000025	0000001080069ef4	0000000000000000	0000000000000000	0000000000000000
  190	0000006c00000014	0000000000000000	0000000000000000	0000000000000000	0000000000000000
  191	0000000200000025	0000001080069efc	0000000000000000	0000000000000000	0000000000000000
  192	0000006d00000014	0000000000000000	0000000000000000	0000000000000000	0000000000000000
  193	0000000200000025	0000001080069f04	0000000000000000	0000000000000000	0000000000000000
  194	0000006d00000014	0000000000000000	0000000000000000	0000000000000000	0000000000000000
  195	0000000200000025	0000001080069f0c	0000000000000000	0000000000000000	0000000000000000
  196	0000006e00000014	0000000000000000	0000000000000000	0000000000000000	0000000000000000
  197	0000000200000025	0000001080069f14	0000000000000000	0000000000000000	0000000000000000
  198	0000006e00000014	0000000000000000	0000000000000000	0000000000000000	0000000000000000
  199	0000000200000025	0000001080069f1c	0000000000000000	0000000000000000	0000000000000000
  200	0000006f00000014	0000000000000000	0000000000000000	0000000000000000	0000000000000000
  201	0000000200000025	0000001080069f24	0000000000000000	0000000000000000	0000000000000000
  202	0000006f00000014	0000000000000000	0000000000000000	0000000000000000	0000000000000000
  203	0000000200000025	0000001080069f2c	0000000000000000	0000000000000000	0000000000000000
  204	0000007000000014	0000000000000000	0000000000000000	0000000000000000	0000000000000000
  205	0000000200000025	0000001080069f34	0000000000000000	0000000000000000	0000000000000000
  206	0000007000000014	0000000000000000	0000000000000000	0000000000000000	0000000000000000
  207	0000000200000025	0000001080069f3c	0000000000000000	0000000000000000	0000000000000000
  208	0000007100000014	0000000000000000	0000000000000000	0000000000000000	0000000000000000
  209	0000000200000025	0000001080069f44	0000000000000000	0000000000000000	0000000000000000
  210	0000007100000014	0000000000000000	0000000000000000	0000000000000000	0000000000000000
  211	0000000200000025	0000001080069f4c	0000000000000000	0000000000000000	0000000000000000
  212	0000007200000014	0000000000000000	0000000000000000	0000000000000000	0000000000000000
  213	0000000200000025	0000001080069f54	0000000000000000	0000000000000000	0000000000000000
  214	0000007200000014	0000000000000000	0000000000000000	0000000000000000	0000000000000000
  215	0000000200000025	0000001080069f5c	0000000000000000	0000000000000000	0000000000000000
  216	0000007300000014	0000000000000000	0000000000000000	0000000000000000	0000000000000000
  217	0000000200000025	0000001080069f64	0000000000000000	0000000000000000	0000000000000000
  218	0000007300000014	0000000000000000	0000000000000000	0000000000000000	0000000000000000
  219	0000000200000025	0000001080069f6c	0000000000000000	0000000000000000	0000000000000000
  220	0000007400000014	0000000000000000	0000000000000000	0000000000000000	0000000000000000
  221	0000000200000025	0000001080069f74	0000000000000000	0000000000000000	0000000000000000
  222	0000007400000014	0000000000000000	0000000000000000	0000000000000000	0000000000000000
  223	0000000200000025	0000001080069f7c	0000000000000000	0000000000000000	0000000000000000
  224	0000007500000014	0000000000000000	0000000000000000	0000000000000000	0000000000000000
  225	0000000200000025	0000001080069f84	0000000000000000	0000000000000000	0000000000000000
  226	0000007500000014	0000000000000000	0000000000000000	0000000000000000	0000000000000000
  227	0000000200000025	0000001080069f8c	0000000000000000	0000000000000000	0000000000000000
  228	0000007600000014	0000000000000000	0000000000000000	0000000000000000	0000000000000000
  229	0000000200000025	0000001080069f94	0000000000000000	0000000000000000	0000000000000000
  230	0000007600000014	0000000000000000	0000000000000000	0000000000000000	0000000000000000
  231	0000000200000025	0000001080069f9c	0000000000000000	0000000000000000	0000000000000000
  232	0000007700000014	0000000000000000	0000000000000000	0000000000000000	0000000000000000
  233	0000000200000025	0000001080069fa4	0000000000000000	0000000000000000	0000000000000000
  234	0000007700000014	0000000000000000	0000000000000000	0000000000000000	0000000000000000
  235	0000000200000025	0000001080069fac	0000000000000000	0000000000000000	0000000000000000
  236	0000007800000014	0000000000000000	0000000000000000	0000000000000000	0000000000000000
  237	0000000200000025	0000001080069fb4	0000000000000000	0000000000000000	0000000000000000
  238	0000007800000014	0000000000000000	0000000000000000	0000000000000000	0000000000000000
  239	0000000200000025	0000001080069fbc	0000000000000000	0000000000000000	0000000000000000
  240	0000007900000014	0000000000000000	0000000000000000	0000000000000000	0000000000000000
  241	0000000200000025	0000001080069fc4	0000000000000000	0000000000000000	0000000000000000
  242	0000007900000014	0000000000000000	0000000000000000	0000000000000000	0000000000000000
  243	0000000200000025	0000001080069fcc	0000000000000000	0000000000000000	0000000000000000
  244	0000007a00000014	0000000000000000	0000000000000000	0000000000000000	0000000000000000
  245	0000000200000025	0000001080069fd4	0000000000000000	0000000000000000	0000000000000000
  246	0000007a00000014	0000000000000000	0000000000000000	0000000000000000	0000000000000000
  247	0000000200000025	0000001080069fdc	0000000000000000	0000000000000000	0000000000000000
  248	0000007b00000014	0000000000000000	0000000000000000	0000000000000000	0000000000000000
  249	0000000200000025	0000001080069fe4	0000000000000000	0000000000000000	0000000000000000
  250	0000007b00000014	0000000000000000	0000000000000000	0000000000000000	0000000000000000
  251	0000000200000025	0000001080069fec	0000000000000000	0000000000000000	0000000000000000
  252	0000007c00000014	0000000000000000	0000000000000000	0000000000000000	0000000000000000
  253	0000000200000025	0000001080069ff4	0000000000000000	0000000000000000	0000000000000000
  254	0000007c00000014	0000000000000000	0000000000000000	0000000000000000	0000000000000000
  255	0000000200000025	0000001080069ffc	0000000000000000	0000000000000000	0000000000000000

Invalidation queue on IOMMU: dmar19
 Base: 0x1080056000	Head: 132	Tail: 132
Index		qw0			qw1			qw2			qw3			status
    0	0000000000000004	0000000000000000	0000000000000000	0000000000000000	0000000000000000
    1	0000000200000025	000000108006c404	0000000000000000	0000000000000000	0000000000000000
    2	0000000100000014	0000000000000000	0000000000000000	0000000000000000	0000000000000000
    3	0000000200000025	000000108006c40c	0000000000000000	0000000000000000	0000000000000000
    4	0000000100000014	0000000000000000	0000000000000000	0000000000000000	0000000000000000
    5	0000000200000025	000000108006c414	0000000000000000	0000000000000000	0000000000000000
    6	0000000800000014	0000000000000000	0000000000000000	0000000000000000	0000000000000000
    7	0000000200000025	000000108006c41c	0000000000000000	0000000000000000	0000000000000000
    8	0000000800000014	0000000000000000	0000000000000000	0000000000000000	0000000000000000
    9	0000000200000025	000000108006c424	0000000000000000	0000000000000000	0000000000000000
   10	0000000000000011	0000000000000000	0000000000000000	0000000000000000	0000000000000000
   11	0000000200000025	000000108006c42c	0000000000000000	0000000000000000	0000000000000000
   12	00000000000000d2	0000000000000000	0000000000000000	0000000000000000	0000000000000000
   13	0000000200000025	000000108006c434	0000000000000000	0000000000000000	0000000000000000
   14	0000001000000014	0000000000000000	0000000000000000	0000000000000000	0000000000000000
   15	0000000200000025	000000108006c43c	0000000000000000	0000000000000000	0000000000000000
   16	0000001000000014	0000000000000000	0000000000000000	0000000000000000	0000000000000000
   17	0000000200000025	000000108006c444	0000000000000000	0000000000000000	0000000000000000
   18	0000001000000014	0000000000000000	0000000000000000	0000000000000000	0000000000000000
   19	0000000200000025	000000108006c44c	0000000000000000	0000000000000000	0000000000000000
   20	0000001100000014	0000000000000000	0000000000000000	0000000000000000	0000000000000000
   21	0000000200000025	000000108006c454	0000000000000000	0000000000000000	0000000000000000
   22	0000001100000014	0000000000000000	0000000000000000	0000000000000000	0000000000000000
   23	0000000200000025	000000108006c45c	0000000000000000	0000000000000000	0000000000000000
   24	0000001100000014	0000000000000000	0000000000000000	0000000000000000	0000000000000000
   25	0000000200000025	000000108006c464	0000000000000000	0000000000000000	0000000000000000
   26	0000001800000014	0000000000000000	0000000000000000	0000000000000000	0000000000000000
   27	0000000200000025	000000108006c46c	0000000000000000	0000000000000000	0000000000000000
   28	0000001900000014	0000000000000000	0000000000000000	0000000000000000	0000000000000000
   29	0000000200000025	000000108006c474	0000000000000000	0000000000000000	0000000000000000
   30	0000001a00000014	0000000000000000	0000000000000000	0000000000000000	0000000000000000
   31	0000000200000025	000000108006c47c	0000000000000000	0000000000000000	0000000000000000
   32	0000001b00000014	0000000000000000	0000000000000000	0000000000000000	0000000000000000
   33	0000000200000025	000000108006c484	0000000000000000	0000000000000000	0000000000000000
   34	0000001c00000014	0000000000000000	0000000000000000	0000000000000000	0000000000000000
   35	0000000200000025	000000108006c48c	0000000000000000	0000000000000000	0000000000000000
   36	0000001d00000014	0000000000000000	0000000000000000	0000000000000000	0000000000000000
   37	0000000200000025	000000108006c494	0000000000000000	0000000000000000	0000000000000000
   38	0000001e00000014	0000000000000000	0000000000000000	0000000000000000	0000000000000000
   39	0000000200000025	000000108006c49c	0000000000000000	0000000000000000	0000000000000000
   40	0000001f00000014	0000000000000000	0000000000000000	0000000000000000	0000000000000000
   41	0000000200000025	000000108006c4a4	0000000000000000	0000000000000000	0000000000000000
   42	0000001800000014	0000000000000000	0000000000000000	0000000000000000	0000000000000000
   43	0000000200000025	000000108006c4ac	0000000000000000	0000000000000000	0000000000000000
   44	0000000700000014	0000000000000000	0000000000000000	0000000000000000	0000000000000000
   45	0000000200000025	000000108006c4b4	0000000000000000	0000000000000000	0000000000000000
   46	0000000700000014	0000000000000000	0000000000000000	0000000000000000	0000000000000000
   47	0000000200000025	000000108006c4bc	0000000000000000	0000000000000000	0000000000000000
   48	0000000d00000014	0000000000000000	0000000000000000	0000000000000000	0000000000000000
   49	0000000200000025	000000108006c4c4	0000000000000000	0000000000000000	0000000000000000
   50	0000000d00000014	0000000000000000	0000000000000000	0000000000000000	0000000000000000
   51	0000000200000025	000000108006c4cc	0000000000000000	0000000000000000	0000000000000000
   52	0000001500000014	0000000000000000	0000000000000000	0000000000000000	0000000000000000
   53	0000000200000025	000000108006c4d4	0000000000000000	0000000000000000	0000000000000000
   54	0000001500000014	0000000000000000	0000000000000000	0000000000000000	0000000000000000
   55	0000000200000025	000000108006c4dc	0000000000000000	0000000000000000	0000000000000000
   56	0000001600000014	0000000000000000	0000000000000000	0000000000000000	0000000000000000
   57	0000000200000025	000000108006c4e4	0000000000000000	0000000000000000	0000000000000000
   58	0000001600000014	0000000000000000	0000000000000000	0000000000000000	0000000000000000
   59	0000000200000025	000000108006c4ec	0000000000000000	0000000000000000	0000000000000000
   60	0000001700000014	0000000000000000	0000000000000000	0000000000000000	0000000000000000
   61	0000000200000025	000000108006c4f4	0000000000000000	0000000000000000	0000000000000000
   62	0000001700000014	0000000000000000	0000000000000000	0000000000000000	0000000000000000
   63	0000000200000025	000000108006c4fc	0000000000000000	0000000000000000	0000000000000000
   64	0000000300000014	0000000000000000	0000000000000000	0000000000000000	0000000000000000
   65	0000000200000025	000000108006c504	0000000000000000	0000000000000000	0000000000000000
   66	0000000300000014	0000000000000000	0000000000000000	0000000000000000	0000000000000000
   67	0000000200000025	000000108006c50c	0000000000000000	0000000000000000	0000000000000000
   68	0000002000000014	0000000000000000	0000000000000000	0000000000000000	0000000000000000
   69	0000000200000025	000000108006c514	0000000000000000	0000000000000000	0000000000000000
   70	0000002000000014	0000000000000000	0000000000000000	0000000000000000	0000000000000000
   71	0000000200000025	000000108006c51c	0000000000000000	0000000000000000	0000000000000000
   72	0000002000000014	0000000000000000	0000000000000000	0000000000000000	0000000000000000
   73	0000000200000025	000000108006c524	0000000000000000	0000000000000000	0000000000000000
   74	0000000f00000014	0000000000000000	0000000000000000	0000000000000000	0000000000000000
   75	0000000200000025	000000108006c52c	0000000000000000	0000000000000000	0000000000000000
   76	0000000f00000014	0000000000000000	0000000000000000	0000000000000000	0000000000000000
   77	0000000200000025	000000108006c534	0000000000000000	0000000000000000	0000000000000000
   78	0000001500000014	0000000000000000	0000000000000000	0000000000000000	0000000000000000
   79	0000000200000025	000000108006c53c	0000000000000000	0000000000000000	0000000000000000
   80	0000000f00000014	0000000000000000	0000000000000000	0000000000000000	0000000000000000
   81	0000000200000025	000000108006c544	0000000000000000	0000000000000000	0000000000000000
   82	0000001000000014	0000000000000000	0000000000000000	0000000000000000	0000000000000000
   83	0000000200000025	000000108006c54c	0000000000000000	0000000000000000	0000000000000000
   84	0000001700000014	0000000000000000	0000000000000000	0000000000000000	0000000000000000
   85	0000000200000025	000000108006c554	0000000000000000	0000000000000000	0000000000000000
   86	0000001100000014	0000000000000000	0000000000000000	0000000000000000	0000000000000000
   87	0000000200000025	000000108006c55c	0000000000000000	0000000000000000	0000000000000000
   88	0000002000000014	0000000000000000	0000000000000000	0000000000000000	0000000000000000
   89	0000000200000025	000000108006c564	0000000000000000	0000000000000000	0000000000000000
   90	0000001600000014	0000000000000000	0000000000000000	0000000000000000	0000000000000000
   91	0000000200000025	000000108006c56c	0000000000000000	0000000000000000	0000000000000000
   92	0000001800000014	0000000000000000	0000000000000000	0000000000000000	0000000000000000
   93	0000000200000025	000000108006c574	0000000000000000	0000000000000000	0000000000000000
   94	0000000300000014	0000000000000000	0000000000000000	0000000000000000	0000000000000000
   95	0000000200000025	000000108006c57c	0000000000000000	0000000000000000	0000000000000000
   96	0000000700000014	0000000000000000	0000000000000000	0000000000000000	0000000000000000
   97	0000000200000025	000000108006c584	0000000000000000	0000000000000000	0000000000000000
   98	0000000800000014	0000000000000000	0000000000000000	0000000000000000	0000000000000000
   99	0000000200000025	000000108006c58c	0000000000000000	0000000000000000	0000000000000000
  100	0000000d00000014	0000000000000000	0000000000000000	0000000000000000	0000000000000000
  101	0000000200000025	000000108006c594	0000000000000000	0000000000000000	0000000000000000
  102	0000000300000014	0000000000000000	0000000000000000	0000000000000000	0000000000000000
  103	0000000200000025	000000108006c59c	0000000000000000	0000000000000000	0000000000000000
  104	0000000300000014	0000000000000000	0000000000000000	0000000000000000	0000000000000000
  105	0000000200000025	000000108006c5a4	0000000000000000	0000000000000000	0000000000000000
  106	0000000300000014	0000000000000000	0000000000000000	0000000000000000	0000000000000000
  107	0000000200000025	000000108006c5ac	0000000000000000	0000000000000000	0000000000000000
  108	0000001500000014	0000000000000000	0000000000000000	0000000000000000	0000000000000000
  109	0000000200000025	000000108006c5b4	0000000000000000	0000000000000000	0000000000000000
  110	0000000f00000014	0000000000000000	0000000000000000	0000000000000000	0000000000000000
  111	0000000200000025	000000108006c5bc	0000000000000000	0000000000000000	0000000000000000
  112	0000001700000014	0000000000000000	0000000000000000	0000000000000000	0000000000000000
  113	0000000200000025	000000108006c5c4	0000000000000000	0000000000000000	0000000000000000
  114	0000001100000014	0000000000000000	0000000000000000	0000000000000000	0000000000000000
  115	0000000200000025	000000108006c5cc	0000000000000000	0000000000000000	0000000000000000
  116	0000001600000014	0000000000000000	0000000000000000	0000000000000000	0000000000000000
  117	0000000200000025	000000108006c5d4	0000000000000000	0000000000000000	0000000000000000
  118	0000001800000014	0000000000000000	0000000000000000	0000000000000000	0000000000000000
  119	0000000200000025	000000108006c5dc	0000000000000000	0000000000000000	0000000000000000
  120	0000001500000014	0000000000000000	0000000000000000	0000000000000000	0000000000000000
  121	0000000200000025	000000108006c5e4	0000000000000000	0000000000000000	0000000000000000
  122	0000000f00000014	0000000000000000	0000000000000000	0000000000000000	0000000000000000
  123	0000000200000025	000000108006c5ec	0000000000000000	0000000000000000	0000000000000000
  124	0000001700000014	0000000000000000	0000000000000000	0000000000000000	0000000000000000
  125	0000000200000025	000000108006c5f4	0000000000000000	0000000000000000	0000000000000000
  126	0000001100000014	0000000000000000	0000000000000000	0000000000000000	0000000000000000
  127	0000000200000025	000000108006c5fc	0000000000000000	0000000000000000	0000000000000000
  128	0000001600000014	0000000000000000	0000000000000000	0000000000000000	0000000000000000
  129	0000000200000025	000000108006c604	0000000000000000	0000000000000000	0000000000000000
  130	0000001800000014	0000000000000000	0000000000000000	0000000000000000	0000000000000000
  131	0000000200000025	000000108006c60c	0000000000000000	0000000000000000	0000000000000000
  132	0000000000000000	0000000000000000	0000000000000000	0000000000000000	0000000000000000
  133	0000000000000000	0000000000000000	0000000000000000	0000000000000000	0000000000000000
  134	0000000000000000	0000000000000000	0000000000000000	0000000000000000	0000000000000000
  135	0000000000000000	0000000000000000	0000000000000000	0000000000000000	0000000000000000
  136	0000000000000000	0000000000000000	0000000000000000	0000000000000000	0000000000000000
  137	0000000000000000	0000000000000000	0000000000000000	0000000000000000	0000000000000000
  138	0000000000000000	0000000000000000	0000000000000000	0000000000000000	0000000000000000
  139	0000000000000000	0000000000000000	0000000000000000	0000000000000000	0000000000000000
  140	0000000000000000	0000000000000000	0000000000000000	0000000000000000	0000000000000000
  141	0000000000000000	0000000000000000	0000000000000000	0000000000000000	0000000000000000
  142	0000000000000000	0000000000000000	0000000000000000	0000000000000000	0000000000000000
  143	0000000000000000	0000000000000000	0000000000000000	0000000000000000	0000000000000000
  144	0000000000000000	0000000000000000	0000000000000000	0000000000000000	0000000000000000
  145	0000000000000000	0000000000000000	0000000000000000	0000000000000000	0000000000000000
  146	0000000000000000	0000000000000000	0000000000000000	0000000000000000	0000000000000000
  147	0000000000000000	0000000000000000	0000000000000000	0000000000000000	0000000000000000
  148	0000000000000000	0000000000000000	0000000000000000	0000000000000000	0000000000000000
  149	0000000000000000	0000000000000000	0000000000000000	0000000000000000	0000000000000000
  150	0000000000000000	0000000000000000	0000000000000000	0000000000000000	0000000000000000
  151	0000000000000000	0000000000000000	0000000000000000	0000000000000000	0000000000000000
  152	0000000000000000	0000000000000000	0000000000000000	0000000000000000	0000000000000000
  153	0000000000000000	0000000000000000	0000000000000000	0000000000000000	0000000000000000
  154	0000000000000000	0000000000000000	0000000000000000	0000000000000000	0000000000000000
  155	0000000000000000	0000000000000000	0000000000000000	0000000000000000	0000000000000000
  156	0000000000000000	0000000000000000	0000000000000000	0000000000000000	0000000000000000
  157	0000000000000000	0000000000000000	0000000000000000	0000000000000000	0000000000000000
  158	0000000000000000	0000000000000000	0000000000000000	0000000000000000	0000000000000000
  159	0000000000000000	0000000000000000	0000000000000000	0000000000000000	0000000000000000
  160	0000000000000000	0000000000000000	0000000000000000	0000000000000000	0000000000000000
  161	0000000000000000	0000000000000000	0000000000000000	0000000000000000	0000000000000000
  162	0000000000000000	0000000000000000	0000000000000000	0000000000000000	0000000000000000
  163	0000000000000000	0000000000000000	0000000000000000	0000000000000000	0000000000000000
  164	0000000000000000	0000000000000000	0000000000000000	0000000000000000	0000000000000000
  165	0000000000000000	0000000000000000	0000000000000000	0000000000000000	0000000000000000
  166	0000000000000000	0000000000000000	0000000000000000	0000000000000000	0000000000000000
  167	0000000000000000	0000000000000000	0000000000000000	0000000000000000	0000000000000000
  168	0000000000000000	0000000000000000	0000000000000000	0000000000000000	0000000000000000
  169	0000000000000000	0000000000000000	0000000000000000	0000000000000000	0000000000000000
  170	0000000000000000	0000000000000000	0000000000000000	0000000000000000	0000000000000000
  171	0000000000000000	0000000000000000	0000000000000000	0000000000000000	0000000000000000
  172	0000000000000000	0000000000000000	0000000000000000	0000000000000000	0000000000000000
  173	0000000000000000	0000000000000000	0000000000000000	0000000000000000	0000000000000000
  174	0000000000000000	0000000000000000	0000000000000000	0000000000000000	0000000000000000
  175	0000000000000000	0000000000000000	0000000000000000	0000000000000000	0000000000000000
  176	0000000000000000	0000000000000000	0000000000000000	0000000000000000	0000000000000000
  177	0000000000000000	0000000000000000	0000000000000000	0000000000000000	0000000000000000
  178	0000000000000000	0000000000000000	0000000000000000	0000000000000000	0000000000000000
  179	0000000000000000	0000000000000000	0000000000000000	0000000000000000	0000000000000000
  180	0000000000000000	0000000000000000	0000000000000000	0000000000000000	0000000000000000
  181	0000000000000000	0000000000000000	0000000000000000	0000000000000000	0000000000000000
  182	0000000000000000	0000000000000000	0000000000000000	0000000000000000	0000000000000000
  183	0000000000000000	0000000000000000	0000000000000000	0000000000000000	0000000000000000
  184	0000000000000000	0000000000000000	0000000000000000	0000000000000000	0000000000000000
  185	0000000000000000	0000000000000000	0000000000000000	0000000000000000	0000000000000000
  186	0000000000000000	0000000000000000	0000000000000000	0000000000000000	0000000000000000
  187	0000000000000000	0000000000000000	0000000000000000	0000000000000000	0000000000000000
  188	0000000000000000	0000000000000000	0000000000000000	0000000000000000	0000000000000000
  189	0000000000000000	0000000000000000	0000000000000000	0000000000000000	0000000000000000
  190	0000000000000000	0000000000000000	0000000000000000	0000000000000000	0000000000000000
  191	0000000000000000	0000000000000000	0000000000000000	0000000000000000	0000000000000000
  192	0000000000000000	0000000000000000	0000000000000000	0000000000000000	0000000000000000
  193	0000000000000000	0000000000000000	0000000000000000	0000000000000000	0000000000000000
  194	0000000000000000	0000000000000000	0000000000000000	0000000000000000	0000000000000000
  195	0000000000000000	0000000000000000	0000000000000000	0000000000000000	0000000000000000
  196	0000000000000000	0000000000000000	0000000000000000	0000000000000000	0000000000000000
  197	0000000000000000	0000000000000000	0000000000000000	0000000000000000	0000000000000000
  198	0000000000000000	0000000000000000	0000000000000000	0000000000000000	0000000000000000
  199	0000000000000000	0000000000000000	0000000000000000	0000000000000000	0000000000000000
  200	0000000000000000	0000000000000000	0000000000000000	0000000000000000	0000000000000000
  201	0000000000000000	0000000000000000	0000000000000000	0000000000000000	0000000000000000
  202	0000000000000000	0000000000000000	0000000000000000	0000000000000000	0000000000000000
  203	0000000000000000	0000000000000000	0000000000000000	0000000000000000	0000000000000000
  204	0000000000000000	0000000000000000	0000000000000000	0000000000000000	0000000000000000
  205	0000000000000000	0000000000000000	0000000000000000	0000000000000000	0000000000000000
  206	0000000000000000	0000000000000000	0000000000000000	0000000000000000	0000000000000000
  207	0000000000000000	0000000000000000	0000000000000000	0000000000000000	0000000000000000
  208	0000000000000000	0000000000000000	0000000000000000	0000000000000000	0000000000000000
  209	0000000000000000	0000000000000000	0000000000000000	0000000000000000	0000000000000000
  210	0000000000000000	0000000000000000	0000000000000000	0000000000000000	0000000000000000
  211	0000000000000000	0000000000000000	0000000000000000	0000000000000000	0000000000000000
  212	0000000000000000	0000000000000000	0000000000000000	0000000000000000	0000000000000000
  213	0000000000000000	0000000000000000	0000000000000000	0000000000000000	0000000000000000
  214	0000000000000000	0000000000000000	0000000000000000	0000000000000000	0000000000000000
  215	0000000000000000	0000000000000000	0000000000000000	0000000000000000	0000000000000000
  216	0000000000000000	0000000000000000	0000000000000000	0000000000000000	0000000000000000
  217	0000000000000000	0000000000000000	0000000000000000	0000000000000000	0000000000000000
  218	0000000000000000	0000000000000000	0000000000000000	0000000000000000	0000000000000000
  219	0000000000000000	0000000000000000	0000000000000000	0000000000000000	0000000000000000
  220	0000000000000000	0000000000000000	0000000000000000	0000000000000000	0000000000000000
  221	0000000000000000	0000000000000000	0000000000000000	0000000000000000	0000000000000000
  222	0000000000000000	0000000000000000	0000000000000000	0000000000000000	0000000000000000
  223	0000000000000000	0000000000000000	0000000000000000	0000000000000000	0000000000000000
  224	0000000000000000	0000000000000000	0000000000000000	0000000000000000	0000000000000000
  225	0000000000000000	0000000000000000	0000000000000000	0000000000000000	0000000000000000
  226	0000000000000000	0000000000000000	0000000000000000	0000000000000000	0000000000000000
  227	0000000000000000	0000000000000000	0000000000000000	0000000000000000	0000000000000000
  228	0000000000000000	0000000000000000	0000000000000000	0000000000000000	0000000000000000
  229	0000000000000000	0000000000000000	0000000000000000	0000000000000000	0000000000000000
  230	0000000000000000	0000000000000000	0000000000000000	0000000000000000	0000000000000000
  231	0000000000000000	0000000000000000	0000000000000000	0000000000000000	0000000000000000
  232	0000000000000000	0000000000000000	0000000000000000	0000000000000000	0000000000000000
  233	0000000000000000	0000000000000000	0000000000000000	0000000000000000	0000000000000000
  234	0000000000000000	0000000000000000	0000000000000000	0000000000000000	0000000000000000
  235	0000000000000000	0000000000000000	0000000000000000	0000000000000000	0000000000000000
  236	0000000000000000	0000000000000000	0000000000000000	0000000000000000	0000000000000000
  237	0000000000000000	0000000000000000	0000000000000000	0000000000000000	0000000000000000
  238	0000000000000000	0000000000000000	0000000000000000	0000000000000000	0000000000000000
  239	0000000000000000	0000000000000000	0000000000000000	0000000000000000	0000000000000000
  240	0000000000000000	0000000000000000	0000000000000000	0000000000000000	0000000000000000
  241	0000000000000000	0000000000000000	0000000000000000	0000000000000000	0000000000000000
  242	0000000000000000	0000000000000000	0000000000000000	0000000000000000	0000000000000000
  243	0000000000000000	0000000000000000	0000000000000000	0000000000000000	0000000000000000
  244	0000000000000000	0000000000000000	0000000000000000	0000000000000000	0000000000000000
  245	0000000000000000	0000000000000000	0000000000000000	0000000000000000	0000000000000000
  246	0000000000000000	0000000000000000	0000000000000000	0000000000000000	0000000000000000
  247	0000000000000000	0000000000000000	0000000000000000	0000000000000000	0000000000000000
  248	0000000000000000	0000000000000000	0000000000000000	0000000000000000	0000000000000000
  249	0000000000000000	0000000000000000	0000000000000000	0000000000000000	0000000000000000
  250	0000000000000000	0000000000000000	0000000000000000	0000000000000000	0000000000000000
  251	0000000000000000	0000000000000000	0000000000000000	0000000000000000	0000000000000000
  252	0000000000000000	0000000000000000	0000000000000000	0000000000000000	0000000000000000
  253	0000000000000000	0000000000000000	0000000000000000	0000000000000000	0000000000000000
  254	0000000000000000	0000000000000000	0000000000000000	0000000000000000	0000000000000000
  255	0000000000000000	0000000000000000	0000000000000000	0000000000000000	0000000000000000

